window_id,window_start,window_end,claim_count,gx_failure_count,anomaly_score,anomaly_frequency,affected_claim_pct,volume_deviation,amount_deviation,historical_quality_failure_rate,investigation_risk_indicator,investigation_risk_label
2015-02-25,2015-02-25,2015-02-25,1,6,0.0,0.0,0.0,0.0,13527.377733613472,33.799887066859135,0.008385894314952583,1
2015-02-26,2015-02-26,2015-02-26,0,6,0.0,0.0,0.0,0.0,0.0,33.799887066859135,0.0,0
2015-02-27,2015-02-27,2015-02-27,0,6,0.0,0.0,0.0,0.0,0.0,33.799887066859135,0.0,0
2015-02-28,2015-02-28,2015-02-28,0,6,0.0,0.0,0.0,0.0,0.0,33.799887066859135,0.0,0
2015-03-01,2015-03-01,2015-03-01,0,6,0.0,0.0,0.0,0.0,0.0,33.799887066859135,0.0,0
2015-03-02,2015-03-02,2015-03-02,2,6,0.0,0.0,0.0,0.0,13513.057733613472,33.799887066859135,0.008377017058106881,1
2015-03-03,2015-03-03,2015-03-03,0,6,0.0,0.0,0.0,0.0,0.0,33.799887066859135,0.0,0
2015-03-04,2015-03-04,2015-03-04,1,6,0.0,0.0,0.0,0.0,13473.307733613472,33.799887066859135,0.008352375231318007,1
2015-03-05,2015-03-05,2015-03-05,0,6,0.0,0.0,0.0,0.0,0.0,33.799887066859135,0.0,0
2015-03-06,2015-03-06,2015-03-06,0,6,0.0,0.0,0.0,0.0,0.0,33.799887066859135,0.0,0
2015-03-07,2015-03-07,2015-03-07,12,6,0.0,0.0,0.0,0.0,91115.38226638651,33.799887066859135,0.05648426333610762,1
2015-03-08,2015-03-08,2015-03-08,2,6,0.0,0.0,0.0,0.0,33926.292266386525,33.799887066859135,0.021031592896024902,1
2015-03-09,2015-03-09,2015-03-09,16,6,0.0,0.0,0.0,0.0,11825.789608613472,33.799887066859135,0.007331045513889595,0
2015-03-10,2015-03-10,2015-03-10,3,6,0.0,0.0,0.0,0.0,13493.511066946805,33.799887066859135,0.00836489968516852,1
2015-03-11,2015-03-11,2015-03-11,5,6,0.0,0.0,0.0,0.0,3838.365733613471,33.799887066859135,0.002379480341133331,0
2015-03-12,2015-03-12,2015-03-12,5,6,0.0,0.0,0.0,0.0,8164.436125512348,33.799887066859135,0.005061298637325671,0
2015-03-13,2015-03-13,2015-03-13,5,6,0.0,0.0,0.0,0.0,13022.323733613472,33.799887066859135,0.00807280115301478,1
2015-03-14,2015-03-14,2015-03-14,9,6,0.0,0.0,0.0,0.0,6252.979955835693,33.799887066859135,0.0038763484021635216,0
2015-03-15,2015-03-15,2015-03-15,32,6,0.0,0.0,0.0,0.0,43624.89070388653,33.799887066859135,0.027043949695816416,1
2015-03-16,2015-03-16,2015-03-16,15,6,0.0,0.0,0.0,0.0,4896.399733613473,33.799887066859135,0.0030353769591141824,0
2015-03-17,2015-03-17,2015-03-17,23,6,0.0,0.0,0.0,0.0,11630.227733613472,33.799887066859135,0.007209812762939726,0
2015-03-18,2015-03-18,2015-03-18,5,6,0.0,0.0,0.0,0.0,7370.583733613472,33.799887066859135,0.004569173526958252,0
2015-03-19,2015-03-19,2015-03-19,17,6,0.0,0.0,0.0,0.0,12035.176557142884,33.799887066859135,0.0074608487067829915,0
2015-03-20,2015-03-20,2015-03-20,20,6,0.0,0.0,0.0,0.0,8291.066233613472,33.799887066859135,0.005139799195566783,0
2015-03-21,2015-03-21,2015-03-21,26,6,0.0,0.0,0.0,0.0,6555.475810536549,33.799887066859135,0.004063871684072721,0
2015-03-22,2015-03-22,2015-03-22,21,6,0.0,0.0,0.0,0.0,11600.196305042044,33.799887066859135,0.007191195674610681,0
2015-03-23,2015-03-23,2015-03-23,13,6,0.0,0.0,0.0,0.0,8716.356195151933,33.799887066859135,0.005403445021158667,0
2015-03-24,2015-03-24,2015-03-24,9,6,0.0,0.0,0.0,0.0,10966.876622502361,33.799887066859135,0.006798588028846477,0
2015-03-25,2015-03-25,2015-03-25,15,6,0.0,0.0,0.0,0.0,2398.637874487652,33.799887066859135,0.001486964000813988,0
2015-03-26,2015-03-26,2015-03-26,17,6,0.0,0.0,0.0,0.0,8193.634792437002,33.799887066859135,0.0050793994799124215,0
2015-03-27,2015-03-27,2015-03-27,9,6,0.0,0.0,0.0,0.0,5564.1321780579165,33.799887066859135,0.0034493177701157163,0
2015-03-28,2015-03-28,2015-03-28,7,6,0.0,0.0,0.0,0.0,6850.073447899186,33.799887066859135,0.0042464987017406825,0
2015-03-29,2015-03-29,2015-03-29,9,6,0.0,0.0,0.0,0.0,11877.558844724583,33.799887066859135,0.007363138307581226,0
2015-03-30,2015-03-30,2015-03-30,18,6,0.0,0.0,0.0,0.0,11468.132733613471,33.799887066859135,0.00710932680285564,0
2015-03-31,2015-03-31,2015-03-31,11,6,0.0,0.0,0.0,0.0,12167.192279068018,33.799887066859135,0.007542687915665688,0
2015-04-01,2015-04-01,2015-04-01,12,6,0.0,0.0,0.0,0.0,6917.397733613471,33.799887066859135,0.004288234384438947,0
2015-04-02,2015-04-02,2015-04-02,30,6,0.0,0.0,0.0,0.0,12020.549733613472,33.799887066859135,0.007451781243842534,0
2015-04-03,2015-04-03,2015-04-03,2,6,0.0,0.0,0.0,0.0,57408.20226638652,33.799887066859135,0.035588502553683087,1
2015-04-04,2015-04-04,2015-04-04,15,6,0.0,0.0,0.0,0.0,8847.087066946806,33.799887066859135,0.005484487725529174,0
2015-04-05,2015-04-05,2015-04-05,14,6,0.0,0.0,0.0,0.0,22218.9108378151,33.799887066859135,0.013773951001329818,1
2015-04-06,2015-04-06,2015-04-06,3,6,0.0,0.0,0.0,0.0,6357.069796610753,33.799887066859135,0.003940875794034225,0
2015-04-07,2015-04-07,2015-04-07,21,6,0.0,0.0,0.0,0.0,12552.043447899187,33.799887066859135,0.007781264917975955,1
2015-04-08,2015-04-08,2015-04-08,11,6,0.0,0.0,0.0,0.0,11155.177733613471,33.799887066859135,0.006915319685806285,0
2015-04-09,2015-04-09,2015-04-09,7,6,0.0,0.0,0.0,0.0,12324.6791621849,33.799887066859135,0.007640317211144576,1
2015-04-10,2015-04-10,2015-04-10,14,6,0.0,0.0,0.0,0.0,12223.9341621849,33.799887066859135,0.007577863353538411,0
2015-04-11,2015-04-11,2015-04-11,10,6,0.0,0.0,0.0,0.0,6833.653733613472,33.799887066859135,0.004236319789656371,0
2015-04-12,2015-04-12,2015-04-12,9,6,0.0,0.0,0.0,0.0,11800.44551139125,33.799887066859135,0.007315334196811095,0
2015-04-13,2015-04-13,2015-04-13,8,6,0.0,0.0,0.0,0.0,11770.060233613473,33.799887066859135,0.0072964977502216165,0
2015-04-14,2015-04-14,2015-04-14,23,6,0.0,0.0,0.0,0.0,10130.380342309123,33.799887066859135,0.006280027111964498,0
2015-04-15,2015-04-15,2015-04-15,2,6,0.0,0.0,0.0,0.0,13373.727733613472,33.799887066859135,0.008290643580710811,1
2015-04-16,2015-04-16,2015-04-16,12,6,0.0,0.0,0.0,0.0,9768.827733613472,33.799887066859135,0.006055893357032586,0
2015-04-17,2015-04-17,2015-04-17,5,6,0.0,0.0,0.0,0.0,11738.119733613472,33.799887066859135,0.007276697190006522,0
2015-04-18,2015-04-18,2015-04-18,15,6,0.0,0.0,0.0,0.0,12515.120400280139,33.799887066859135,0.007758375575989896,1
2015-04-19,2015-04-19,2015-04-19,3,6,0.0,0.0,0.0,0.0,13072.081066946805,33.799887066859135,0.0081036467275928,1
2015-04-20,2015-04-20,2015-04-20,20,6,0.0,0.0,0.0,0.0,7912.209733613472,33.799887066859135,0.004904938409382159,0
2015-04-21,2015-04-21,2015-04-21,23,6,0.0,0.0,0.0,0.0,20721.77588356728,33.799887066859135,0.012845846844797929,1
2015-04-22,2015-04-22,2015-04-22,19,6,0.0,0.0,0.0,0.0,16052.856638716017,33.799887066859135,0.009951489629128443,1
2015-04-23,2015-04-23,2015-04-23,9,6,0.0,0.0,0.0,0.0,7265.467733613472,33.799887066859135,0.004504009998285568,0
2015-04-24,2015-04-24,2015-04-24,10,6,0.0,0.0,0.0,0.0,2732.677874487652,33.799887066859135,0.0016940421346644348,0
2015-04-25,2015-04-25,2015-04-25,6,6,0.0,0.0,0.0,0.0,13145.727733613472,33.799887066859135,0.00814930178177086,1
2015-04-26,2015-04-26,2015-04-26,22,6,0.0,0.0,0.0,0.0,87598.0495391138,33.799887066859135,0.05430379783109404,1
2015-04-27,2015-04-27,2015-04-27,14,6,0.0,0.0,0.0,0.0,21989.33083781509,33.799887066859135,0.013631629728520013,1
2015-04-28,2015-04-28,2015-04-28,9,6,0.0,0.0,0.0,0.0,6392.071066946804,33.799887066859135,0.003962573787518791,0
2015-04-29,2015-04-29,2015-04-29,7,6,0.0,0.0,0.0,0.0,12779.273447899186,33.799887066859135,0.0079221293783844,1
2015-04-30,2015-04-30,2015-04-30,18,6,0.0,0.0,0.0,0.0,6111.823289169028,33.799887066859135,0.00378884253725548,0
2015-05-01,2015-05-01,2015-05-01,6,6,0.0,0.0,0.0,0.0,10119.059400280139,33.799887066859135,0.006273009031648395,0
2015-05-02,2015-05-02,2015-05-02,29,6,0.0,0.0,0.0,0.0,12471.678078441058,33.799887066859135,0.007731444804415931,1
2015-05-03,2015-05-03,2015-05-03,20,6,0.0,0.0,0.0,0.0,7951.666233613472,33.799887066859135,0.004929398289600906,0
2015-05-04,2015-05-04,2015-05-04,15,6,0.0,0.0,0.0,0.0,5882.477733613471,33.799887066859135,0.00364666660128572,0
2015-05-05,2015-05-05,2015-05-05,18,6,0.0,0.0,0.0,0.0,12984.323844724584,33.799887066859135,0.008049244255404809,1
2015-05-06,2015-05-06,2015-05-06,10,6,0.0,0.0,0.0,0.0,12590.352733613472,33.799887066859135,0.00780501361691877,1
2015-05-07,2015-05-07,2015-05-07,3,6,0.0,0.0,0.0,0.0,13508.911066946805,33.799887066859135,0.008374446455798674,1
2015-05-08,2015-05-08,2015-05-08,4,6,0.0,0.0,0.0,0.0,12895.567733613472,33.799887066859135,0.007994222551846217,1
2015-05-09,2015-05-09,2015-05-09,7,6,0.0,0.0,0.0,0.0,12715.1591621849,33.799887066859135,0.00788238363943437,1
2015-05-10,2015-05-10,2015-05-10,13,6,0.0,0.0,0.0,0.0,5426.38619515193,33.799887066859135,0.003363926256867102,0
2015-05-11,2015-05-11,2015-05-11,21,6,0.0,0.0,0.0,0.0,8763.686305042043,33.799887066859135,0.005432785910965219,0
2015-05-12,2015-05-12,2015-05-12,13,6,0.0,0.0,0.0,0.0,12566.266195151933,33.799887066859135,0.007790081885881971,1
2015-05-13,2015-05-13,2015-05-13,21,6,0.0,0.0,0.0,0.0,12010.901066946804,33.799887066859135,0.007445799840754646,0
2015-05-14,2015-05-14,2015-05-14,13,6,0.0,0.0,0.0,0.0,9969.99773361347,33.799887066859135,0.006180602697790262,0
2015-05-15,2015-05-15,2015-05-15,3,6,0.0,0.0,0.0,0.0,6904.894400280139,33.799887066859135,0.004280483315903512,0
2015-05-16,2015-05-16,2015-05-16,22,6,0.0,0.0,0.0,0.0,12431.203642704382,33.799887066859135,0.007706353885301451,1
2015-05-17,2015-05-17,2015-05-17,12,6,0.0,0.0,0.0,0.0,11908.468566946805,33.799887066859135,0.007382299867860275,0
2015-05-18,2015-05-18,2015-05-18,20,6,0.0,0.0,0.0,0.0,11628.878733613472,33.799887066859135,0.007208976490629331,0
2015-05-19,2015-05-19,2015-05-19,30,6,0.0,0.0,0.0,0.0,12261.032400280139,33.799887066859135,0.007600861299634393,0
2015-05-20,2015-05-20,2015-05-20,10,6,0.0,0.0,0.0,0.0,11710.081733613471,33.799887066859135,0.007259315868257932,0
2015-05-21,2015-05-21,2015-05-21,22,6,0.0,0.0,0.0,0.0,10307.821369977108,33.799887066859135,0.006390026384141458,0
2015-05-22,2015-05-22,2015-05-22,5,6,0.0,0.0,0.0,0.0,10073.297733613472,33.799887066859135,0.006244640451432793,0
2015-05-23,2015-05-23,2015-05-23,13,6,0.0,0.0,0.0,0.0,12621.192348998087,33.799887066859135,0.007824131716555075,1
2015-05-24,2015-05-24,2015-05-24,14,6,0.0,0.0,0.0,0.0,10931.85559075633,33.799887066859135,0.006776877784865261,0
2015-05-25,2015-05-25,2015-05-25,17,6,0.0,0.0,0.0,0.0,3630.4642042017076,33.799887066859135,0.0022505979895130405,0
2015-05-26,2015-05-26,2015-05-26,9,6,0.0,0.0,0.0,0.0,7459.163289169027,33.799887066859135,0.004624085780166689,0
2015-05-27,2015-05-27,2015-05-27,2,6,0.0,0.0,0.0,0.0,12270.932733613472,33.799887066859135,0.007606998715965263,0
2015-05-28,2015-05-28,2015-05-28,19,6,0.0,0.0,0.0,0.0,9332.863523087155,33.799887066859135,0.005785630349185104,0
2015-05-29,2015-05-29,2015-05-29,14,6,0.0,0.0,0.0,0.0,1678.310203389247,33.799887066859135,0.0010404183479224304,0
2015-05-30,2015-05-30,2015-05-30,16,6,0.0,0.0,0.0,0.0,11680.012733613472,33.799887066859135,0.0072406754886424705,0
2015-05-31,2015-05-31,2015-05-31,9,6,0.0,0.0,0.0,0.0,11816.387733613472,33.799887066859135,0.0073252171019338565,0
2015-06-01,2015-06-01,2015-06-01,4,6,0.0,0.0,0.0,0.0,13265.990233613473,33.799887066859135,0.008223854931310405,1
2015-06-02,2015-06-02,2015-06-02,17,6,0.0,0.0,0.0,0.0,4389.800086554647,33.799887066859135,0.0027213256193876936,0
2015-06-03,2015-06-03,2015-06-03,15,6,0.0,0.0,0.0,0.0,11677.421066946805,33.799887066859135,0.007239068862199841,0
2015-06-04,2015-06-04,2015-06-04,7,6,0.0,0.0,0.0,0.0,1540.523060532104,33.799887066859135,0.0009550013187898653,0
2015-06-05,2015-06-05,2015-06-05,7,6,0.0,0.0,0.0,0.0,9173.49059075633,33.799887066859135,0.005686831853755393,0
2015-06-06,2015-06-06,2015-06-06,19,6,0.0,0.0,0.0,0.0,11250.87825992926,33.799887066859135,0.006974646372424591,0
2015-06-07,2015-06-07,2015-06-07,2,6,0.0,0.0,0.0,0.0,7985.577733613472,33.799887066859135,0.0049504207124726265,0
2015-06-08,2015-06-08,2015-06-08,22,6,0.0,0.0,0.0,0.0,10220.22955179529,33.799887066859135,0.006335726449254443,0
2015-06-09,2015-06-09,2015-06-09,10,6,0.0,0.0,0.0,0.0,12518.417733613473,33.799887066859135,0.007760419659433045,1
2015-06-10,2015-06-10,2015-06-10,17,6,0.0,0.0,0.0,0.0,12730.106557142884,33.799887066859135,0.007891649831069577,1
2015-06-11,2015-06-11,2015-06-11,15,6,0.0,0.0,0.0,0.0,12721.837066946806,33.799887066859135,0.007886523407294883,1
2015-06-12,2015-06-12,2015-06-12,42,6,0.0,0.0,0.0,0.0,34809.47012352938,33.799887066859135,0.021579092664062202,1
2015-06-13,2015-06-13,2015-06-13,24,6,0.0,0.0,0.0,0.0,8182.955233613472,33.799887066859135,0.0050727790059825854,0
2015-06-14,2015-06-14,2015-06-14,21,6,0.0,0.0,0.0,0.0,8687.011543137281,33.799887066859135,0.005385253679469992,0
2015-06-15,2015-06-15,2015-06-15,11,6,0.0,0.0,0.0,0.0,12349.857733613473,33.799887066859135,0.007655925915444808,1
2015-06-16,2015-06-16,2015-06-16,17,6,0.0,0.0,0.0,0.0,10781.222439495825,33.799887066859135,0.006683497256009323,0
2015-06-17,2015-06-17,2015-06-17,14,6,0.0,0.0,0.0,0.0,8728.094162184902,33.799887066859135,0.005410721623686464,0
2015-06-18,2015-06-18,2015-06-18,10,6,0.0,0.0,0.0,0.0,12230.313733613471,33.799887066859135,0.007581818178547974,0
2015-06-19,2015-06-19,2015-06-19,5,6,0.0,0.0,0.0,0.0,3354.8501255123483,33.799887066859135,0.0020797392627800067,0
2015-06-20,2015-06-20,2015-06-20,21,6,0.0,0.0,0.0,0.0,12491.914876470615,33.799887066859135,0.007743990003706642,1
2015-06-21,2015-06-21,2015-06-21,12,6,0.0,0.0,0.0,0.0,7197.856066946805,33.799887066859135,0.004462096162338221,0
2015-06-22,2015-06-22,2015-06-22,15,6,0.0,0.0,0.0,0.0,8209.999066946806,33.799887066859135,0.005089544023761382,0
2015-06-23,2015-06-23,2015-06-23,9,6,0.0,0.0,0.0,0.0,9550.531066946805,33.799887066859135,0.005920566850149859,0
2015-06-24,2015-06-24,2015-06-24,8,6,0.0,0.0,0.0,0.0,5823.9352336134725,33.799887066859135,0.0036103749246872902,0
2015-06-25,2015-06-25,2015-06-25,10,6,0.0,0.0,0.0,0.0,7543.7427336134715,33.799887066859135,0.004676518283811951,0
2015-06-26,2015-06-26,2015-06-26,2,6,0.0,0.0,0.0,0.0,8795.367733613472,33.799887066859135,0.005452425867576067,0
2015-06-27,2015-06-27,2015-06-27,30,6,0.0,0.0,0.0,0.0,8490.73773361347,33.799887066859135,0.005263579585948531,0
2015-06-28,2015-06-28,2015-06-28,5,6,0.0,0.0,0.0,0.0,13160.451733613472,33.799887066859135,0.00815842948636556,1
2015-06-29,2015-06-29,2015-06-29,16,6,0.0,0.0,0.0,0.0,11986.547108613471,33.799887066859135,0.0074307023307452515,0
2015-06-30,2015-06-30,2015-06-30,32,6,0.0,0.0,0.0,0.0,77489.11820388652,33.799887066859135,0.04803706739126298,1
2015-07-01,2015-07-01,2015-07-01,10,6,0.0,0.0,0.0,0.0,3853.3907336134707,33.799887066859135,0.0023887946416994393,0
2015-07-02,2015-07-02,2015-07-02,14,6,0.0,0.0,0.0,0.0,9859.5191621849,33.799887066859135,0.006112114802921708,0
2015-07-03,2015-07-03,2015-07-03,1,6,0.0,0.0,0.0,0.0,11798.037733613472,33.799887066859135,0.007313841566799872,0
2015-07-04,2015-07-04,2015-07-04,26,6,0.0,0.0,0.0,0.0,12100.760425921164,33.799887066859135,0.007501505469917045,0
2015-07-05,2015-07-05,2015-07-05,1,6,0.0,0.0,0.0,0.0,13531.187733613471,33.799887066859135,0.00838825621080329,1
2015-07-06,2015-07-06,2015-07-06,20,6,0.0,0.0,0.0,0.0,12399.745233613472,33.799887066859135,0.0076868521829650555,1
2015-07-07,2015-07-07,2015-07-07,9,6,0.0,0.0,0.0,0.0,12545.099955835694,33.799887066859135,0.007776960507190081,1
2015-07-08,2015-07-08,2015-07-08,11,6,0.0,0.0,0.0,0.0,8311.350460886199,33.799887066859135,0.0051523737972020206,0
2015-07-09,2015-07-09,2015-07-09,17,6,0.0,0.0,0.0,0.0,11926.383027731119,33.799887066859135,0.007393405403449283,0
2015-07-10,2015-07-10,2015-07-10,20,6,0.0,0.0,0.0,0.0,11067.439233613472,33.799887066859135,0.006860928819901491,0
2015-07-11,2015-07-11,2015-07-11,23,6,0.0,0.0,0.0,0.0,10513.360342309124,33.799887066859135,0.006517444138973372,0
2015-07-12,2015-07-12,2015-07-12,2,6,0.0,0.0,0.0,0.0,7691.377733613472,33.799887066859135,0.004768040198226424,0
2015-07-13,2015-07-13,2015-07-13,11,6,0.0,0.0,0.0,0.0,12541.888642704382,33.799887066859135,0.0077749697494052614,1
2015-07-14,2015-07-14,2015-07-14,13,6,0.0,0.0,0.0,0.0,10803.40850284424,33.799887066859135,0.006697250844189415,0
2015-07-15,2015-07-15,2015-07-15,13,6,0.0,0.0,0.0,0.0,10228.713887459626,33.799887066859135,0.0063409860600685125,0
2015-07-16,2015-07-16,2015-07-16,6,6,0.0,0.0,0.0,0.0,10851.126066946807,33.799887066859135,0.006726831924677525,0
2015-07-17,2015-07-17,2015-07-17,4,6,0.0,0.0,0.0,0.0,13434.597733613473,33.799887066859135,0.008328378121506755,1
2015-07-18,2015-07-18,2015-07-18,3,6,0.0,0.0,0.0,0.0,13370.464400280138,33.799887066859135,0.008288620574553469,1
2015-07-19,2015-07-19,2015-07-19,2,6,0.0,0.0,0.0,0.0,7693.417733613473,33.799887066859135,0.004769304835374835,0
2015-07-20,2015-07-20,2015-07-20,13,6,0.0,0.0,0.0,0.0,6403.59004130578,33.799887066859135,0.003969714632070724,0
2015-07-21,2015-07-21,2015-07-21,22,6,0.0,0.0,0.0,0.0,9415.058642704382,33.799887066859135,0.005836584761776259,0
2015-07-22,2015-07-22,2015-07-22,4,6,0.0,0.0,0.0,0.0,7126.107733613472,33.799887066859135,0.004417617923284376,0
2015-07-23,2015-07-23,2015-07-23,1,6,0.0,0.0,0.0,0.0,13048.997733613473,33.799887066859135,0.008089336903650414,1
2015-07-24,2015-07-24,2015-07-24,8,6,0.0,0.0,0.0,0.0,6764.092733613472,33.799887066859135,0.004193197522656099,0
2015-07-25,2015-07-25,2015-07-25,22,6,0.0,0.0,0.0,0.0,9917.778642704381,33.799887066859135,0.006148231030035439,0
2015-07-26,2015-07-26,2015-07-26,13,6,0.0,0.0,0.0,0.0,12258.431579767319,33.799887066859135,0.007599248998537893,0
2015-07-27,2015-07-27,2015-07-27,3,6,0.0,0.0,0.0,0.0,13241.341066946805,33.799887066859135,0.00820857441570059,1
2015-07-28,2015-07-28,2015-07-28,18,6,0.0,0.0,0.0,0.0,8509.467178057917,33.799887066859135,0.005275190346347321,0
2015-07-29,2015-07-29,2015-07-29,15,6,0.0,0.0,0.0,0.0,7998.515066946805,33.799887066859135,0.004958440826362184,0
2015-07-30,2015-07-30,2015-07-30,3,6,0.0,0.0,0.0,0.0,13207.117733613472,33.799887066859135,0.008187358681055612,1
2015-07-31,2015-07-31,2015-07-31,10,6,0.0,0.0,0.0,0.0,2472.585874487652,33.799887066859135,0.0015328058576035127,0
2015-08-01,2015-08-01,2015-08-01,26,6,0.0,0.0,0.0,0.0,10384.899656690395,33.799887066859135,0.006437808768804904,0
2015-08-02,2015-08-02,2015-08-02,4,6,0.0,0.0,0.0,0.0,7277.925233613471,33.799887066859135,0.004511732653813175,0
2015-08-03,2015-08-03,2015-08-03,13,6,0.0,0.0,0.0,0.0,12351.305425921164,33.799887066859135,0.007656823369107441,1
2015-08-04,2015-08-04,2015-08-04,8,6,0.0,0.0,0.0,0.0,6659.457733613472,33.799887066859135,0.0041283321755855645,0
2015-08-05,2015-08-05,2015-08-05,34,6,0.0,0.0,0.0,0.0,11944.76802773112,33.799887066859135,0.007404802635789244,0
2015-08-06,2015-08-06,2015-08-06,11,6,0.0,0.0,0.0,0.0,9817.942279068016,33.799887066859135,0.006086340454439004,0
2015-08-07,2015-08-07,2015-08-07,10,6,0.0,0.0,0.0,0.0,12573.461733613472,33.799887066859135,0.007794542545313969,1
2015-08-08,2015-08-08,2015-08-08,15,6,0.0,0.0,0.0,0.0,12389.126400280138,33.799887066859135,0.0076802693539914715,1
2015-08-09,2015-08-09,2015-08-09,16,6,0.0,0.0,0.0,0.0,9365.740233613473,33.799887066859135,0.005806011285189568,0
2015-08-10,2015-08-10,2015-08-10,19,6,0.0,0.0,0.0,0.0,9027.830365192422,33.799887066859135,0.005596534141846611,0
2015-08-11,2015-08-11,2015-08-11,16,6,0.0,0.0,0.0,0.0,7596.306483613473,33.799887066859135,0.004709103612689276,0
2015-08-12,2015-08-12,2015-08-12,9,6,0.0,0.0,0.0,0.0,10996.243289169028,33.799887066859135,0.006816793017861989,0
2015-08-13,2015-08-13,2015-08-13,13,6,0.0,0.0,0.0,0.0,9563.23081053655,33.799887066859135,0.005928439677364993,0
2015-08-14,2015-08-14,2015-08-14,6,6,0.0,0.0,0.0,0.0,7137.517733613471,33.799887066859135,0.00442469121243308,0
2015-08-15,2015-08-15,2015-08-15,5,6,0.0,0.0,0.0,0.0,6026.487733613474,33.799887066859135,0.0037359413050810837,0
2015-08-16,2015-08-16,2015-08-16,6,6,0.0,0.0,0.0,0.0,13008.877733613472,33.799887066859135,0.008064465706398348,1
2015-08-17,2015-08-17,2015-08-17,13,6,0.0,0.0,0.0,0.0,6826.302125512348,33.799887066859135,0.004231762379506747,0
2015-08-18,2015-08-18,2015-08-18,9,6,0.0,0.0,0.0,0.0,7318.665511391249,33.799887066859135,0.004536988373771177,0
2015-08-19,2015-08-19,2015-08-19,20,6,0.0,0.0,0.0,0.0,10145.090733613471,33.799887066859135,0.006289146380254267,0
2015-08-20,2015-08-20,2015-08-20,4,6,0.0,0.0,0.0,0.0,8115.200233613472,33.799887066859135,0.005030776314810758,0
2015-08-21,2015-08-21,2015-08-21,13,6,0.0,0.0,0.0,0.0,6698.656195151933,33.799887066859135,0.004152632092557164,0
2015-08-22,2015-08-22,2015-08-22,3,6,0.0,0.0,0.0,0.0,13133.647733613472,33.799887066859135,0.008141813146107726,1
2015-08-23,2015-08-23,2015-08-23,13,6,0.0,0.0,0.0,0.0,6540.566195151935,33.799887066859135,0.00405462891275709,0
2015-08-24,2015-08-24,2015-08-24,24,6,0.0,0.0,0.0,0.0,11836.151066946804,33.799887066859135,0.00733746879090922,0
2015-08-25,2015-08-25,2015-08-25,10,6,0.0,0.0,0.0,0.0,7847.702125512349,33.799887066859135,0.004864948841950905,0
2015-08-26,2015-08-26,2015-08-26,0,6,0.0,0.0,0.0,0.0,0.0,33.799887066859135,0.0,0
2015-08-27,2015-08-27,2015-08-27,11,6,0.0,0.0,0.0,0.0,12160.773188158926,33.799887066859135,0.007538708591733014,0
2015-08-28,2015-08-28,2015-08-28,11,6,0.0,0.0,0.0,0.0,12643.436824522563,33.799887066859135,0.007837921515621326,1
2015-08-29,2015-08-29,2015-08-29,16,6,0.0,0.0,0.0,0.0,12425.712733613473,33.799887066859135,0.007702949960000026,1
2015-08-30,2015-08-30,2015-08-30,6,6,0.0,0.0,0.0,0.0,3462.9971255123482,33.799887066859135,0.0021467817694903533,0
2015-08-31,2015-08-31,2015-08-31,10,6,0.0,0.0,0.0,0.0,7915.592733613472,33.799887066859135,0.00490703559931994,0
2015-09-01,2015-09-01,2015-09-01,3,6,0.0,0.0,0.0,0.0,8786.384400280138,33.799887066859135,0.005446856918041809,0
2015-09-02,2015-09-02,2015-09-02,41,6,0.0,0.0,0.0,0.0,7367.802479537582,33.799887066859135,0.004567449371456519,0
2015-09-03,2015-09-03,2015-09-03,5,6,0.0,0.0,0.0,0.0,4576.945733613473,33.799887066859135,0.002837340980874868,0
2015-09-04,2015-09-04,2015-09-04,3,6,0.0,0.0,0.0,0.0,5805.557733613472,33.799887066859135,0.00359898234174861,0
2015-09-05,2015-09-05,2015-09-05,15,6,0.0,0.0,0.0,0.0,12262.15040028014,33.799887066859135,0.007601554370385336,0
2015-09-06,2015-09-06,2015-09-06,8,6,0.0,0.0,0.0,0.0,6772.412733613472,33.799887066859135,0.004198355258477066,0
2015-09-07,2015-09-07,2015-09-07,7,6,0.0,0.0,0.0,0.0,12920.216305042044,33.799887066859135,0.008009502698455928,1
2015-09-08,2015-09-08,2015-09-08,12,6,0.0,0.0,0.0,0.0,12328.906900280139,33.799887066859135,0.007642938071266628,1
2015-09-09,2015-09-09,2015-09-09,16,6,0.0,0.0,0.0,0.0,12418.820233613473,33.799887066859135,0.007698677160222861,1
2015-09-10,2015-09-10,2015-09-10,12,6,0.0,0.0,0.0,0.0,11241.647733613472,33.799887066859135,0.006968924182974433,0
2015-09-11,2015-09-11,2015-09-11,11,6,0.0,0.0,0.0,0.0,11008.633188158927,33.799887066859135,0.006824473766159868,0
2015-09-12,2015-09-12,2015-09-12,14,6,0.0,0.0,0.0,0.0,4918.196305042045,33.799887066859135,0.0030488890933968037,0
2015-09-13,2015-09-13,2015-09-13,2,6,0.0,0.0,0.0,0.0,13114.967733613472,33.799887066859135,0.008130233037317382,1
2015-09-14,2015-09-14,2015-09-14,8,6,0.0,0.0,0.0,0.0,10680.466483613473,33.799887066859135,0.0066210366066307,0
2015-09-15,2015-09-15,2015-09-15,25,6,0.0,0.0,0.0,0.0,5489.170933613473,33.799887066859135,0.003402847782657141,0
2015-09-16,2015-09-16,2015-09-16,3,6,0.0,0.0,0.0,0.0,7838.277733613472,33.799887066859135,0.004859106471315367,0
2015-09-17,2015-09-17,2015-09-17,29,6,0.0,0.0,0.0,0.0,6056.716059489978,33.799887066859135,0.00375468045402112,0
2015-09-18,2015-09-18,2015-09-18,25,6,0.0,0.0,0.0,0.0,11377.880533613472,33.799887066859135,0.007053377643617533,0
2015-09-19,2015-09-19,2015-09-19,5,6,0.0,0.0,0.0,0.0,5971.197733613473,33.799887066859135,0.0037016659188381443,0
2015-09-20,2015-09-20,2015-09-20,24,6,0.0,0.0,0.0,0.0,10943.687733613471,33.799887066859135,0.006784212768886063,0
2015-09-21,2015-09-21,2015-09-21,26,6,0.0,0.0,0.0,0.0,8379.361195151934,33.799887066859135,0.005194535023203539,0
2015-09-22,2015-09-22,2015-09-22,8,6,0.0,0.0,0.0,0.0,2645.601624487652,33.799887066859135,0.0016400618108927457,0
2015-09-23,2015-09-23,2015-09-23,17,6,0.0,0.0,0.0,0.0,11053.727733613472,33.799887066859135,0.0068524287844797145,0
2015-09-24,2015-09-24,2015-09-24,10,6,0.0,0.0,0.0,0.0,11807.540733613472,33.799887066859135,0.007319732668182884,0
2015-09-25,2015-09-25,2015-09-25,16,6,0.0,0.0,0.0,0.0,3724.3716413865277,33.799887066859135,0.0023088131040110366,0
2015-09-26,2015-09-26,2015-09-26,34,6,0.0,0.0,0.0,0.0,8206.759792437002,33.799887066859135,0.005087535932154031,0
2015-09-27,2015-09-27,2015-09-27,11,6,0.0,0.0,0.0,0.0,4234.942279068018,33.799887066859135,0.0026253261409225313,0
2015-09-28,2015-09-28,2015-09-28,19,6,0.0,0.0,0.0,0.0,8586.903523087156,33.799887066859135,0.0053231946985831426,0
2015-09-29,2015-09-29,2015-09-29,2,6,0.0,0.0,0.0,0.0,13528.232733613471,33.799887066859135,0.008386424346698607,1
2015-09-30,2015-09-30,2015-09-30,24,6,0.0,0.0,0.0,0.0,10028.901483613472,33.799887066859135,0.006217118320550391,0
2015-10-01,2015-10-01,2015-10-01,2,6,0.0,0.0,0.0,0.0,13528.232733613471,33.799887066859135,0.008386424346698607,1
2015-10-02,2015-10-02,2015-10-02,21,6,0.0,0.0,0.0,0.0,4011.855828851567,33.799887066859135,0.0024870303506035773,0
2015-10-03,2015-10-03,2015-10-03,15,6,0.0,0.0,0.0,0.0,29219.21293305319,33.799887066859135,0.018113579471786274,1
2015-10-04,2015-10-04,2015-10-04,19,6,0.0,0.0,0.0,0.0,5707.227733613471,33.799887066859135,0.003538025591354901,0
2015-10-05,2015-10-05,2015-10-05,18,6,0.0,0.0,0.0,0.0,12271.213844724583,33.799887066859135,0.007607172982413275,0
2015-10-06,2015-10-06,2015-10-06,7,6,0.0,0.0,0.0,0.0,11298.936305042043,33.799887066859135,0.007004438523958706,0
2015-10-07,2015-10-07,2015-10-07,4,6,0.0,0.0,0.0,0.0,12529.430233613472,33.799887066859135,0.007767246530313861,1
2015-10-08,2015-10-08,2015-10-08,12,6,0.0,0.0,0.0,0.0,10782.056900280139,33.799887066859135,0.006684014555081251,0
2015-10-09,2015-10-09,2015-10-09,3,6,0.0,0.0,0.0,0.0,12771.12440028014,33.799887066859135,0.007917077619392632,1
2015-10-10,2015-10-10,2015-10-10,10,6,0.0,0.0,0.0,0.0,4371.86873361347,33.799887066859135,0.002710209612009916,0
2015-10-11,2015-10-11,2015-10-11,5,6,0.0,0.0,0.0,0.0,3443.753733613472,33.799887066859135,0.0021348524026978373,0
2015-10-12,2015-10-12,2015-10-12,19,6,0.0,0.0,0.0,0.0,12858.426154666104,33.799887066859135,0.007971197737881781,1
2015-10-13,2015-10-13,2015-10-13,8,6,0.0,0.0,0.0,0.0,12510.830233613473,33.799887066859135,0.0077557160151371825,1
2015-10-14,2015-10-14,2015-10-14,8,6,0.0,0.0,0.0,0.0,12103.142733613473,33.799887066859135,0.007502982310508533,0
2015-10-15,2015-10-15,2015-10-15,25,6,0.0,0.0,0.0,0.0,10729.044133613472,33.799887066859135,0.0066511508717152406,0
2015-10-16,2015-10-16,2015-10-16,11,6,0.0,0.0,0.0,0.0,5014.32864270438,33.799887066859135,0.00310848346857881,0
2015-10-17,2015-10-17,2015-10-17,7,6,0.0,0.0,0.0,0.0,12815.039162184901,33.799887066859135,0.007944301266092801,1
2015-10-18,2015-10-18,2015-10-18,14,6,0.0,0.0,0.0,0.0,5551.178447899186,33.799887066859135,0.0034412874915033583,0
2015-10-19,2015-10-19,2015-10-19,20,6,0.0,0.0,0.0,0.0,27653.792266386525,33.799887066859135,0.017143143624749228,1
2015-10-20,2015-10-20,2015-10-20,3,6,0.0,0.0,0.0,0.0,13341.031066946805,33.799887066859135,0.008270374257526572,1
2015-10-21,2015-10-21,2015-10-21,16,6,0.0,0.0,0.0,0.0,12238.507733613471,33.799887066859135,0.00758689780442742,0
2015-10-22,2015-10-22,2015-10-22,5,6,0.0,0.0,0.0,0.0,9120.383733613471,33.799887066859135,0.005653909841805311,0
2015-10-23,2015-10-23,2015-10-23,15,6,0.0,0.0,0.0,0.0,10905.721066946804,33.799887066859135,0.006760676466401764,0
2015-10-24,2015-10-24,2015-10-24,15,6,0.0,0.0,0.0,0.0,12249.326400280139,33.799887066859135,0.007593604514115134,0
2015-10-25,2015-10-25,2015-10-25,7,6,0.0,0.0,0.0,0.0,1623.7473462463897,33.799887066859135,0.00100659373220368,0
2015-10-26,2015-10-26,2015-10-26,12,6,0.0,0.0,0.0,0.0,1125.7989330531964,33.799887066859135,0.0006979054668527114,0
2015-10-27,2015-10-27,2015-10-27,4,6,0.0,0.0,0.0,0.0,12881.907733613472,33.799887066859135,0.007985754442313236,1
2015-10-28,2015-10-28,2015-10-28,26,6,0.0,0.0,0.0,0.0,12016.712348998088,33.799887066859135,0.007449402371716381,0
2015-10-29,2015-10-29,2015-10-29,15,6,0.0,0.0,0.0,0.0,5944.349733613472,33.799887066859135,0.0036850223020927944,0
2015-10-30,2015-10-30,2015-10-30,9,6,0.0,0.0,0.0,0.0,4217.87448860875,33.799887066859135,0.002614745473346026,0
2015-10-31,2015-10-31,2015-10-31,24,6,0.0,0.0,0.0,0.0,10743.221066946806,33.799887066859135,0.006659939438648509,0
2015-11-01,2015-11-01,2015-11-01,21,6,0.0,0.0,0.0,0.0,2948.465599719866,33.799887066859135,0.001827813298144616,0
2015-11-02,2015-11-02,2015-11-02,25,6,0.0,0.0,0.0,0.0,11935.959333613471,33.799887066859135,0.007399341948627402,0
2015-11-03,2015-11-03,2015-11-03,18,6,0.0,0.0,0.0,0.0,7223.487733613471,33.799887066859135,0.004477985749515834,0
2015-11-04,2015-11-04,2015-11-04,9,6,0.0,0.0,0.0,0.0,10952.882178057916,33.799887066859135,0.006789912590456375,0
2015-11-05,2015-11-05,2015-11-05,34,6,0.0,0.0,0.0,0.0,10441.693321848765,33.799887066859135,0.006473016307409628,0
2015-11-06,2015-11-06,2015-11-06,8,6,0.0,0.0,0.0,0.0,8797.54273361347,33.799887066859135,0.005453774193947533,0
2015-11-07,2015-11-07,2015-11-07,15,6,0.0,0.0,0.0,0.0,11248.961066946806,33.799887066859135,0.0069734578658234726,0
2015-11-08,2015-11-08,2015-11-08,18,6,0.0,0.0,0.0,0.0,7266.759955835695,33.799887066859135,0.004504811072906266,0
2015-11-09,2015-11-09,2015-11-09,19,6,0.0,0.0,0.0,0.0,12545.47878624505,33.799887066859135,0.00777719535180215,1
2015-11-10,2015-11-10,2015-11-10,14,6,0.0,0.0,0.0,0.0,2251.0213050420425,33.799887066859135,0.0013954535118719403,0
2015-11-11,2015-11-11,2015-11-11,7,6,0.0,0.0,0.0,0.0,12813.71059075633,33.799887066859135,0.007943477657865896,1
2015-11-12,2015-11-12,2015-11-12,29,6,0.0,0.0,0.0,0.0,9384.645664647955,33.799887066859135,0.005817731143225309,0
2015-11-13,2015-11-13,2015-11-13,12,6,0.0,0.0,0.0,0.0,12545.071066946806,33.799887066859135,0.007776942598385148,1
2015-11-14,2015-11-14,2015-11-14,12,6,0.0,0.0,0.0,0.0,10666.491066946804,33.799887066859135,0.006612372963943847,0
2015-11-15,2015-11-15,2015-11-15,21,6,0.0,0.0,0.0,0.0,11816.728209803949,33.799887066859135,0.007325428169992006,0
2015-11-16,2015-11-16,2015-11-16,7,6,0.0,0.0,0.0,0.0,7168.476305042042,33.799887066859135,0.004443883055320472,0
2015-11-17,2015-11-17,2015-11-17,29,6,0.0,0.0,0.0,0.0,9985.81600947554,33.799887066859135,0.006190408766064268,0
2015-11-18,2015-11-18,2015-11-18,11,6,0.0,0.0,0.0,0.0,12380.177733613473,33.799887066859135,0.007674721895023138,1
2015-11-19,2015-11-19,2015-11-19,22,6,0.0,0.0,0.0,0.0,12352.115006340746,33.799887066859135,0.0076573252443394154,1
2015-11-20,2015-11-20,2015-11-20,23,6,0.0,0.0,0.0,0.0,10315.687733613471,33.799887066859135,0.006394902901630403,0
2015-11-21,2015-11-21,2015-11-21,9,6,0.0,0.0,0.0,0.0,3157.992178057917,33.799887066859135,0.001957703050372831,0
2015-11-22,2015-11-22,2015-11-22,15,6,0.0,0.0,0.0,0.0,11698.072400280138,33.799887066859135,0.007251871040286868,0
2015-11-23,2015-11-23,2015-11-23,12,6,0.0,0.0,0.0,0.0,10298.051066946806,33.799887066859135,0.00638396957621825,0
2015-11-24,2015-11-24,2015-11-24,16,6,0.0,0.0,0.0,0.0,6012.197733613471,33.799887066859135,0.003727082645840504,0
2015-11-25,2015-11-25,2015-11-25,21,6,0.0,0.0,0.0,0.0,12487.884876470614,33.799887066859135,0.0077414917254183604,1
2015-11-26,2015-11-26,2015-11-26,54,6,0.0,0.0,0.0,0.0,10245.077266386537,33.799887066859135,0.006351130048727573,0
2015-11-27,2015-11-27,2015-11-27,11,6,0.0,0.0,0.0,0.0,12369.90136997711,33.799887066859135,0.007668351369922589,1
2015-11-28,2015-11-28,2015-11-28,17,6,0.0,0.0,0.0,0.0,12335.22891008406,33.799887066859135,0.007646857212664008,1
2015-11-29,2015-11-29,2015-11-29,2,6,0.0,0.0,0.0,0.0,13104.522733613472,33.799887066859135,0.008123757971133487,1
2015-11-30,2015-11-30,2015-11-30,11,6,0.0,0.0,0.0,0.0,9971.405006340745,33.799887066859135,0.006181475094539701,0
2015-12-01,2015-12-01,2015-12-01,9,6,0.0,0.0,0.0,0.0,11420.822178057917,33.799887066859135,0.007079998035175505,0
2015-12-02,2015-12-02,2015-12-02,7,6,0.0,0.0,0.0,0.0,13161.377733613472,33.799887066859135,0.00815900353244371,1
2015-12-03,2015-12-03,2015-12-03,27,6,0.0,0.0,0.0,0.0,11802.048103983841,33.799887066859135,0.007316327676284801,0
2015-12-04,2015-12-04,2015-12-04,5,6,0.0,0.0,0.0,0.0,11996.033733613473,33.799887066859135,0.007436583280935465,0
2015-12-05,2015-12-05,2015-12-05,8,6,0.0,0.0,0.0,0.0,6536.938983613472,33.799887066859135,0.004052380331160677,0
2015-12-06,2015-12-06,2015-12-06,10,6,0.0,0.0,0.0,0.0,10076.075266386526,33.799887066859135,0.006246362300023838,0
2015-12-07,2015-12-07,2015-12-07,22,6,0.0,0.0,0.0,0.0,11332.286369977108,33.799887066859135,0.007025112901909084,0
2015-12-08,2015-12-08,2015-12-08,5,6,0.0,0.0,0.0,0.0,12126.317733613472,33.799887066859135,0.0075173489604665735,0
2015-12-09,2015-12-09,2015-12-09,12,6,0.0,0.0,0.0,0.0,3126.3469002801394,33.799887066859135,0.0019380855043681575,0
2015-12-10,2015-12-10,2015-12-10,19,6,0.0,0.0,0.0,0.0,7990.18878624505,33.799887066859135,0.004953279197007512,0
2015-12-11,2015-12-11,2015-12-11,27,6,0.0,0.0,0.0,0.0,10994.888192312455,33.799887066859135,0.006815952965987225,0
2015-12-12,2015-12-12,2015-12-12,22,6,0.0,0.0,0.0,0.0,10537.8804608862,33.799887066859135,0.006532644655069446,0
2015-12-13,2015-12-13,2015-12-13,9,6,0.0,0.0,0.0,0.0,10535.633289169027,33.799887066859135,0.006531251587994744,0
2015-12-14,2015-12-14,2015-12-14,13,6,0.0,0.0,0.0,0.0,12763.72004130578,33.799887066859135,0.007912487507912661,1
2015-12-15,2015-12-15,2015-12-15,15,6,0.0,0.0,0.0,0.0,11438.32040028014,33.799887066859135,0.007090845536084013,0
2015-12-16,2015-12-16,2015-12-16,3,6,0.0,0.0,0.0,0.0,12577.637733613472,33.799887066859135,0.0077971313319471856,1
2015-12-17,2015-12-17,2015-12-17,16,6,0.0,0.0,0.0,0.0,11147.408358613473,33.799887066859135,0.006910503293529361,0
2015-12-18,2015-12-18,2015-12-18,20,6,0.0,0.0,0.0,0.0,11355.653233613471,33.799887066859135,0.007039598492005349,0
2015-12-19,2015-12-19,2015-12-19,12,6,0.0,0.0,0.0,0.0,12734.494400280139,33.799887066859135,0.00789436994353662,1
2015-12-20,2015-12-20,2015-12-20,8,6,0.0,0.0,0.0,0.0,12128.606483613472,33.799887066859135,0.007518767802757467,0
2015-12-21,2015-12-21,2015-12-21,7,6,0.0,0.0,0.0,0.0,11985.88059075633,33.799887066859135,0.007430289142881416,0
2015-12-22,2015-12-22,2015-12-22,3,6,0.0,0.0,0.0,0.0,8248.227733613472,33.799887066859135,0.005113242745330427,0
2015-12-23,2015-12-23,2015-12-23,22,6,0.0,0.0,0.0,0.0,6686.232733613472,33.799887066859135,0.004144930538158447,0
2015-12-24,2015-12-24,2015-12-24,27,6,0.0,0.0,0.0,0.0,10203.524029909768,33.799887066859135,0.006325370359274047,0
2015-12-25,2015-12-25,2015-12-25,10,6,0.0,0.0,0.0,0.0,12846.603733613472,33.799887066859135,0.00796386878060369,1
2015-12-26,2015-12-26,2015-12-26,21,6,0.0,0.0,0.0,0.0,12267.71059075633,33.799887066859135,0.007605001244614955,0
2015-12-27,2015-12-27,2015-12-27,6,6,0.0,0.0,0.0,0.0,2711.0112078209854,33.799887066859135,0.0016806105309640008,0
2015-12-28,2015-12-28,2015-12-28,19,6,0.0,0.0,0.0,0.0,8752.858259929262,33.799887066859135,0.005426073387389589,0
2015-12-29,2015-12-29,2015-12-29,14,6,0.0,0.0,0.0,0.0,8076.7441621849,33.799887066859135,0.005006936620442874,0
2015-12-30,2015-12-30,2015-12-30,9,6,0.0,0.0,0.0,0.0,7838.492178057917,33.799887066859135,0.004859239409751993,0
2015-12-31,2015-12-31,2015-12-31,25,6,0.0,0.0,0.0,0.0,8423.554933613472,33.799887066859135,0.005221931613098431,0
2016-01-01,2016-01-01,2016-01-01,2,6,0.0,0.0,0.0,0.0,3855.3777336134717,33.799887066859135,0.002390026423078798,0
2016-01-02,2016-01-02,2016-01-02,7,6,0.0,0.0,0.0,0.0,13081.984876470615,33.799887066859135,0.008109786298884264,1
2016-01-03,2016-01-03,2016-01-03,6,6,0.0,0.0,0.0,0.0,13284.847733613473,33.799887066859135,0.008235545075931062,1
2016-01-04,2016-01-04,2016-01-04,8,6,0.0,0.0,0.0,0.0,10912.972733613471,33.799887066859135,0.00676517192084027,0
2016-01-05,2016-01-05,2016-01-05,2,6,0.0,0.0,0.0,0.0,13304.292733613473,33.799887066859135,0.00824759942365206,1
2016-01-06,2016-01-06,2016-01-06,18,6,0.0,0.0,0.0,0.0,6098.796622502362,33.799887066859135,0.003780767043830665,0
2016-01-07,2016-01-07,2016-01-07,12,6,0.0,0.0,0.0,0.0,11547.668566946804,33.799887066859135,0.007158632670239507,0
2016-01-08,2016-01-08,2016-01-08,8,6,0.0,0.0,0.0,0.0,11856.600233613472,33.799887066859135,0.007350145641801718,0
2016-01-09,2016-01-09,2016-01-09,32,6,0.0,0.0,0.0,0.0,9102.364296113472,33.799887066859135,0.005642739229032784,0
2016-01-10,2016-01-10,2016-01-10,4,6,0.0,0.0,0.0,0.0,7680.972733613472,33.799887066859135,0.004761589928849362,0
2016-01-11,2016-01-11,2016-01-11,12,6,0.0,0.0,0.0,0.0,10072.95940028014,33.799887066859135,0.006244430711775011,0
2016-01-12,2016-01-12,2016-01-12,11,6,0.0,0.0,0.0,0.0,10908.715006340744,33.799887066859135,0.006762532469822187,0
2016-01-13,2016-01-13,2016-01-13,12,6,0.0,0.0,0.0,0.0,8248.678566946806,33.799887066859135,0.005113522226007426,0
2016-01-14,2016-01-14,2016-01-14,25,6,0.0,0.0,0.0,0.0,10761.871733613472,33.799887066859135,0.006671501363113843,0
2016-01-15,2016-01-15,2016-01-15,11,6,0.0,0.0,0.0,0.0,10538.394097249835,33.799887066859135,0.006532963068611715,0
2016-01-16,2016-01-16,2016-01-16,12,6,0.0,0.0,0.0,0.0,12831.416066946806,33.799887066859135,0.0079544536396898,1
2016-01-17,2016-01-17,2016-01-17,10,6,0.0,0.0,0.0,0.0,12695.305733613472,33.799887066859135,0.007870076098603617,1
2016-01-18,2016-01-18,2016-01-18,9,6,0.0,0.0,0.0,0.0,10672.61662250236,33.799887066859135,0.006616170319390028,0
2016-01-19,2016-01-19,2016-01-19,15,6,0.0,0.0,0.0,0.0,10398.885733613472,33.799887066859135,0.006446479019999729,0
2016-01-20,2016-01-20,2016-01-20,6,6,0.0,0.0,0.0,0.0,12893.231066946806,33.799887066859135,0.00799277400504714,1
2016-01-21,2016-01-21,2016-01-21,9,6,0.0,0.0,0.0,0.0,8139.276622502361,33.799887066859135,0.005045701753922747,0
2016-01-22,2016-01-22,2016-01-22,17,6,0.0,0.0,0.0,0.0,11834.335380672295,33.799887066859135,0.007336343210363827,0
2016-01-23,2016-01-23,2016-01-23,22,6,0.0,0.0,0.0,0.0,8460.992733613472,33.799887066859135,0.005245140060468405,0
2016-01-24,2016-01-24,2016-01-24,13,6,0.0,0.0,0.0,0.0,10679.132266386523,33.799887066859135,0.0066202094984594995,0
2016-01-25,2016-01-25,2016-01-25,17,6,0.0,0.0,0.0,0.0,12409.192439495826,33.799887066859135,0.007692708696449126,1
2016-01-26,2016-01-26,2016-01-26,9,6,0.0,0.0,0.0,0.0,10765.48559971986,33.799887066859135,0.006673741671607724,0
2016-01-27,2016-01-27,2016-01-27,26,6,0.0,0.0,0.0,0.0,44340.85611254038,33.799887066859135,0.02748779109422832,1
2016-01-28,2016-01-28,2016-01-28,6,6,0.0,0.0,0.0,0.0,4378.306066946807,33.799887066859135,0.002714200244789346,0
2016-01-29,2016-01-29,2016-01-29,4,6,0.0,0.0,0.0,0.0,7806.050233613472,33.799887066859135,0.004839127994011257,0
2016-01-30,2016-01-30,2016-01-30,20,6,0.0,0.0,0.0,0.0,10601.258733613471,33.799887066859135,0.006571934124722865,0
2016-01-31,2016-01-31,2016-01-31,4,6,0.0,0.0,0.0,0.0,4995.105233613473,33.799887066859135,0.0030965664895320224,0
2016-02-01,2016-02-01,2016-02-01,7,6,0.0,0.0,0.0,0.0,10667.906305042045,33.799887066859135,0.006613250298585557,0
2016-02-02,2016-02-02,2016-02-02,12,6,0.0,0.0,0.0,0.0,12374.136900280138,33.799887066859135,0.007670977060591427,1
2016-02-03,2016-02-03,2016-02-03,14,6,0.0,0.0,0.0,0.0,11630.16773361347,33.799887066859135,0.007209775567729478,0
2016-02-04,2016-02-04,2016-02-04,15,6,0.0,0.0,0.0,0.0,6193.391599719862,33.799887066859135,0.003839408378263144,0
2016-02-05,2016-02-05,2016-02-05,14,6,0.0,0.0,0.0,0.0,6115.940590756328,33.799887066859135,0.0037913949355586696,0
2016-02-06,2016-02-06,2016-02-06,10,6,0.0,0.0,0.0,0.0,10256.673733613472,33.799887066859135,0.006358318932671446,0
2016-02-07,2016-02-07,2016-02-07,5,6,0.0,0.0,0.0,0.0,12207.147733613472,33.799887066859135,0.00756745710787147,0
2016-02-08,2016-02-08,2016-02-08,21,6,0.0,0.0,0.0,0.0,10317.943924089663,33.799887066859135,0.0063963015596157375,0
2016-02-09,2016-02-09,2016-02-09,17,6,0.0,0.0,0.0,0.0,12465.161851260531,33.799887066859135,0.0077274052637492764,1
2016-02-10,2016-02-10,2016-02-10,25,6,0.0,0.0,0.0,0.0,11432.120933613473,33.799887066859135,0.007087002361649212,0
2016-02-11,2016-02-11,2016-02-11,35,6,0.0,0.0,0.0,0.0,12037.428305042044,33.799887066859135,0.007462244610725213,0
2016-02-12,2016-02-12,2016-02-12,7,6,0.0,0.0,0.0,0.0,13167.946305042044,33.799887066859135,0.008163075522365552,1
2016-02-13,2016-02-13,2016-02-13,5,6,0.0,0.0,0.0,0.0,10860.323733613472,33.799887066859135,0.006732533743768386,0
2016-02-14,2016-02-14,2016-02-14,18,6,0.0,0.0,0.0,0.0,12437.383844724583,33.799887066859135,0.007710185117193326,1
2016-02-15,2016-02-15,2016-02-15,8,6,0.0,0.0,0.0,0.0,12059.082733613472,33.799887066859135,0.0074756686277835565,0
2016-02-16,2016-02-16,2016-02-16,18,6,0.0,0.0,0.0,0.0,9074.491066946804,33.799887066859135,0.005625460052047336,0
2016-02-17,2016-02-17,2016-02-17,23,6,0.0,0.0,0.0,0.0,9589.457918560436,33.799887066859135,0.005944698390650469,0
2016-02-18,2016-02-18,2016-02-18,11,6,0.0,0.0,0.0,0.0,12332.517733613473,33.799887066859135,0.007645176499683321,1
2016-02-19,2016-02-19,2016-02-19,7,6,0.0,0.0,0.0,0.0,12778.107733613471,33.799887066859135,0.007921406728585309,1
2016-02-20,2016-02-20,2016-02-20,19,6,0.0,0.0,0.0,0.0,10668.788786245052,33.799887066859135,0.006613797366483643,0
2016-02-21,2016-02-21,2016-02-21,11,6,0.0,0.0,0.0,0.0,9186.036824522562,33.799887066859135,0.005694609517134517,0
2016-02-22,2016-02-22,2016-02-22,10,6,0.0,0.0,0.0,0.0,8807.14873361347,33.799887066859135,0.005459729147108135,0
2016-02-23,2016-02-23,2016-02-23,14,6,0.0,0.0,0.0,0.0,10767.787733613472,33.799887066859135,0.006675168810844232,0
2016-02-24,2016-02-24,2016-02-24,23,6,0.0,0.0,0.0,0.0,9469.096429265646,33.799887066859135,0.005870083875650392,0
2016-02-25,2016-02-25,2016-02-25,8,6,0.0,0.0,0.0,0.0,10870.817733613472,33.799887066859135,0.0067390391860406495,0
2016-02-26,2016-02-26,2016-02-26,12,6,0.0,0.0,0.0,0.0,6562.7569002801365,33.799887066859135,0.004068385378470099,0
2016-02-27,2016-02-27,2016-02-27,8,6,0.0,0.0,0.0,0.0,12624.803983613472,33.799887066859135,0.007826370641702675,1
2016-02-28,2016-02-28,2016-02-28,8,6,0.0,0.0,0.0,0.0,7423.273983613472,33.799887066859135,0.0046018372757371815,0
2016-02-29,2016-02-29,2016-02-29,10,6,0.0,0.0,0.0,0.0,37680.90312551235,33.799887066859135,0.023359151901061415,1
2016-03-01,2016-03-01,2016-03-01,1,6,0.0,0.0,0.0,0.0,12498.697733613471,33.799887066859135,0.0077481948336650805,1
2016-03-02,2016-03-02,2016-03-02,21,6,0.0,0.0,0.0,0.0,11842.970114565853,33.799887066859135,0.007341696056073841,0
2016-03-03,2016-03-03,2016-03-03,19,6,0.0,0.0,0.0,0.0,3404.3280558602146,33.799887066859135,0.0021104116298115553,0
2016-03-04,2016-03-04,2016-03-04,0,6,0.0,0.0,0.0,0.0,0.0,33.799887066859135,0.0,0
2016-03-05,2016-03-05,2016-03-05,21,6,0.0,0.0,0.0,0.0,12340.656305042043,33.799887066859135,0.0076502217642733005,1
2016-03-06,2016-03-06,2016-03-06,10,6,0.0,0.0,0.0,0.0,4037.8857336134715,33.799887066859135,0.0025031668136092054,0
2016-03-07,2016-03-07,2016-03-07,13,6,0.0,0.0,0.0,0.0,3965.3898178200407,33.799887066859135,0.002458225133109018,0
2016-03-08,2016-03-08,2016-03-08,12,6,0.0,0.0,0.0,0.0,6933.897733613472,33.799887066859135,0.004298463067256971,0
2016-03-09,2016-03-09,2016-03-09,15,6,0.0,0.0,0.0,0.0,6395.978400280139,33.799887066859135,0.003964996022266122,0
2016-03-10,2016-03-10,2016-03-10,27,6,0.0,0.0,0.0,0.0,5654.084029909769,33.799887066859135,0.0035050807374785277,0
2016-03-11,2016-03-11,2016-03-11,1,6,0.0,0.0,0.0,0.0,13527.297733613472,33.799887066859135,0.00838584472133892,1
2016-03-12,2016-03-12,2016-03-12,13,6,0.0,0.0,0.0,0.0,12690.16004130578,33.799887066859135,0.007866886180149404,1
2016-03-13,2016-03-13,2016-03-13,13,6,0.0,0.0,0.0,0.0,12168.27004130578,33.799887066859135,0.007543356042216192,0
2016-03-14,2016-03-14,2016-03-14,9,6,0.0,0.0,0.0,0.0,11705.71440028014,33.799887066859135,0.0072566084702320385,0
2016-03-15,2016-03-15,2016-03-15,33,6,0.0,0.0,0.0,0.0,11183.516218461957,33.799887066859135,0.006932887284173467,0
2016-03-16,2016-03-16,2016-03-16,33,6,0.0,0.0,0.0,0.0,12214.771673007412,33.799887066859135,0.007572183341682648,0
2016-03-17,2016-03-17,2016-03-17,19,6,0.0,0.0,0.0,0.0,9824.79983887663,33.799887066859135,0.0060905915940867575,0
2016-03-18,2016-03-18,2016-03-18,10,6,0.0,0.0,0.0,0.0,8031.152733613471,33.799887066859135,0.004978673574256347,0
2016-03-19,2016-03-19,2016-03-19,16,6,0.0,0.0,0.0,0.0,7606.525858613471,33.799887066859135,0.004715438809384635,0
2016-03-20,2016-03-20,2016-03-20,1,6,0.0,0.0,0.0,0.0,13518.477733613472,33.799887066859135,0.008380377025432558,1
2016-03-21,2016-03-21,2016-03-21,15,6,0.0,0.0,0.0,0.0,2866.0997336134715,33.799887066859135,0.0017767530363607344,0
2016-03-22,2016-03-22,2016-03-22,25,6,0.0,0.0,0.0,0.0,6898.916666386527,33.799887066859135,0.004276777598087252,0
2016-03-23,2016-03-23,2016-03-23,18,6,0.0,0.0,0.0,0.0,11076.962178057916,33.799887066859135,0.006866832285247908,0
2016-03-24,2016-03-24,2016-03-24,10,6,0.0,0.0,0.0,0.0,11548.794733613471,33.799887066859135,0.007159330803671843,0
2016-03-25,2016-03-25,2016-03-25,31,6,0.0,0.0,0.0,0.0,5310.950314258633,33.799887066859135,0.00329236522586852,0
2016-03-26,2016-03-26,2016-03-26,11,6,0.0,0.0,0.0,0.0,12479.314097249835,33.799887066859135,0.007736178526500018,1
2016-03-27,2016-03-27,2016-03-27,10,6,0.0,0.0,0.0,0.0,12375.517733613473,33.799887066859135,0.007671833067027259,1
2016-03-28,2016-03-28,2016-03-28,15,6,0.0,0.0,0.0,0.0,12457.371733613472,33.799887066859135,0.007722576012687044,1
2016-03-29,2016-03-29,2016-03-29,7,6,0.0,0.0,0.0,0.0,12065.494876470615,33.799887066859135,0.007479643644478683,0
2016-03-30,2016-03-30,2016-03-30,10,6,0.0,0.0,0.0,0.0,12839.701733613472,33.799887066859135,0.007959590091584904,1
2016-03-31,2016-03-31,2016-03-31,0,6,0.0,0.0,0.0,0.0,0.0,33.799887066859135,0.0,0
2016-04-01,2016-04-01,2016-04-01,12,6,0.0,0.0,0.0,0.0,8766.218566946805,33.799887066859135,0.0054343557111977015,0
2016-04-02,2016-04-02,2016-04-02,17,6,0.0,0.0,0.0,0.0,10606.952439495824,33.799887066859135,0.006575463767845877,0
2016-04-03,2016-04-03,2016-04-03,9,6,0.0,0.0,0.0,0.0,9970.362178057916,33.799887066859135,0.006180828624252506,0
2016-04-04,2016-04-04,2016-04-04,10,6,0.0,0.0,0.0,0.0,6147.1987336134725,33.799887066859135,0.0038107724888172263,0
2016-04-05,2016-04-05,2016-04-05,14,6,0.0,0.0,0.0,0.0,10618.624162184902,33.799887066859135,0.006582699304168695,0
2016-04-06,2016-04-06,2016-04-06,4,6,0.0,0.0,0.0,0.0,9540.295233613473,33.799887066859135,0.005914221450601689,0
2016-04-07,2016-04-07,2016-04-07,16,6,0.0,0.0,0.0,0.0,12138.505233613472,33.799887066859135,0.007524904237548068,0
2016-04-08,2016-04-08,2016-04-08,0,6,0.0,0.0,0.0,0.0,0.0,33.799887066859135,0.0,0
2016-04-09,2016-04-09,2016-04-09,5,6,0.0,0.0,0.0,0.0,3303.039733613472,33.799887066859135,0.0020476209557853966,0
2016-04-10,2016-04-10,2016-04-10,6,6,0.0,0.0,0.0,0.0,10942.187733613471,33.799887066859135,0.006783282888629879,0
2016-04-11,2016-04-11,2016-04-11,16,6,0.0,0.0,0.0,0.0,2543.117108613471,33.799887066859135,0.0015765295923087681,0
2016-04-12,2016-04-12,2016-04-12,13,6,0.0,0.0,0.0,0.0,12518.927733613473,33.799887066859135,0.0077607358187201485,1
2016-04-13,2016-04-13,2016-04-13,20,6,0.0,0.0,0.0,0.0,12492.762233613472,33.799887066859135,0.00774451529749136,1
2016-04-14,2016-04-14,2016-04-14,28,6,0.0,0.0,0.0,0.0,12522.317376470615,33.799887066859135,0.007762837126699062,1
2016-04-15,2016-04-15,2016-04-15,11,6,0.0,0.0,0.0,0.0,12203.736824522563,33.799887066859135,0.007565342616525287,0
2016-04-16,2016-04-16,2016-04-16,10,6,0.0,0.0,0.0,0.0,13097.181733613472,33.799887066859135,0.008119207137159723,1
2016-04-17,2016-04-17,2016-04-17,24,6,0.0,0.0,0.0,0.0,7900.637733613471,33.799887066859135,0.004897764693165786,0
2016-04-18,2016-04-18,2016-04-18,4,6,0.0,0.0,0.0,0.0,12015.107733613471,33.799887066859135,0.007448407638273098,0
2016-04-19,2016-04-19,2016-04-19,15,6,0.0,0.0,0.0,0.0,11954.585733613472,33.799887066859135,0.007410888829696591,0
2016-04-20,2016-04-20,2016-04-20,11,6,0.0,0.0,0.0,0.0,4948.775006340744,33.799887066859135,0.003067845447128407,0
2016-04-21,2016-04-21,2016-04-21,12,6,0.0,0.0,0.0,0.0,7000.106066946805,33.799887066859135,0.004339506948564643,0
2016-04-22,2016-04-22,2016-04-22,6,6,0.0,0.0,0.0,0.0,11496.452733613472,33.799887066859135,0.007126882942092393,0
2016-04-23,2016-04-23,2016-04-23,24,6,0.0,0.0,0.0,0.0,12309.719816946805,33.799887066859135,0.00763104361128968,0
2016-04-24,2016-04-24,2016-04-24,17,6,0.0,0.0,0.0,0.0,12552.06596890759,33.799887066859135,0.007781278879203331,1
2016-04-25,2016-04-25,2016-04-25,15,6,0.0,0.0,0.0,0.0,7793.511733613472,33.799887066859135,0.004831355124949815,0
2016-04-26,2016-04-26,2016-04-26,23,6,0.0,0.0,0.0,0.0,10181.580342309124,33.799887066859135,0.006311767024708909,0
2016-04-27,2016-04-27,2016-04-27,8,6,0.0,0.0,0.0,0.0,12810.586483613472,33.799887066859135,0.00794154096083233,1
2016-04-28,2016-04-28,2016-04-28,16,6,0.0,0.0,0.0,0.0,11969.698358613472,33.799887066859135,0.007420257450767665,0
2016-04-29,2016-04-29,2016-04-29,9,6,0.0,0.0,0.0,0.0,2732.677874487652,33.799887066859135,0.0016940421346644348,0
2016-04-30,2016-04-30,2016-04-30,8,6,0.0,0.0,0.0,0.0,12352.185233613473,33.799887066859135,0.007657368779642318,1
2016-05-01,2016-05-01,2016-05-01,5,6,0.0,0.0,0.0,0.0,7684.105733613472,33.799887066859135,0.004763532138744445,0
2016-05-02,2016-05-02,2016-05-02,3,6,0.0,0.0,0.0,0.0,4501.814400280138,33.799887066859135,0.0027907655518832424,0
2016-05-03,2016-05-03,2016-05-03,11,6,0.0,0.0,0.0,0.0,11917.207733613472,33.799887066859135,0.007387717453552829,0
2016-05-04,2016-05-04,2016-05-04,11,6,0.0,0.0,0.0,0.0,12497.856824522563,33.799887066859135,0.007747673537157826,1
2016-05-05,2016-05-05,2016-05-05,10,6,0.0,0.0,0.0,0.0,11507.084733613472,33.799887066859135,0.007133473933348224,0
2016-05-06,2016-05-06,2016-05-06,9,6,0.0,0.0,0.0,0.0,10593.259955835694,33.799887066859135,0.00656697552103676,0
2016-05-07,2016-05-07,2016-05-07,14,6,0.0,0.0,0.0,0.0,39401.0658378151,33.799887066859135,0.024425515463457465,1
2016-05-08,2016-05-08,2016-05-08,18,6,0.0,0.0,0.0,0.0,11444.927178057917,33.799887066859135,0.00709494121089238,0
2016-05-09,2016-05-09,2016-05-09,12,6,0.0,0.0,0.0,0.0,11216.298566946805,33.799887066859135,0.006953209723245067,0
2016-05-10,2016-05-10,2016-05-10,12,6,0.0,0.0,0.0,0.0,11885.155233613472,33.799887066859135,0.007367847462278607,0
2016-05-11,2016-05-11,2016-05-11,22,6,0.0,0.0,0.0,0.0,8194.343188158924,33.799887066859135,0.005079838628709342,0
2016-05-12,2016-05-12,2016-05-12,13,6,0.0,0.0,0.0,0.0,11444.03081053655,33.799887066859135,0.007094385534585444,0
2016-05-13,2016-05-13,2016-05-13,16,6,0.0,0.0,0.0,0.0,3774.0533586134716,33.799887066859135,0.0023396118026394676,0
2016-05-14,2016-05-14,2016-05-14,14,6,0.0,0.0,0.0,0.0,10407.181305042044,33.799887066859135,0.006451621612056525,0
2016-05-15,2016-05-15,2016-05-15,20,6,0.0,0.0,0.0,0.0,8295.505733613472,33.799887066859135,0.005142551331165003,0
2016-05-16,2016-05-16,2016-05-16,8,6,0.0,0.0,0.0,0.0,9339.913983613471,33.799887066859135,0.00579000107187872,0
2016-05-17,2016-05-17,2016-05-17,22,6,0.0,0.0,0.0,0.0,7316.873642704383,33.799887066859135,0.0045358775582287824,0
2016-05-18,2016-05-18,2016-05-18,9,6,0.0,0.0,0.0,0.0,12538.818844724583,33.799887066859135,0.0077730667197173356,1
2016-05-19,2016-05-19,2016-05-19,5,6,0.0,0.0,0.0,0.0,6190.579733613472,33.799887066859135,0.003837665245746235,0
2016-05-20,2016-05-20,2016-05-20,7,6,0.0,0.0,0.0,0.0,11212.57059075633,33.799887066859135,0.006950898675608369,0
2016-05-21,2016-05-21,2016-05-21,9,6,0.0,0.0,0.0,0.0,12026.442178057916,33.799887066859135,0.0074554340890089004,0
2016-05-22,2016-05-22,2016-05-22,19,6,0.0,0.0,0.0,0.0,7842.236680981893,33.799887066859135,0.004861560702644145,0
2016-05-23,2016-05-23,2016-05-23,27,6,0.0,0.0,0.0,0.0,105395.10189601617,33.799887066859135,0.06533654956773048,1
2016-05-24,2016-05-24,2016-05-24,11,6,0.0,0.0,0.0,0.0,12593.381369977109,33.799887066859135,0.007806891129690574,1
2016-05-25,2016-05-25,2016-05-25,29,6,0.0,0.0,0.0,0.0,1796.6946801796312,33.799887066859135,0.0011138072729931232,0
2016-05-26,2016-05-26,2016-05-26,15,6,0.0,0.0,0.0,0.0,12583.631066946806,33.799887066859135,0.007800846720170782,1
2016-05-27,2016-05-27,2016-05-27,16,6,0.0,0.0,0.0,0.0,10079.494608613471,33.799887066859135,0.0062484820192411535,0
2016-05-28,2016-05-28,2016-05-28,10,6,0.0,0.0,0.0,0.0,11836.769733613472,33.799887066859135,0.007337852314854883,0
2016-05-29,2016-05-29,2016-05-29,9,6,0.0,0.0,0.0,0.0,2932.742178057917,33.799887066859135,0.0018180660319025493,0
2016-05-30,2016-05-30,2016-05-30,2,6,0.0,0.0,0.0,0.0,12955.672733613472,33.799887066859135,0.008031482853711506,1
2016-05-31,2016-05-31,2016-05-31,7,6,0.0,0.0,0.0,0.0,11824.323447899185,33.799887066859135,0.00733013661128919,0
2016-06-01,2016-06-01,2016-06-01,10,6,0.0,0.0,0.0,0.0,6951.708733613472,33.799887066859135,0.004309504465418898,0
2016-06-02,2016-06-02,2016-06-02,9,6,0.0,0.0,0.0,0.0,12685.634400280138,33.799887066859135,0.007864080643991855,1
2016-06-03,2016-06-03,2016-06-03,9,6,0.0,0.0,0.0,0.0,6280.946622502361,33.799887066859135,0.0038936855029399297,0
2016-06-04,2016-06-04,2016-06-04,16,6,0.0,0.0,0.0,0.0,12381.007733613471,33.799887066859135,0.007675236428764891,1
2016-06-05,2016-06-05,2016-06-05,9,6,0.0,0.0,0.0,0.0,11086.214400280138,33.799887066859135,0.0068725679244280875,0
2016-06-06,2016-06-06,2016-06-06,17,6,0.0,0.0,0.0,0.0,8137.141263025237,33.799887066859135,0.005044378001510991,0
2016-06-07,2016-06-07,2016-06-07,5,6,0.0,0.0,0.0,0.0,13367.145733613472,33.799887066859135,0.008286563266146676,1
2016-06-08,2016-06-08,2016-06-08,12,6,0.0,0.0,0.0,0.0,11758.863566946806,33.799887066859135,0.0072895567107093455,0
2016-06-09,2016-06-09,2016-06-09,16,6,0.0,0.0,0.0,0.0,12278.061483613472,33.799887066859135,0.007611417971882777,0
2016-06-10,2016-06-10,2016-06-10,12,6,0.0,0.0,0.0,0.0,2732.677874487652,33.799887066859135,0.0016940421346644348,0
2016-06-11,2016-06-11,2016-06-11,14,6,0.0,0.0,0.0,0.0,9283.767019327759,33.799887066859135,0.005755194436189423,0
2016-06-12,2016-06-12,2016-06-12,2,6,0.0,0.0,0.0,0.0,9877.64726638653,33.799887066859135,0.0061233527803744685,0
2016-06-13,2016-06-13,2016-06-13,3,6,0.0,0.0,0.0,0.0,13008.824400280138,33.799887066859135,0.008064432643989239,1
2016-06-14,2016-06-14,2016-06-14,15,6,0.0,0.0,0.0,0.0,12624.365066946806,33.799887066859135,0.007826098548407712,1
2016-06-15,2016-06-15,2016-06-15,16,6,0.0,0.0,0.0,0.0,27217.621016386533,33.799887066859135,0.016872752268955866,1
2016-06-16,2016-06-16,2016-06-16,27,6,0.0,0.0,0.0,0.0,8365.27662250236,33.799887066859135,0.005185803712521121,0
2016-06-17,2016-06-17,2016-06-17,13,6,0.0,0.0,0.0,0.0,11755.638502844242,33.799887066859135,0.007287557428420079,0
2016-06-18,2016-06-18,2016-06-18,22,6,0.0,0.0,0.0,0.0,8615.964097249835,33.799887066859135,0.005341209934681305,0
2016-06-19,2016-06-19,2016-06-19,20,6,0.0,0.0,0.0,0.0,7745.855733613473,33.799887066859135,0.004801812209290683,0
2016-06-20,2016-06-20,2016-06-20,16,6,0.0,0.0,0.0,0.0,6876.335858613472,33.799887066859135,0.00426277929987602,0
2016-06-21,2016-06-21,2016-06-21,14,6,0.0,0.0,0.0,0.0,8661.616305042044,33.799887066859135,0.005369510659132759,0
2016-06-22,2016-06-22,2016-06-22,15,6,0.0,0.0,0.0,0.0,11101.813733613471,33.799887066859135,0.006882238265812287,0
2016-06-23,2016-06-23,2016-06-23,12,6,0.0,0.0,0.0,0.0,10913.026066946804,33.799887066859135,0.006765204983249379,0
2016-06-24,2016-06-24,2016-06-24,2,6,0.0,0.0,0.0,0.0,13391.857733613471,33.799887066859135,0.00830188273340722,1
2016-06-25,2016-06-25,2016-06-25,10,6,0.0,0.0,0.0,0.0,11042.220733613472,33.799887066859135,0.006845295363074443,0
2016-06-26,2016-06-26,2016-06-26,2,6,0.0,0.0,0.0,0.0,10837.32773361347,33.799887066859135,0.006718278059520916,0
2016-06-27,2016-06-27,2016-06-27,2,6,0.0,0.0,0.0,0.0,13367.817733613472,33.799887066859135,0.008286979852501448,1
2016-06-28,2016-06-28,2016-06-28,14,6,0.0,0.0,0.0,0.0,10902.176305042045,33.799887066859135,0.006758478996996358,0
2016-06-29,2016-06-29,2016-06-29,23,6,0.0,0.0,0.0,0.0,1681.2449859979426,33.799887066859135,0.0010422376788584424,0
2016-06-30,2016-06-30,2016-06-30,13,6,0.0,0.0,0.0,0.0,7140.71981782004,33.799887066859135,0.004426676249021298,0
2016-07-01,2016-07-01,2016-07-01,2,6,0.0,0.0,0.0,0.0,5111.067733613472,33.799887066859135,0.0031684539823371724,0
2016-07-02,2016-07-02,2016-07-02,28,6,0.0,0.0,0.0,0.0,3300.484162184899,33.799887066859135,0.0020460367055089314,0
2016-07-03,2016-07-03,2016-07-03,26,6,0.0,0.0,0.0,0.0,21199.34303561729,33.799887066859135,0.013141900355260118,1
2016-07-04,2016-07-04,2016-07-04,9,6,0.0,0.0,0.0,0.0,10975.079955835696,33.799887066859135,0.006803673440647519,0
2016-07-05,2016-07-05,2016-07-05,14,6,0.0,0.0,0.0,0.0,11117.4891621849,33.799887066859135,0.006891955780169482,0
2016-07-06,2016-07-06,2016-07-06,14,6,0.0,0.0,0.0,0.0,4247.164162184898,33.799887066859135,0.0026329027327917135,0
2016-07-07,2016-07-07,2016-07-07,22,6,0.0,0.0,0.0,0.0,4672.110006340747,33.799887066859135,0.0028963352330769964,0
2016-07-08,2016-07-08,2016-07-08,13,6,0.0,0.0,0.0,0.0,8939.185425921165,33.799887066859135,0.00554158135595397,0
2016-07-09,2016-07-09,2016-07-09,6,6,0.0,0.0,0.0,0.0,13078.467733613472,33.799887066859135,0.008107605951083573,1
2016-07-10,2016-07-10,2016-07-10,10,6,0.0,0.0,0.0,0.0,8836.831733613471,33.799887066859135,0.005478130237537672,0
2016-07-11,2016-07-11,2016-07-11,5,6,0.0,0.0,0.0,0.0,12581.965733613471,33.799887066859135,0.00779981434644636,1
2016-07-12,2016-07-12,2016-07-12,27,6,0.0,0.0,0.0,0.0,10117.476992872731,33.799887066859135,0.006272028065378137,0
2016-07-13,2016-07-13,2016-07-13,13,6,0.0,0.0,0.0,0.0,9112.20004130578,33.799887066859135,0.005648836605872239,0
2016-07-14,2016-07-14,2016-07-14,22,6,0.0,0.0,0.0,0.0,8231.776369977108,33.799887066859135,0.005103044213175256,0
2016-07-15,2016-07-15,2016-07-15,5,6,0.0,0.0,0.0,0.0,9409.177733613473,33.799887066859135,0.005832939067608227,0
2016-07-16,2016-07-16,2016-07-16,13,6,0.0,0.0,0.0,0.0,2732.677874487652,33.799887066859135,0.0016940421346644348,0
2016-07-17,2016-07-17,2016-07-17,11,6,0.0,0.0,0.0,0.0,11913.083188158927,33.799887066859135,0.007385160564630221,0
2016-07-18,2016-07-18,2016-07-18,10,6,0.0,0.0,0.0,0.0,11249.543733613471,33.799887066859135,0.0069738190726429845,0
2016-07-19,2016-07-19,2016-07-19,24,6,0.0,0.0,0.0,0.0,4492.378933053193,33.799887066859135,0.0027849163154284374,0
2016-07-20,2016-07-20,2016-07-20,22,6,0.0,0.0,0.0,0.0,12552.652279068017,33.799887066859135,0.00778164234469812,1
2016-07-21,2016-07-21,2016-07-21,4,6,0.0,0.0,0.0,0.0,12399.457733613472,33.799887066859135,0.007686673955915953,1
2016-07-22,2016-07-22,2016-07-22,5,6,0.0,0.0,0.0,0.0,12833.069733613473,33.799887066859135,0.007955478781012229,1
2016-07-23,2016-07-23,2016-07-23,12,6,0.0,0.0,0.0,0.0,5499.971900280138,33.799887066859135,0.003409543519757829,0
2016-07-24,2016-07-24,2016-07-24,17,6,0.0,0.0,0.0,0.0,12019.431263025237,33.799887066859135,0.007451087881364453,0
2016-07-25,2016-07-25,2016-07-25,15,6,0.0,0.0,0.0,0.0,11209.119733613472,33.799887066859135,0.006948759419659,0
2016-07-26,2016-07-26,2016-07-26,18,6,0.0,0.0,0.0,0.0,8715.663289169028,33.799887066859135,0.005403015474763403,0
2016-07-27,2016-07-27,2016-07-27,5,6,0.0,0.0,0.0,0.0,6596.338125512348,33.799887066859135,0.004089203057351364,0
2016-07-28,2016-07-28,2016-07-28,6,6,0.0,0.0,0.0,0.0,7518.414400280139,33.799887066859135,0.004660816739086144,0
2016-07-29,2016-07-29,2016-07-29,9,6,0.0,0.0,0.0,0.0,8435.231066946806,33.799887066859135,0.00522916988366859,0
2016-07-30,2016-07-30,2016-07-30,17,6,0.0,0.0,0.0,0.0,7287.381263025237,33.799887066859135,0.0045175946371811045,0
2016-07-31,2016-07-31,2016-07-31,6,6,0.0,0.0,0.0,0.0,1901.4227336134718,33.799887066859135,0.0011787303057642572,0
2016-08-01,2016-08-01,2016-08-01,20,6,0.0,0.0,0.0,0.0,7271.979233613473,33.799887066859135,0.004508046608477663,0
2016-08-02,2016-08-02,2016-08-02,15,6,0.0,0.0,0.0,0.0,10005.67640028014,33.799887066859135,0.006202720622923796,0
2016-08-03,2016-08-03,2016-08-03,5,6,0.0,0.0,0.0,0.0,7034.175733613472,33.799887066859135,0.004360627422143377,0
2016-08-04,2016-08-04,2016-08-04,1,6,0.0,0.0,0.0,0.0,13522.227733613472,33.799887066859135,0.008382701726073019,1
2016-08-05,2016-08-05,2016-08-05,4,6,0.0,0.0,0.0,0.0,9745.995233613472,33.799887066859135,0.00604173902973304,0
2016-08-06,2016-08-06,2016-08-06,18,6,0.0,0.0,0.0,0.0,11889.333844724584,33.799887066859135,0.007370437867592269,0
2016-08-07,2016-08-07,2016-08-07,5,6,0.0,0.0,0.0,0.0,3239.8177336134722,33.799887066859135,0.0020084283627477576,0
2016-08-08,2016-08-08,2016-08-08,21,6,0.0,0.0,0.0,0.0,7252.443447899188,33.799887066859135,0.004495935980861161,0
2016-08-09,2016-08-09,2016-08-09,16,6,0.0,0.0,0.0,0.0,9658.355233613473,33.799887066859135,0.005987409225965069,0
2016-08-10,2016-08-10,2016-08-10,2,6,0.0,0.0,0.0,0.0,13527.412733613472,33.799887066859135,0.00838591601215856,1
2016-08-11,2016-08-11,2016-08-11,21,6,0.0,0.0,0.0,0.0,6645.8220193277575,33.799887066859135,0.00411987912125673,0
2016-08-12,2016-08-12,2016-08-12,10,6,0.0,0.0,0.0,0.0,2732.677874487652,33.799887066859135,0.0016940421346644348,0
2016-08-13,2016-08-13,2016-08-13,4,6,0.0,0.0,0.0,0.0,8481.165233613472,33.799887066859135,0.005257645400113652,0
2016-08-14,2016-08-14,2016-08-14,11,6,0.0,0.0,0.0,0.0,9365.162125512346,33.799887066859135,0.005805652904316783,0
2016-08-15,2016-08-15,2016-08-15,21,6,0.0,0.0,0.0,0.0,7188.548209803947,33.799887066859135,0.0044563260339485385,0
2016-08-16,2016-08-16,2016-08-16,14,6,0.0,0.0,0.0,0.0,9112.682019327756,33.799887066859135,0.00564913539376994,0
2016-08-17,2016-08-17,2016-08-17,8,6,0.0,0.0,0.0,0.0,12620.263983613471,33.799887066859135,0.00782355620412729,1
2016-08-18,2016-08-18,2016-08-18,17,6,0.0,0.0,0.0,0.0,12572.871263025238,33.799887066859135,0.007794176500686065,1
2016-08-19,2016-08-19,2016-08-19,14,6,0.0,0.0,0.0,0.0,9840.847733613471,33.799887066859135,0.006100540007732828,0
2016-08-20,2016-08-20,2016-08-20,12,6,0.0,0.0,0.0,0.0,12503.826066946805,33.799887066859135,0.007751373990940945,1
2016-08-21,2016-08-21,2016-08-21,3,6,0.0,0.0,0.0,0.0,5835.304400280138,33.799887066859135,0.003617422900429021,0
2016-08-22,2016-08-22,2016-08-22,13,6,0.0,0.0,0.0,0.0,12659.116195151933,33.799887066859135,0.007847641473739755,1
2016-08-23,2016-08-23,2016-08-23,12,6,0.0,0.0,0.0,0.0,10825.629400280139,33.799887066859135,0.006711026026722968,0
2016-08-24,2016-08-24,2016-08-24,6,6,0.0,0.0,0.0,0.0,10339.677733613471,33.799887066859135,0.006409774786527638,0
2016-08-25,2016-08-25,2016-08-25,4,6,0.0,0.0,0.0,0.0,9101.287733613472,33.799887066859135,0.005642071846223919,0
2016-08-26,2016-08-26,2016-08-26,11,6,0.0,0.0,0.0,0.0,10056.093188158928,33.799887066859135,0.006233975006676261,0
2016-08-27,2016-08-27,2016-08-27,13,6,0.0,0.0,0.0,0.0,12857.586112540374,33.799887066859135,0.007970676978823728,1
2016-08-28,2016-08-28,2016-08-28,8,6,0.0,0.0,0.0,0.0,10489.437733613471,33.799887066859135,0.006502614031305039,0
2016-08-29,2016-08-29,2016-08-29,15,6,0.0,0.0,0.0,0.0,12010.601066946805,33.799887066859135,0.007445613864703409,0
2016-08-30,2016-08-30,2016-08-30,19,6,0.0,0.0,0.0,0.0,5559.355628350314,33.799887066859135,0.0034463566906051957,0
2016-08-31,2016-08-31,2016-08-31,16,6,0.0,0.0,0.0,0.0,4955.946483613472,33.799887066859135,0.0030722911905441278,0
2016-09-01,2016-09-01,2016-09-01,6,6,0.0,0.0,0.0,0.0,12688.292733613473,33.799887066859135,0.007865728598445872,1
2016-09-02,2016-09-02,2016-09-02,23,6,0.0,0.0,0.0,0.0,2035.8129510047784,33.799887066859135,0.0012620415122818827,0
2016-09-03,2016-09-03,2016-09-03,13,6,0.0,0.0,0.0,0.0,9021.133118228856,33.799887066859135,0.00559238238336514,0
2016-09-04,2016-09-04,2016-09-04,10,6,0.0,0.0,0.0,0.0,11237.447733613473,33.799887066859135,0.006966320518257119,0
2016-09-05,2016-09-05,2016-09-05,12,6,0.0,0.0,0.0,0.0,12952.12440028014,33.799887066859135,0.008029283170305488,1
2016-09-06,2016-09-06,2016-09-06,11,6,0.0,0.0,0.0,0.0,12286.935915431653,33.799887066859135,0.007616919411171163,0
2016-09-07,2016-09-07,2016-09-07,10,6,0.0,0.0,0.0,0.0,9638.074125512347,33.799887066859135,0.0059748365579672235,0
2016-09-08,2016-09-08,2016-09-08,23,6,0.0,0.0,0.0,0.0,7636.111646656951,33.799887066859135,0.004733779636161483,0
2016-09-09,2016-09-09,2016-09-09,30,6,0.0,0.0,0.0,0.0,10680.648066946806,33.799887066859135,0.006621149173801712,0
2016-09-10,2016-09-10,2016-09-10,3,6,0.0,0.0,0.0,0.0,12219.644400280138,33.799887066859135,0.007575204043605766,0
2016-09-11,2016-09-11,2016-09-11,14,6,0.0,0.0,0.0,0.0,6462.20701932776,33.799887066859135,0.0040060524790972605,0
2016-09-12,2016-09-12,2016-09-12,18,6,0.0,0.0,0.0,0.0,10898.327178057916,33.799887066859135,0.006756092845538967,0
2016-09-13,2016-09-13,2016-09-13,20,6,0.0,0.0,0.0,0.0,8698.274733613473,33.799887066859135,0.0053922359584336246,0
2016-09-14,2016-09-14,2016-09-14,15,6,0.0,0.0,0.0,0.0,6947.009066946806,33.799887066859135,0.004306591047256246,0
2016-09-15,2016-09-15,2016-09-15,4,6,0.0,0.0,0.0,0.0,3633.6672663865265,33.799887066859135,0.002252583632369702,0
2016-09-16,2016-09-16,2016-09-16,1,6,0.0,0.0,0.0,0.0,13518.477733613472,33.799887066859135,0.008380377025432558,1
2016-09-17,2016-09-17,2016-09-17,15,6,0.0,0.0,0.0,0.0,8133.2377336134705,33.799887066859135,0.005041958124891369,0
2016-09-18,2016-09-18,2016-09-18,24,6,0.0,0.0,0.0,0.0,6255.696879944086,33.799887066859135,0.0038780326782208185,0
2016-09-19,2016-09-19,2016-09-19,13,6,0.0,0.0,0.0,0.0,8990.08081053655,33.799887066859135,0.005573132431477125,0
2016-09-20,2016-09-20,2016-09-20,18,6,0.0,0.0,0.0,0.0,12007.171622502361,33.799887066859135,0.007443487882917696,0
2016-09-21,2016-09-21,2016-09-21,14,6,0.0,0.0,0.0,0.0,5234.378447899187,33.799887066859135,0.00324489678139732,0
2016-09-22,2016-09-22,2016-09-22,12,6,0.0,0.0,0.0,0.0,12290.11440028014,33.799887066859135,0.007618889818041286,0
2016-09-23,2016-09-23,2016-09-23,23,6,0.0,0.0,0.0,0.0,8629.260777091731,33.799887066859135,0.005349452814719824,0
2016-09-24,2016-09-24,2016-09-24,5,6,0.0,0.0,0.0,0.0,13001.539733613472,33.799887066859135,0.008059916732185096,1
2016-09-25,2016-09-25,2016-09-25,22,6,0.0,0.0,0.0,0.0,12133.967580057802,33.799887066859135,0.0075220912545808545,0
2016-09-26,2016-09-26,2016-09-26,25,6,0.0,0.0,0.0,0.0,8493.742133613472,33.799887066859135,0.005265442074109651,0
2016-09-27,2016-09-27,2016-09-27,13,6,0.0,0.0,0.0,0.0,10029.454656690395,33.799887066859135,0.006217461243698714,0
2016-09-28,2016-09-28,2016-09-28,5,6,0.0,0.0,0.0,0.0,10253.305733613472,33.799887066859135,0.006356231041536227,0
2016-09-29,2016-09-29,2016-09-29,5,6,0.0,0.0,0.0,0.0,13511.323733613472,33.799887066859135,0.008375942116530732,1
2016-09-30,2016-09-30,2016-09-30,12,6,0.0,0.0,0.0,0.0,12805.417733613473,33.799887066859135,0.007938336748449565,1
2016-10-01,2016-10-01,2016-10-01,11,6,0.0,0.0,0.0,0.0,8201.048642704382,33.799887066859135,0.005083995475236382,0
2016-10-02,2016-10-02,2016-10-02,10,6,0.0,0.0,0.0,0.0,31057.82926638653,33.799887066859135,0.019253374823162212,1
2016-10-03,2016-10-03,2016-10-03,6,6,0.0,0.0,0.0,0.0,6675.851066946806,33.799887066859135,0.004138494733585371,0
2016-10-04,2016-10-04,2016-10-04,15,6,0.0,0.0,0.0,0.0,12597.923733613472,33.799887066859135,0.007809707032531816,1
2016-10-05,2016-10-05,2016-10-05,11,6,0.0,0.0,0.0,0.0,7967.973188158927,33.799887066859135,0.004939507299647778,0
2016-10-06,2016-10-06,2016-10-06,25,6,0.0,0.0,0.0,0.0,12146.699733613472,33.799887066859135,0.007529984173387599,0
2016-10-07,2016-10-07,2016-10-07,18,6,0.0,0.0,0.0,0.0,7810.88551139125,33.799887066859135,0.00484212548023707,0
2016-10-08,2016-10-08,2016-10-08,11,6,0.0,0.0,0.0,0.0,5169.8622790680165,33.799887066859135,0.003204901906996831,0
2016-10-09,2016-10-09,2016-10-09,9,6,0.0,0.0,0.0,0.0,11611.607733613473,33.799887066859135,0.007198269849359631,0
2016-10-10,2016-10-10,2016-10-10,11,6,0.0,0.0,0.0,0.0,9152.66773361347,33.799887066859135,0.005673923344599071,0
2016-10-11,2016-10-11,2016-10-11,11,6,0.0,0.0,0.0,0.0,11203.692279068018,33.799887066859135,0.0069453948311102316,0
2016-10-12,2016-10-12,2016-10-12,19,6,0.0,0.0,0.0,0.0,7524.62931256084,33.799887066859135,0.004664669488568636,0
2016-10-13,2016-10-13,2016-10-13,3,6,0.0,0.0,0.0,0.0,13366.231066946806,33.799887066859135,0.008285996245830462,1
2016-10-14,2016-10-14,2016-10-14,17,6,0.0,0.0,0.0,0.0,6220.812439495826,33.799887066859135,0.0038564071099402453,0
2016-10-15,2016-10-15,2016-10-15,17,6,0.0,0.0,0.0,0.0,12199.723615966413,33.799887066859135,0.007562854747591745,0
2016-10-16,2016-10-16,2016-10-16,13,6,0.0,0.0,0.0,0.0,7006.923887459626,33.799887066859135,0.0043437334530213615,0
2016-10-17,2016-10-17,2016-10-17,12,6,0.0,0.0,0.0,0.0,12572.104400280139,33.799887066859135,0.007793701107002152,1
2016-10-18,2016-10-18,2016-10-18,47,6,0.0,0.0,0.0,0.0,9711.189861273044,33.799887066859135,0.006020162477367377,0
2016-10-19,2016-10-19,2016-10-19,7,6,0.0,0.0,0.0,0.0,12733.586305042043,33.799887066859135,0.007893806996981527,1
2016-10-20,2016-10-20,2016-10-20,24,6,0.0,0.0,0.0,0.0,7845.421900280138,33.799887066859135,0.004863535284335515,0
2016-10-21,2016-10-21,2016-10-21,12,6,0.0,0.0,0.0,0.0,12372.850233613472,33.799887066859135,0.007670179429971679,1
2016-10-22,2016-10-22,2016-10-22,10,6,0.0,0.0,0.0,0.0,11728.404733613472,33.799887066859135,0.007270674665547304,0
2016-10-23,2016-10-23,2016-10-23,28,6,0.0,0.0,0.0,0.0,11034.3441621849,33.799887066859135,0.006840412517569207,0
2016-10-24,2016-10-24,2016-10-24,23,6,0.0,0.0,0.0,0.0,7817.980777091733,33.799887066859135,0.004846523978561909,0
2016-10-25,2016-10-25,2016-10-25,18,6,0.0,0.0,0.0,0.0,12036.396066946805,33.799887066859135,0.007461604705508918,0
2016-10-26,2016-10-26,2016-10-26,13,6,0.0,0.0,0.0,0.0,10651.513118228857,33.799887066859135,0.006603087831416545,0
2016-10-27,2016-10-27,2016-10-27,17,6,0.0,0.0,0.0,0.0,8534.567145378178,33.799887066859135,0.005290750322375302,0
2016-10-28,2016-10-28,2016-10-28,2,6,0.0,0.0,0.0,0.0,12947.542733613473,33.799887066859135,0.008026442902722988,1
2016-10-29,2016-10-29,2016-10-29,41,6,0.0,0.0,0.0,0.0,9988.901148247618,33.799887066859135,0.006192321305818763,0
2016-10-30,2016-10-30,2016-10-30,5,6,0.0,0.0,0.0,0.0,13524.639733613472,33.799887066859135,0.008384196973524962,1
2016-10-31,2016-10-31,2016-10-31,6,6,0.0,0.0,0.0,0.0,10425.906066946805,33.799887066859135,0.006463229469654512,0
2016-11-01,2016-11-01,2016-11-01,19,6,0.0,0.0,0.0,0.0,48903.013704459714,33.799887066859135,0.030315964607778502,1
2016-11-02,2016-11-02,2016-11-02,15,6,0.0,0.0,0.0,0.0,12086.543066946806,33.799887066859135,0.007492691842313487,0
2016-11-03,2016-11-03,2016-11-03,22,6,0.0,0.0,0.0,0.0,12523.176369977107,33.799887066859135,0.007763369634100313,1
2016-11-04,2016-11-04,2016-11-04,6,6,0.0,0.0,0.0,0.0,12129.291066946806,33.799887066859135,0.007519192189774386,0
2016-11-05,2016-11-05,2016-11-05,18,6,0.0,0.0,0.0,0.0,11905.081622502361,33.799887066859135,0.007380200232681821,0
2016-11-06,2016-11-06,2016-11-06,17,6,0.0,0.0,0.0,0.0,5556.280360806466,33.799887066859135,0.0034444502702241915,0
2016-11-07,2016-11-07,2016-11-07,11,6,0.0,0.0,0.0,0.0,9143.112279068018,33.799887066859135,0.0056679997255852845,0
2016-11-08,2016-11-08,2016-11-08,24,6,0.0,0.0,0.0,0.0,12365.73940028014,33.799887066859135,0.0076657712809572245,1
2016-11-09,2016-11-09,2016-11-09,20,6,0.0,0.0,0.0,0.0,11562.10523361347,33.799887066859135,0.0071675822511051345,0
2016-11-10,2016-11-10,2016-11-10,11,6,0.0,0.0,0.0,0.0,12344.995915431653,33.799887066859135,0.007652911976287186,1
2016-11-11,2016-11-11,2016-11-11,8,6,0.0,0.0,0.0,0.0,5198.157733613472,33.799887066859135,0.0032224428300112098,0
2016-11-12,2016-11-12,2016-11-12,20,6,0.0,0.0,0.0,0.0,7155.107233613473,33.799887066859135,0.0044355952982771795,0
2016-11-13,2016-11-13,2016-11-13,24,6,0.0,0.0,0.0,0.0,11977.608566946805,33.799887066859135,0.007425161148468644,0
2016-11-14,2016-11-14,2016-11-14,4,6,0.0,0.0,0.0,0.0,9046.345233613472,33.799887066859135,0.00560801188224033,0
2016-11-15,2016-11-15,2016-11-15,20,6,0.0,0.0,0.0,0.0,12078.256733613473,33.799887066859135,0.007487554977138271,0
2016-11-16,2016-11-16,2016-11-16,23,6,0.0,0.0,0.0,0.0,10621.08816839608,33.799887066859135,0.006584226791319954,0
2016-11-17,2016-11-17,2016-11-17,20,6,0.0,0.0,0.0,0.0,8694.310733613473,33.799887066859135,0.005389778594876616,0
2016-11-18,2016-11-18,2016-11-18,22,6,0.0,0.0,0.0,0.0,8663.460915431653,33.799887066859135,0.005370654170320524,0
2016-11-19,2016-11-19,2016-11-19,13,6,0.0,0.0,0.0,0.0,12854.226964382702,33.799887066859135,0.007968594575124117,1
2016-11-20,2016-11-20,2016-11-20,9,6,0.0,0.0,0.0,0.0,12722.75551139125,33.799887066859135,0.007887092769531744,1
2016-11-21,2016-11-21,2016-11-21,17,6,0.0,0.0,0.0,0.0,10643.564204201706,33.799887066859135,0.006598160139275245,0
2016-11-22,2016-11-22,2016-11-22,4,6,0.0,0.0,0.0,0.0,13405.537733613472,33.799887066859135,0.008310363241343618,1
2016-11-23,2016-11-23,2016-11-23,19,6,0.0,0.0,0.0,0.0,11834.892470455577,33.799887066859135,0.007336688561557424,0
2016-11-24,2016-11-24,2016-11-24,21,6,0.0,0.0,0.0,0.0,11025.787733613472,33.799887066859135,0.006835108214907862,0
2016-11-25,2016-11-25,2016-11-25,4,6,0.0,0.0,0.0,0.0,4977.217733613472,33.799887066859135,0.003085477667477029,0
2016-11-26,2016-11-26,2016-11-26,1,6,0.0,0.0,0.0,0.0,13469.597733613473,33.799887066859135,0.00835007532748438,1
2016-11-27,2016-11-27,2016-11-27,28,6,0.0,0.0,0.0,0.0,9652.847019327757,33.799887066859135,0.005983994572824325,0
2016-11-28,2016-11-28,2016-11-28,26,6,0.0,0.0,0.0,0.0,7962.9458105365475,33.799887066859135,0.004936390726853489,0
2016-11-29,2016-11-29,2016-11-29,16,6,0.0,0.0,0.0,0.0,10932.463983613472,33.799887066859135,0.006777254939869167,0
2016-11-30,2016-11-30,2016-11-30,22,6,0.0,0.0,0.0,0.0,10719.91455179529,33.799887066859135,0.006645491259795278,0
2016-12-01,2016-12-01,2016-12-01,43,6,0.0,0.0,0.0,0.0,11832.697035939053,33.799887066859135,0.007335327567416984,0
2016-12-02,2016-12-02,2016-12-02,15,6,0.0,0.0,0.0,0.0,8516.535733613473,33.799887066859135,0.005279572286514555,0
2016-12-03,2016-12-03,2016-12-03,7,6,0.0,0.0,0.0,0.0,13047.562019327757,33.799887066859135,0.00808844687540521,1
2016-12-04,2016-12-04,2016-12-04,12,6,0.0,0.0,0.0,0.0,11188.254400280139,33.799887066859135,0.006935824578655426,0
2016-12-05,2016-12-05,2016-12-05,14,6,0.0,0.0,0.0,0.0,6846.012733613473,33.799887066859135,0.0042439813830471565,0
2016-12-06,2016-12-06,2016-12-06,20,6,0.0,0.0,0.0,0.0,9256.456733613471,33.799887066859135,0.005738264239205118,0
2016-12-07,2016-12-07,2016-12-07,22,6,0.0,0.0,0.0,0.0,12650.190460886199,33.799887066859135,0.007842108231029321,1
2016-12-08,2016-12-08,2016-12-08,3,6,0.0,0.0,0.0,0.0,11276.691066946805,33.799887066859135,0.006990648252159459,0
2016-12-09,2016-12-09,2016-12-09,14,6,0.0,0.0,0.0,0.0,4684.949162184901,33.799887066859135,0.0029042944847606947,0
2016-12-10,2016-12-10,2016-12-10,0,6,0.0,0.0,0.0,0.0,0.0,33.799887066859135,0.0,0
2016-12-11,2016-12-11,2016-12-11,0,6,0.0,0.0,0.0,0.0,0.0,33.799887066859135,0.0,0
2016-12-12,2016-12-12,2016-12-12,12,6,0.0,0.0,0.0,0.0,12528.718566946805,33.799887066859135,0.0077668053537923165,1
2016-12-13,2016-12-13,2016-12-13,20,6,0.0,0.0,0.0,0.0,11851.976733613472,33.799887066859135,0.007347279440892075,0
2016-12-14,2016-12-14,2016-12-14,14,6,0.0,0.0,0.0,0.0,6490.865837815099,33.799887066859135,0.004023818658748551,0
2016-12-15,2016-12-15,2016-12-15,41,6,0.0,0.0,0.0,0.0,4360.835681020673,33.799887066859135,0.0027033700001622626,0
2016-12-16,2016-12-16,2016-12-16,4,6,0.0,0.0,0.0,0.0,10950.782733613472,33.799887066859135,0.006788611102497813,0
2016-12-17,2016-12-17,2016-12-17,9,6,0.0,0.0,0.0,0.0,11497.83662250236,33.799887066859135,0.007127740842728745,0
2016-12-18,2016-12-18,2016-12-18,1,6,0.0,0.0,0.0,0.0,11462.077733613472,33.799887066859135,0.007105573186221512,0
2016-12-19,2016-12-19,2016-12-19,24,6,0.0,0.0,0.0,0.0,11249.714816946806,33.799887066859135,0.006973925130652205,0
2016-12-20,2016-12-20,2016-12-20,6,6,0.0,0.0,0.0,0.0,8944.051066946806,33.799887066859135,0.005544597664969585,0
2016-12-21,2016-12-21,2016-12-21,15,6,0.0,0.0,0.0,0.0,12552.019733613472,33.799887066859135,0.007781250217011905,1
2016-12-22,2016-12-22,2016-12-22,13,6,0.0,0.0,0.0,0.0,4134.365202435423,33.799887066859135,0.0025629763823989678,0
2016-12-23,2016-12-23,2016-12-23,16,6,0.0,0.0,0.0,0.0,5683.945233613473,33.799887066859135,0.003523592299978501,0
2016-12-24,2016-12-24,2016-12-24,20,6,0.0,0.0,0.0,0.0,9231.992733613472,33.799887066859135,0.005723098512146929,0
2016-12-25,2016-12-25,2016-12-25,12,6,0.0,0.0,0.0,0.0,9909.579400280138,33.799887066859135,0.006143148154271459,0
2016-12-26,2016-12-26,2016-12-26,8,6,0.0,0.0,0.0,0.0,6609.035233613473,33.799887066859135,0.004097074250773943,0
2016-12-27,2016-12-27,2016-12-27,22,6,0.0,0.0,0.0,0.0,9767.736824522563,33.799887066859135,0.0060552170804826335,0
2016-12-28,2016-12-28,2016-12-28,11,6,0.0,0.0,0.0,0.0,2732.677874487652,33.799887066859135,0.0016940421346644348,0
2016-12-29,2016-12-29,2016-12-29,4,6,0.0,0.0,0.0,0.0,13453.332733613472,33.799887066859135,0.008339992325906492,1
2016-12-30,2016-12-30,2016-12-30,18,6,0.0,0.0,0.0,0.0,10613.728289169027,33.799887066859135,0.006579664253732531,0
2016-12-31,2016-12-31,2016-12-31,13,6,0.0,0.0,0.0,0.0,12506.946964382703,33.799887066859135,0.007753308698212422,1
2017-01-01,2017-01-01,2017-01-01,14,6,0.0,0.0,0.0,0.0,9228.224876470616,33.799887066859135,0.005720762741503422,0
2017-01-02,2017-01-02,2017-01-02,19,6,0.0,0.0,0.0,0.0,8162.93983887663,33.799887066859135,0.005060371059058908,0
2017-01-03,2017-01-03,2017-01-03,22,6,0.0,0.0,0.0,0.0,12375.228642704382,33.799887066859135,0.0076716538537415216,1
2017-01-04,2017-01-04,2017-01-04,23,6,0.0,0.0,0.0,0.0,10893.157733613472,33.799887066859135,0.006752888202656082,0
2017-01-05,2017-01-05,2017-01-05,5,6,0.0,0.0,0.0,0.0,12089.605733613473,33.799887066859135,0.007494590451156558,0
2017-01-06,2017-01-06,2017-01-06,19,6,0.0,0.0,0.0,0.0,5199.61226638653,33.799887066859135,0.003223344524216302,0
2017-01-07,2017-01-07,2017-01-07,21,6,0.0,0.0,0.0,0.0,8265.393924089663,33.799887066859135,0.005123884413062229,0
2017-01-08,2017-01-08,2017-01-08,24,6,0.0,0.0,0.0,0.0,9906.478150280138,33.799887066859135,0.006141225626841799,0
2017-01-09,2017-01-09,2017-01-09,21,6,0.0,0.0,0.0,0.0,12488.849638375377,33.799887066859135,0.007742089800783132,1
2017-01-10,2017-01-10,2017-01-10,19,6,0.0,0.0,0.0,0.0,6157.718259929261,33.799887066859135,0.003817293755367532,0
2017-01-11,2017-01-11,2017-01-11,6,6,0.0,0.0,0.0,0.0,8695.742733613472,33.799887066859135,0.005390666320561186,0
2017-01-12,2017-01-12,2017-01-12,18,6,0.0,0.0,0.0,0.0,11486.998844724583,33.799887066859135,0.00712102228567777,0
2017-01-13,2017-01-13,2017-01-13,4,6,0.0,0.0,0.0,0.0,12870.552733613473,33.799887066859135,0.007978715248773924,1
2017-01-14,2017-01-14,2017-01-14,5,6,0.0,0.0,0.0,0.0,13008.361733613472,33.799887066859135,0.00806414582759022,1
2017-01-15,2017-01-15,2017-01-15,7,6,0.0,0.0,0.0,0.0,12026.362019327758,33.799887066859135,0.00745538439699521,0
2017-01-16,2017-01-16,2017-01-16,8,6,0.0,0.0,0.0,0.0,11403.713983613472,33.799887066859135,0.007069392320353609,0
2017-01-17,2017-01-17,2017-01-17,13,6,0.0,0.0,0.0,0.0,11164.092348998087,33.799887066859135,0.006920846035698036,0
2017-01-18,2017-01-18,2017-01-18,35,6,0.0,0.0,0.0,0.0,10987.563447899187,33.799887066859135,0.0068114122091795645,0
2017-01-19,2017-01-19,2017-01-19,5,6,0.0,0.0,0.0,0.0,7852.665733613472,33.799887066859135,0.004868025882732684,0
2017-01-20,2017-01-20,2017-01-20,8,6,0.0,0.0,0.0,0.0,8363.902733613471,33.799887066859135,0.005184952011086475,0
2017-01-21,2017-01-21,2017-01-21,34,6,0.0,0.0,0.0,0.0,2732.677874487652,33.799887066859135,0.0016940421346644348,0
2017-01-22,2017-01-22,2017-01-22,37,6,0.0,0.0,0.0,0.0,3099.6769228026587,33.799887066859135,0.001921552247375372,0
2017-01-23,2017-01-23,2017-01-23,3,6,0.0,0.0,0.0,0.0,12005.744400280139,33.799887066859135,0.007442603119073942,0
2017-01-24,2017-01-24,2017-01-24,14,6,0.0,0.0,0.0,0.0,10304.606305042043,33.799887066859135,0.006388033300537815,0
2017-01-25,2017-01-25,2017-01-25,15,6,0.0,0.0,0.0,0.0,12677.780400280139,33.799887066859135,0.007859211790970478,1
2017-01-26,2017-01-26,2017-01-26,19,6,0.0,0.0,0.0,0.0,12343.717733613472,33.799887066859135,0.00765211960559616,1
2017-01-27,2017-01-27,2017-01-27,16,6,0.0,0.0,0.0,0.0,12899.597108613472,33.799887066859135,0.007996720442684391,1
2017-01-28,2017-01-28,2017-01-28,3,6,0.0,0.0,0.0,0.0,13413.074400280138,33.799887066859135,0.0083150353730308,1
2017-01-29,2017-01-29,2017-01-29,16,6,0.0,0.0,0.0,0.0,7871.833358613472,33.799887066859135,0.004879908280096309,0
2017-01-30,2017-01-30,2017-01-30,14,6,0.0,0.0,0.0,0.0,9306.038447899185,33.799887066859135,0.005769000943993143,0
2017-01-31,2017-01-31,2017-01-31,23,6,0.0,0.0,0.0,0.0,11695.090342309124,33.799887066859135,0.007250022402400172,0
2017-02-01,2017-02-01,2017-02-01,2,6,0.0,0.0,0.0,0.0,13542.222733613473,33.799887066859135,0.00839509702988795,1
2017-02-02,2017-02-02,2017-02-02,10,6,0.0,0.0,0.0,0.0,7426.6447336134715,33.799887066859135,0.004603926871652869,0
2017-02-03,2017-02-03,2017-02-03,3,6,0.0,0.0,0.0,0.0,7886.137733613471,33.799887066859135,0.004888775850689342,0
2017-02-04,2017-02-04,2017-02-04,16,6,0.0,0.0,0.0,0.0,10698.022733613472,33.799887066859135,0.006631920080129118,0
2017-02-05,2017-02-05,2017-02-05,6,6,0.0,0.0,0.0,0.0,7384.386066946806,33.799887066859135,0.004577729871795543,0
2017-02-06,2017-02-06,2017-02-06,11,6,0.0,0.0,0.0,0.0,10433.407733613472,33.799887066859135,0.006467879904135717,0
2017-02-07,2017-02-07,2017-02-07,22,6,0.0,0.0,0.0,0.0,12476.540915431655,33.799887066859135,0.0077344593751536616,1
2017-02-08,2017-02-08,2017-02-08,16,6,0.0,0.0,0.0,0.0,5846.108358613472,33.799887066859135,0.0036241204921242214,0
2017-02-09,2017-02-09,2017-02-09,18,6,0.0,0.0,0.0,0.0,12610.282178057916,33.799887066859135,0.007817368281522505,1
2017-02-10,2017-02-10,2017-02-10,10,6,0.0,0.0,0.0,0.0,6811.444733613472,33.799887066859135,0.004222551982583313,0
2017-02-11,2017-02-11,2017-02-11,21,6,0.0,0.0,0.0,0.0,8045.31297170871,33.799887066859135,0.004987451791474765,0
2017-02-12,2017-02-12,2017-02-12,5,6,0.0,0.0,0.0,0.0,10384.307733613472,33.799887066859135,0.0064374418237499636,0
2017-02-13,2017-02-13,2017-02-13,42,6,0.0,0.0,0.0,0.0,6385.083685994424,33.799887066859135,0.003958242169125422,0
2017-02-14,2017-02-14,2017-02-14,22,6,0.0,0.0,0.0,0.0,12539.16773361347,33.799887066859135,0.0077732830029769205,1
2017-02-15,2017-02-15,2017-02-15,25,6,0.0,0.0,0.0,0.0,11703.608533613473,33.799887066859135,0.00725530300100838,0
2017-02-16,2017-02-16,2017-02-16,12,6,0.0,0.0,0.0,0.0,10653.143566946806,33.799887066859135,0.00660409857946424,0
2017-02-17,2017-02-17,2017-02-17,5,6,0.0,0.0,0.0,0.0,7436.677733613472,33.799887066859135,0.0046101465307263985,0
2017-02-18,2017-02-18,2017-02-18,20,6,0.0,0.0,0.0,0.0,12554.303733613471,33.799887066859135,0.0077826661146819884,1
2017-02-19,2017-02-19,2017-02-19,23,6,0.0,0.0,0.0,0.0,10053.663385787386,33.799887066859135,0.006232468723175111,0
2017-02-20,2017-02-20,2017-02-20,13,6,0.0,0.0,0.0,0.0,12235.982348998088,33.799887066859135,0.007585332267565344,0
2017-02-21,2017-02-21,2017-02-21,23,6,0.0,0.0,0.0,0.0,9288.482951004777,33.799887066859135,0.005758117937360071,0
2017-02-22,2017-02-22,2017-02-22,10,6,0.0,0.0,0.0,0.0,11183.155733613472,33.799887066859135,0.006932663812344628,0
2017-02-23,2017-02-23,2017-02-23,5,6,0.0,0.0,0.0,0.0,12987.543733613473,33.799887066859135,0.008051240329474732,1
2017-02-24,2017-02-24,2017-02-24,12,6,0.0,0.0,0.0,0.0,12229.95440028014,33.799887066859135,0.007581595420566605,0
2017-02-25,2017-02-25,2017-02-25,11,6,0.0,0.0,0.0,0.0,12571.209551795291,33.799887066859135,0.007793146372376595,1
2017-02-26,2017-02-26,2017-02-26,21,6,0.0,0.0,0.0,0.0,9711.592495518233,33.799887066859135,0.00602041207845742,0
2017-02-27,2017-02-27,2017-02-27,16,6,0.0,0.0,0.0,0.0,11931.481483613472,33.799887066859135,0.007396566039090633,0
2017-02-28,2017-02-28,2017-02-28,4,6,0.0,0.0,0.0,0.0,11370.932733613472,33.799887066859135,0.007049070562254924,0
2017-03-01,2017-03-01,2017-03-01,10,6,0.0,0.0,0.0,0.0,8947.11373361347,33.799887066859135,0.005546496273812654,0
2017-03-02,2017-03-02,2017-03-02,6,6,0.0,0.0,0.0,0.0,13035.451066946805,33.799887066859135,0.008080939051736789,1
2017-03-03,2017-03-03,2017-03-03,14,6,0.0,0.0,0.0,0.0,8747.581305042044,33.799887066859135,0.005422802096614658,0
2017-03-04,2017-03-04,2017-03-04,33,6,0.0,0.0,0.0,0.0,12632.857430583168,33.799887066859135,0.00783136313592357,1
2017-03-05,2017-03-05,2017-03-05,36,6,0.0,0.0,0.0,0.0,22577.165877497646,33.799887066859135,0.01399604052671594,1
2017-03-06,2017-03-06,2017-03-06,9,6,0.0,0.0,0.0,0.0,8967.13551139125,33.799887066859135,0.00555890817771216,0
2017-03-07,2017-03-07,2017-03-07,21,6,0.0,0.0,0.0,0.0,8541.017733613473,33.799887066859135,0.005294749172135817,0
2017-03-08,2017-03-08,2017-03-08,30,6,0.0,0.0,0.0,0.0,10967.570933053206,33.799887066859135,0.006799018445961737,0
2017-03-09,2017-03-09,2017-03-09,21,6,0.0,0.0,0.0,0.0,9220.821066946806,33.799887066859135,0.00571617297063893,0
2017-03-10,2017-03-10,2017-03-10,15,6,0.0,0.0,0.0,0.0,10401.351733613472,33.799887066859135,0.006448007743140895,0
2017-03-11,2017-03-11,2017-03-11,9,6,0.0,0.0,0.0,0.0,10849.607733613473,33.799887066859135,0.0067258906792182094,0
2017-03-12,2017-03-12,2017-03-12,16,6,0.0,0.0,0.0,0.0,10556.487733613472,33.799887066859135,0.00654417967875646,0
2017-03-13,2017-03-13,2017-03-13,21,6,0.0,0.0,0.0,0.0,10668.139162184902,33.799887066859135,0.006613394651425325,0
2017-03-14,2017-03-14,2017-03-14,16,6,0.0,0.0,0.0,0.0,10028.708358613472,33.799887066859135,0.006216998598467407,0
2017-03-15,2017-03-15,2017-03-15,8,6,0.0,0.0,0.0,0.0,8706.797733613472,33.799887066859135,0.005397519538049261,0
2017-03-16,2017-03-16,2017-03-16,3,6,0.0,0.0,0.0,0.0,6591.517733613471,33.799887066859135,0.004086214799182141,0
2017-03-17,2017-03-17,2017-03-17,16,6,0.0,0.0,0.0,0.0,7474.746483613471,33.799887066859135,0.004633746116728132,0
2017-03-18,2017-03-18,2017-03-18,32,6,0.0,0.0,0.0,0.0,9114.314921113471,33.799887066859135,0.005650147662523822,0
2017-03-19,2017-03-19,2017-03-19,14,6,0.0,0.0,0.0,0.0,12554.471305042043,33.799887066859135,0.007782769995590608,1
2017-03-20,2017-03-20,2017-03-20,7,6,0.0,0.0,0.0,0.0,11839.397733613472,33.799887066859135,0.007339481465063718,0
2017-03-21,2017-03-21,2017-03-21,13,6,0.0,0.0,0.0,0.0,12077.661579767318,33.799887066859135,0.007487186029264317,0
2017-03-22,2017-03-22,2017-03-22,17,6,0.0,0.0,0.0,0.0,12039.55185126053,33.799887066859135,0.007463561039859657,0
2017-03-23,2017-03-23,2017-03-23,10,6,0.0,0.0,0.0,0.0,11105.012733613472,33.799887066859135,0.006884221390438642,0
2017-03-24,2017-03-24,2017-03-24,10,6,0.0,0.0,0.0,0.0,9450.273733613472,33.799887066859135,0.005858415306946982,0
2017-03-25,2017-03-25,2017-03-25,7,6,0.0,0.0,0.0,0.0,6679.030590756329,33.799887066859135,0.004140465784528398,0
2017-03-26,2017-03-26,2017-03-26,11,6,0.0,0.0,0.0,0.0,11383.863188158926,33.799887066859135,0.007057086411845125,0
2017-03-27,2017-03-27,2017-03-27,16,6,0.0,0.0,0.0,0.0,10019.893983613472,33.799887066859135,0.006211534389612007,0
2017-03-28,2017-03-28,2017-03-28,7,6,0.0,0.0,0.0,0.0,7071.804876470615,33.799887066859135,0.004383954486810031,0
2017-03-29,2017-03-29,2017-03-29,20,6,0.0,0.0,0.0,0.0,4455.381266386523,33.799887066859135,0.0027619807155896316,0
2017-03-30,2017-03-30,2017-03-30,8,6,0.0,0.0,0.0,0.0,7755.990233613473,33.799887066859135,0.004808094790261546,0
2017-03-31,2017-03-31,2017-03-31,15,6,0.0,0.0,0.0,0.0,9852.857733613473,33.799887066859135,0.0061079852489840086,0
2017-04-01,2017-04-01,2017-04-01,32,6,0.0,0.0,0.0,0.0,6725.455858613472,33.799887066859135,0.004169245744507335,0
2017-04-02,2017-04-02,2017-04-02,30,6,0.0,0.0,0.0,0.0,7222.851066946805,33.799887066859135,0.004477591067007098,0
2017-04-03,2017-04-03,2017-04-03,17,6,0.0,0.0,0.0,0.0,11587.866557142883,33.799887066859135,0.007183552215187245,0
2017-04-04,2017-04-04,2017-04-04,23,6,0.0,0.0,0.0,0.0,11969.485559700428,33.799887066859135,0.007420125532429146,0
2017-04-05,2017-04-05,2017-04-05,18,6,0.0,0.0,0.0,0.0,9726.123289169027,33.799887066859135,0.006029420010539125,0
2017-04-06,2017-04-06,2017-04-06,28,6,0.0,0.0,0.0,0.0,12311.643090756328,33.799887066859135,0.007632235887518155,0
2017-04-07,2017-04-07,2017-04-07,4,6,0.0,0.0,0.0,0.0,2732.677874487652,33.799887066859135,0.0016940421346644348,0
2017-04-08,2017-04-08,2017-04-08,16,6,0.0,0.0,0.0,0.0,6567.598358613473,33.799887066859135,0.00407138669614697,0
2017-04-09,2017-04-09,2017-04-09,11,6,0.0,0.0,0.0,0.0,7942.597733613472,33.799887066859135,0.004923776543532104,0
2017-04-10,2017-04-10,2017-04-10,6,6,0.0,0.0,0.0,0.0,7095.874400280138,33.799887066859135,0.004398875670120847,0
2017-04-11,2017-04-11,2017-04-11,12,6,0.0,0.0,0.0,0.0,11439.516900280138,33.799887066859135,0.007091587270568362,0
2017-04-12,2017-04-12,2017-04-12,11,6,0.0,0.0,0.0,0.0,12210.765006340745,33.799887066859135,0.007569699528198352,0
2017-04-13,2017-04-13,2017-04-13,3,6,0.0,0.0,0.0,0.0,13327.814400280138,33.799887066859135,0.008262180979269307,1
2017-04-14,2017-04-14,2017-04-14,11,6,0.0,0.0,0.0,0.0,12452.468642704382,33.799887066859135,0.007719536487733285,1
2017-04-15,2017-04-15,2017-04-15,11,6,0.0,0.0,0.0,0.0,12359.023188158926,33.799887066859135,0.007661607765591986,1
2017-04-16,2017-04-16,2017-04-16,4,6,0.0,0.0,0.0,0.0,8168.437733613471,33.799887066859135,0.005063779314903151,0
2017-04-17,2017-04-17,2017-04-17,17,6,0.0,0.0,0.0,0.0,11687.044792437002,33.799887066859135,0.007245034803749353,0
2017-04-18,2017-04-18,2017-04-18,17,6,0.0,0.0,0.0,0.0,7534.329498319354,33.799887066859135,0.004670682829380742,0
2017-04-19,2017-04-19,2017-04-19,6,6,0.0,0.0,0.0,0.0,3940.8810669468057,33.799887066859135,0.0024430316640818503,0
2017-04-20,2017-04-20,2017-04-20,7,6,0.0,0.0,0.0,0.0,6758.139162184901,33.799887066859135,0.004189506783639293,0
2017-04-21,2017-04-21,2017-04-21,2,6,0.0,0.0,0.0,0.0,13394.037733613472,33.799887066859135,0.008303234159379542,1
2017-04-22,2017-04-22,2017-04-22,9,6,0.0,0.0,0.0,0.0,9150.877733613472,33.799887066859135,0.005672813687493359,0
2017-04-23,2017-04-23,2017-04-23,17,6,0.0,0.0,0.0,0.0,12272.967145378178,33.799887066859135,0.007608259888853896,0
2017-04-24,2017-04-24,2017-04-24,18,6,0.0,0.0,0.0,0.0,6609.778289169028,33.799887066859135,0.004097534885900848,0
2017-04-25,2017-04-25,2017-04-25,7,6,0.0,0.0,0.0,0.0,12733.013447899186,33.799887066859135,0.007893451871283689,1
2017-04-26,2017-04-26,2017-04-26,22,6,0.0,0.0,0.0,0.0,10422.422733613472,33.799887066859135,0.006461070081059596,0
2017-04-27,2017-04-27,2017-04-27,15,6,0.0,0.0,0.0,0.0,6687.150400280136,33.799887066859135,0.004145499418235173,0
2017-04-28,2017-04-28,2017-04-28,12,6,0.0,0.0,0.0,0.0,9749.071066946806,33.799887066859135,0.00604364580085836,0
2017-04-29,2017-04-29,2017-04-29,5,6,0.0,0.0,0.0,0.0,9208.127733613474,33.799887066859135,0.005708304117271045,0
2017-04-30,2017-04-30,2017-04-30,3,6,0.0,0.0,0.0,0.0,11359.327733613472,33.799887066859135,0.007041876388672915,0
2017-05-01,2017-05-01,2017-05-01,16,6,0.0,0.0,0.0,0.0,10054.390233613472,33.799887066859135,0.0062329193108035955,0
2017-05-02,2017-05-02,2017-05-02,4,6,0.0,0.0,0.0,0.0,10136.092733613472,33.799887066859135,0.006283568338557505,0
2017-05-03,2017-05-03,2017-05-03,13,6,0.0,0.0,0.0,0.0,10490.753887459625,33.799887066859135,0.006503429941622132,0
2017-05-04,2017-05-04,2017-05-04,34,6,0.0,0.0,0.0,0.0,5793.150968907591,33.799887066859135,0.003591291138053198,0
2017-05-05,2017-05-05,2017-05-05,11,6,0.0,0.0,0.0,0.0,57868.555761875985,33.799887066859135,0.03587388497123035,1
2017-05-06,2017-05-06,2017-05-06,18,6,0.0,0.0,0.0,0.0,6870.432178057917,33.799887066859135,0.004259119489217735,0
2017-05-07,2017-05-07,2017-05-07,14,6,0.0,0.0,0.0,0.0,12576.366305042044,33.799887066859135,0.007796343147730038,1
2017-05-08,2017-05-08,2017-05-08,12,6,0.0,0.0,0.0,0.0,12053.692733613472,33.799887066859135,0.007472327258063002,0
2017-05-09,2017-05-09,2017-05-09,29,6,0.0,0.0,0.0,0.0,10226.648423268645,33.799887066859135,0.00633970563715448,0
2017-05-10,2017-05-10,2017-05-10,14,6,0.0,0.0,0.0,0.0,2952.922019327758,33.799887066859135,0.001830575922549049,0
2017-05-11,2017-05-11,2017-05-11,15,6,0.0,0.0,0.0,0.0,6285.2977336134745,33.799887066859135,0.003896382844483054,0
2017-05-12,2017-05-12,2017-05-12,13,6,0.0,0.0,0.0,0.0,5794.684656690395,33.799887066859135,0.0035922419020454513,0
2017-05-13,2017-05-13,2017-05-13,22,6,0.0,0.0,0.0,0.0,35739.914084568336,33.799887066859135,0.022155893643299313,1
2017-05-14,2017-05-14,2017-05-14,12,6,0.0,0.0,0.0,0.0,9891.246900280139,33.799887066859135,0.006131783467740466,0
2017-05-15,2017-05-15,2017-05-15,4,6,0.0,0.0,0.0,0.0,12836.550233613472,33.799887066859135,0.007957636413166661,1
2017-05-16,2017-05-16,2017-05-16,14,6,0.0,0.0,0.0,0.0,12447.928447899187,33.799887066859135,0.007716721929394231,1
2017-05-17,2017-05-17,2017-05-17,12,6,0.0,0.0,0.0,0.0,8518.24190028014,33.799887066859135,0.00528062997364595,0
2017-05-18,2017-05-18,2017-05-18,8,6,0.0,0.0,0.0,0.0,4313.387733613472,33.799887066859135,0.0026739560605019905,0
2017-05-19,2017-05-19,2017-05-19,9,6,0.0,0.0,0.0,0.0,12981.38551139125,33.799887066859135,0.008047422723302972,1
2017-05-20,2017-05-20,2017-05-20,9,6,0.0,0.0,0.0,0.0,13016.249955835694,33.799887066859135,0.008069035895657444,1
2017-05-21,2017-05-21,2017-05-21,37,6,0.0,0.0,0.0,0.0,8011.040166045906,33.799887066859135,0.004966205387934851,0
2017-05-22,2017-05-22,2017-05-22,24,6,0.0,0.0,0.0,0.0,9103.638566946805,33.799887066859135,0.005643529175225416,0
2017-05-23,2017-05-23,2017-05-23,5,6,0.0,0.0,0.0,0.0,13381.817733613472,33.799887066859135,0.008295658734892497,1
2017-05-24,2017-05-24,2017-05-24,6,6,0.0,0.0,0.0,0.0,11897.669400280138,33.799887066859135,0.007375605246615892,0
2017-05-25,2017-05-25,2017-05-25,25,6,0.0,0.0,0.0,0.0,8613.236933613473,33.799887066859135,0.0053395193109340815,0
2017-05-26,2017-05-26,2017-05-26,5,6,0.0,0.0,0.0,0.0,5295.829733613473,33.799887066859135,0.0032829916729325394,0
2017-05-27,2017-05-27,2017-05-27,31,6,0.0,0.0,0.0,0.0,9307.433540065085,33.799887066859135,0.005769865789766894,0
2017-05-28,2017-05-28,2017-05-28,23,6,0.0,0.0,0.0,0.0,6206.626864048253,33.799887066859135,0.0038476131855860424,0
2017-05-29,2017-05-29,2017-05-29,20,6,0.0,0.0,0.0,0.0,5425.672233613472,33.799887066859135,0.003363483657708244,0
2017-05-30,2017-05-30,2017-05-30,30,6,0.0,0.0,0.0,0.0,8889.420463277422,33.799887066859135,0.005510731051812539,0
2017-05-31,2017-05-31,2017-05-31,9,6,0.0,0.0,0.0,0.0,12992.609955835695,33.799887066859135,0.008054380982819987,1
2017-06-01,2017-06-01,2017-06-01,5,6,0.0,0.0,0.0,0.0,12745.435733613473,33.799887066859135,0.007901152696765284,1
2017-06-02,2017-06-02,2017-06-02,5,6,0.0,0.0,0.0,0.0,7445.085733613472,33.799887066859135,0.004615358819522394,0
2017-06-03,2017-06-03,2017-06-03,14,6,0.0,0.0,0.0,0.0,10548.244876470617,33.799887066859135,0.00653906976534867,0
2017-06-04,2017-06-04,2017-06-04,4,6,0.0,0.0,0.0,0.0,12777.095233613472,33.799887066859135,0.007920779059412386,1
2017-06-05,2017-06-05,2017-06-05,5,6,0.0,0.0,0.0,0.0,11227.23973361347,33.799887066859135,0.0069599923731537006,0
2017-06-06,2017-06-06,2017-06-06,13,6,0.0,0.0,0.0,0.0,12219.996195151933,33.799887066859135,0.007575422128342771,0
2017-06-07,2017-06-07,2017-06-07,22,6,0.0,0.0,0.0,0.0,9927.180006340745,33.799887066859135,0.006154059124986545,0
2017-06-08,2017-06-08,2017-06-08,10,6,0.0,0.0,0.0,0.0,9467.002733613472,33.799887066859135,0.005868785951484115,0
2017-06-09,2017-06-09,2017-06-09,3,6,0.0,0.0,0.0,0.0,12412.351066946805,33.799887066859135,0.0076946667933179965,1
2017-06-10,2017-06-10,2017-06-10,5,6,0.0,0.0,0.0,0.0,10110.981733613473,33.799887066859135,0.006268001523148817,0
2017-06-11,2017-06-11,2017-06-11,4,6,0.0,0.0,0.0,0.0,11316.860233613472,33.799887066859135,0.00701554992881992,0
2017-06-12,2017-06-12,2017-06-12,34,6,0.0,0.0,0.0,0.0,52911.14520756301,33.799887066859135,0.03280068617372813,1
2017-06-13,2017-06-13,2017-06-13,22,6,0.0,0.0,0.0,0.0,12468.641369977107,33.799887066859135,0.007729562287586322,1
2017-06-14,2017-06-14,2017-06-14,13,6,0.0,0.0,0.0,0.0,12869.487733613472,33.799887066859135,0.007978055033792033,1
2017-06-15,2017-06-15,2017-06-15,5,6,0.0,0.0,0.0,0.0,13320.033733613473,33.799887066859135,0.008257357587060454,1
2017-06-16,2017-06-16,2017-06-16,11,6,0.0,0.0,0.0,0.0,8571.573188158927,33.799887066859135,0.005313691114736179,0
2017-06-17,2017-06-17,2017-06-17,3,6,0.0,0.0,0.0,0.0,7527.791066946806,33.799887066859135,0.004666629523887578,0
2017-06-18,2017-06-18,2017-06-18,12,6,0.0,0.0,0.0,0.0,1682.8668700559135,33.799887066859135,0.0010432431175006601,0
2017-06-19,2017-06-19,2017-06-19,21,6,0.0,0.0,0.0,0.0,4951.83059075633,33.799887066859135,0.003069739665541178,0
2017-06-20,2017-06-20,2017-06-20,8,6,0.0,0.0,0.0,0.0,11761.868983613473,33.799887066859135,0.007291419829122639,0
2017-06-21,2017-06-21,2017-06-21,19,6,0.0,0.0,0.0,0.0,10276.297733613472,33.799887066859135,0.006370484246103015,0
2017-06-22,2017-06-22,2017-06-22,12,6,0.0,0.0,0.0,0.0,12713.200233613472,33.799887066859135,0.007881169260099805,1
2017-06-23,2017-06-23,2017-06-23,23,6,0.0,0.0,0.0,0.0,7131.135559700425,33.799887066859135,0.004420734774090898,0
2017-06-24,2017-06-24,2017-06-24,19,6,0.0,0.0,0.0,0.0,7656.209838876629,33.799887066859135,0.004746238910914862,0
2017-06-25,2017-06-25,2017-06-25,11,6,0.0,0.0,0.0,0.0,12119.950460886199,33.799887066859135,0.007513401759670021,0
2017-06-26,2017-06-26,2017-06-26,15,6,0.0,0.0,0.0,0.0,12078.613066946806,33.799887066859135,0.007487775875359129,0
2017-06-27,2017-06-27,2017-06-27,28,6,0.0,0.0,0.0,0.0,9106.6666621849,33.799887066859135,0.0056454063525425814,0
2017-06-28,2017-06-28,2017-06-28,9,6,0.0,0.0,0.0,0.0,11197.395511391249,33.799887066859135,0.006941491337816627,0
2017-06-29,2017-06-29,2017-06-29,4,6,0.0,0.0,0.0,0.0,13522.590233613471,33.799887066859135,0.008382926447134929,1
2017-06-30,2017-06-30,2017-06-30,31,6,0.0,0.0,0.0,0.0,8125.768254544602,33.799887066859135,0.005037327644151289,0
2017-07-01,2017-07-01,2017-07-01,8,6,0.0,0.0,0.0,0.0,12890.955233613473,33.799887066859135,0.007991363170058453,1
2017-07-02,2017-07-02,2017-07-02,12,6,0.0,0.0,0.0,0.0,11991.469400280139,33.799887066859135,0.007433753758635925,0
2017-07-03,2017-07-03,2017-07-03,13,6,0.0,0.0,0.0,0.0,9946.553118228856,33.799887066859135,0.006166068907816943,0
2017-07-04,2017-07-04,2017-07-04,37,6,0.0,0.0,0.0,0.0,10834.928274154014,33.799887066859135,0.006716790586203007,0
2017-07-05,2017-07-05,2017-07-05,1,6,0.0,0.0,0.0,0.0,12692.057733613472,33.799887066859135,0.007868062597888893,1
2017-07-06,2017-07-06,2017-07-06,8,6,0.0,0.0,0.0,0.0,12098.14587551235,33.799887066859135,0.007499884657381075,0
2017-07-07,2017-07-07,2017-07-07,12,6,0.0,0.0,0.0,0.0,9967.903566946805,33.799887066859135,0.006179304481632601,0
2017-07-08,2017-07-08,2017-07-08,17,6,0.0,0.0,0.0,0.0,11425.741263025237,33.799887066859135,0.007083047475168573,0
2017-07-09,2017-07-09,2017-07-09,41,6,0.0,0.0,0.0,0.0,8274.73285556469,33.799887066859135,0.0051296738050572175,0
2017-07-10,2017-07-10,2017-07-10,2,6,0.0,0.0,0.0,0.0,12944.887733613472,33.799887066859135,0.008024797014669542,1
2017-07-11,2017-07-11,2017-07-11,14,6,0.0,0.0,0.0,0.0,12409.529162184901,33.799887066859135,0.007692917437636046,1
2017-07-12,2017-07-12,2017-07-12,10,6,0.0,0.0,0.0,0.0,4607.831266386531,33.799887066859135,0.0028564875456264602,0
2017-07-13,2017-07-13,2017-07-13,8,6,0.0,0.0,0.0,0.0,12089.808983613471,33.799887066859135,0.00749471644993127,0
2017-07-14,2017-07-14,2017-07-14,8,6,0.0,0.0,0.0,0.0,9934.633983613472,33.799887066859135,0.006158679995850513,0
2017-07-15,2017-07-15,2017-07-15,18,6,0.0,0.0,0.0,0.0,12142.914955835695,33.799887066859135,0.007527637913301201,0
2017-07-16,2017-07-16,2017-07-16,3,6,0.0,0.0,0.0,0.0,6457.121066946806,33.799887066859135,0.004002899594628634,0
2017-07-17,2017-07-17,2017-07-17,14,6,0.0,0.0,0.0,0.0,12363.930590756328,33.799887066859135,0.007664649963448299,1
2017-07-18,2017-07-18,2017-07-18,20,6,0.0,0.0,0.0,0.0,10916.296233613471,33.799887066859135,0.0067672322255278895,0
2017-07-19,2017-07-19,2017-07-19,4,6,0.0,0.0,0.0,0.0,6787.4302336134715,33.799887066859135,0.004207664909641894,0
2017-07-20,2017-07-20,2017-07-20,11,6,0.0,0.0,0.0,0.0,10827.72955179529,33.799887066859135,0.006712327953008923,0
2017-07-21,2017-07-21,2017-07-21,11,6,0.0,0.0,0.0,0.0,12567.907733613472,33.799887066859135,0.0077910995086854055,1
2017-07-22,2017-07-22,2017-07-22,19,6,0.0,0.0,0.0,0.0,11699.671944139787,33.799887066859135,0.007252862629789525,0
2017-07-23,2017-07-23,2017-07-23,9,6,0.0,0.0,0.0,0.0,12786.306622502361,33.799887066859135,0.007926489385185592,1
2017-07-24,2017-07-24,2017-07-24,15,6,0.0,0.0,0.0,0.0,10497.085733613472,33.799887066859135,0.006507355180771235,0
2017-07-25,2017-07-25,2017-07-25,12,6,0.0,0.0,0.0,0.0,12849.105233613473,33.799887066859135,0.00796541951091092,1
2017-07-26,2017-07-26,2017-07-26,8,6,0.0,0.0,0.0,0.0,9014.675233613472,33.799887066859135,0.0055883790104314345,0
2017-07-27,2017-07-27,2017-07-27,5,6,0.0,0.0,0.0,0.0,2759.5017336134715,33.799887066859135,0.00171067078599494,0
2017-07-28,2017-07-28,2017-07-28,19,6,0.0,0.0,0.0,0.0,9080.14089150821,33.799887066859135,0.005628962492254371,0
2017-07-29,2017-07-29,2017-07-29,20,6,0.0,0.0,0.0,0.0,18710.160125512346,33.799887066859135,0.011598805660502136,1
2017-07-30,2017-07-30,2017-07-30,23,6,0.0,0.0,0.0,0.0,10196.989472743906,33.799887066859135,0.0063213194554797535,0
2017-07-31,2017-07-31,2017-07-31,8,6,0.0,0.0,0.0,0.0,6129.918983613473,33.799887066859135,0.0038000604232460303,0
2017-08-01,2017-08-01,2017-08-01,15,6,0.0,0.0,0.0,0.0,11206.467733613472,33.799887066859135,0.006947115391366067,0
2017-08-02,2017-08-02,2017-08-02,9,6,0.0,0.0,0.0,0.0,11987.232178057917,33.799887066859135,0.0074311270191122535,0
2017-08-03,2017-08-03,2017-08-03,6,6,0.0,0.0,0.0,0.0,4687.649400280139,33.799887066859135,0.002905968416821866,0
2017-08-04,2017-08-04,2017-08-04,21,6,0.0,0.0,0.0,0.0,8872.994876470613,33.799887066859135,0.0055005484992339485,0
2017-08-05,2017-08-05,2017-08-05,22,6,0.0,0.0,0.0,0.0,10893.075006340745,33.799887066859135,0.0067528369183510436,0
2017-08-06,2017-08-06,2017-08-06,10,6,0.0,0.0,0.0,0.0,11658.807733613472,33.799887066859135,0.007227530081420883,0
2017-08-07,2017-08-07,2017-08-07,21,6,0.0,0.0,0.0,0.0,9717.434876470616,33.799887066859135,0.006024033888255238,0
2017-08-08,2017-08-08,2017-08-08,35,6,0.0,0.0,0.0,0.0,11052.8931621849,33.799887066859135,0.006851911416817178,0
2017-08-09,2017-08-09,2017-08-09,28,6,0.0,0.0,0.0,0.0,8304.223805042046,33.799887066859135,0.005147955839493956,0
2017-08-10,2017-08-10,2017-08-10,16,6,0.0,0.0,0.0,0.0,9101.585858613471,33.799887066859135,0.005642256659924835,0
2017-08-11,2017-08-11,2017-08-11,19,6,0.0,0.0,0.0,0.0,3372.1491084917925,33.799887066859135,0.0020904632512631044,0
2017-08-12,2017-08-12,2017-08-12,19,6,0.0,0.0,0.0,0.0,12418.153523087156,33.799887066859135,0.00769826385291952,1
2017-08-13,2017-08-13,2017-08-13,13,6,0.0,0.0,0.0,0.0,9182.632348998088,33.799887066859135,0.0056924990140859374,0
2017-08-14,2017-08-14,2017-08-14,23,6,0.0,0.0,0.0,0.0,11090.21164665695,33.799887066859135,0.006875045898084688,0
2017-08-15,2017-08-15,2017-08-15,25,6,0.0,0.0,0.0,0.0,11984.462533613472,33.799887066859135,0.007429410060655228,0
2017-08-16,2017-08-16,2017-08-16,9,6,0.0,0.0,0.0,0.0,9849.727733613472,33.799887066859135,0.006106044898849437,0
2017-08-17,2017-08-17,2017-08-17,23,6,0.0,0.0,0.0,0.0,5300.179037961294,33.799887066859135,0.003285687894426655,0
2017-08-18,2017-08-18,2017-08-18,6,6,0.0,0.0,0.0,0.0,11977.737733613472,33.799887066859135,0.007425241221490704,0
2017-08-19,2017-08-19,2017-08-19,19,6,0.0,0.0,0.0,0.0,11308.735102034525,33.799887066859135,0.007010512995863815,0
2017-08-20,2017-08-20,2017-08-20,15,6,0.0,0.0,0.0,0.0,10242.806125512347,33.799887066859135,0.006349722122688958,0
2017-08-21,2017-08-21,2017-08-21,10,6,0.0,0.0,0.0,0.0,12286.552733613473,33.799887066859135,0.0076166818690329915,0
2017-08-22,2017-08-22,2017-08-22,16,6,0.0,0.0,0.0,0.0,12492.463358613471,33.799887066859135,0.007744330018850315,1
2017-08-23,2017-08-23,2017-08-23,10,6,0.0,0.0,0.0,0.0,12374.283733613473,33.799887066859135,0.007671068085536505,1
2017-08-24,2017-08-24,2017-08-24,8,6,0.0,0.0,0.0,0.0,12675.061483613472,33.799887066859135,0.007857526279686116,1
2017-08-25,2017-08-25,2017-08-25,11,6,0.0,0.0,0.0,0.0,8156.188642704381,33.799887066859135,0.005056185856374774,0
2017-08-26,2017-08-26,2017-08-26,21,6,0.0,0.0,0.0,0.0,29295.991314005572,33.799887066859135,0.0181611759388192,1
2017-08-27,2017-08-27,2017-08-27,23,6,0.0,0.0,0.0,0.0,12091.145559700428,33.799887066859135,0.0074955450204073695,0
2017-08-28,2017-08-28,2017-08-28,15,6,0.0,0.0,0.0,0.0,10445.823733613472,33.799887066859135,0.006475576832976235,0
2017-08-29,2017-08-29,2017-08-29,24,6,0.0,0.0,0.0,0.0,6825.7531502801385,33.799887066859135,0.0042314220586870364,0
2017-08-30,2017-08-30,2017-08-30,1,6,0.0,0.0,0.0,0.0,13506.777733613471,33.799887066859135,0.008373123959434323,1
2017-08-31,2017-08-31,2017-08-31,22,6,0.0,0.0,0.0,0.0,9650.452279068018,33.799887066859135,0.005982510025033511,0
2017-09-01,2017-09-01,2017-09-01,4,6,0.0,0.0,0.0,0.0,6727.207733613472,33.799887066859135,0.004170331767156537,0
2017-09-02,2017-09-02,2017-09-02,19,6,0.0,0.0,0.0,0.0,8808.655102034525,33.799887066859135,0.005460662975276986,0
2017-09-03,2017-09-03,2017-09-03,3,6,0.0,0.0,0.0,0.0,13352.717733613472,33.799887066859135,0.00827761905792253,1
2017-09-04,2017-09-04,2017-09-04,18,6,0.0,0.0,0.0,0.0,11181.494400280139,33.799887066859135,0.00693163391830089,0
2017-09-05,2017-09-05,2017-09-05,27,6,0.0,0.0,0.0,0.0,12365.331807687546,33.799887066859135,0.007665518606087611,1
2017-09-06,2017-09-06,2017-09-06,8,6,0.0,0.0,0.0,0.0,12813.366483613472,33.799887066859135,0.007943264338907125,1
2017-09-07,2017-09-07,2017-09-07,13,6,0.0,0.0,0.0,0.0,12848.926195151933,33.799887066859135,0.007965308521357265,1
2017-09-08,2017-09-08,2017-09-08,14,6,0.0,0.0,0.0,0.0,5338.16273361347,33.799887066859135,0.0033092347535225598,0
2017-09-09,2017-09-09,2017-09-09,17,6,0.0,0.0,0.0,0.0,10421.65185126053,33.799887066859135,0.006460592195539703,0
2017-09-10,2017-09-10,2017-09-10,17,6,0.0,0.0,0.0,0.0,9354.295380672296,33.799887066859135,0.005798916389999615,0
2017-09-11,2017-09-11,2017-09-11,12,6,0.0,0.0,0.0,0.0,8667.884400280138,33.799887066859135,0.005373396377803281,0
2017-09-12,2017-09-12,2017-09-12,41,6,0.0,0.0,0.0,0.0,15319.887144435315,33.799887066859135,0.009497107055050628,1
2017-09-13,2017-09-13,2017-09-13,13,6,0.0,0.0,0.0,0.0,12299.131579767318,33.799887066859135,0.007624479749489015,0
2017-09-14,2017-09-14,2017-09-14,16,6,0.0,0.0,0.0,0.0,12941.793983613472,33.799887066859135,0.008022879136641164,1
2017-09-15,2017-09-15,2017-09-15,11,6,0.0,0.0,0.0,0.0,9838.186824522563,33.799887066859135,0.006098890456514738,0
2017-09-16,2017-09-16,2017-09-16,6,6,0.0,0.0,0.0,0.0,12177.969400280139,33.799887066859135,0.007549368870488124,0
2017-09-17,2017-09-17,2017-09-17,5,6,0.0,0.0,0.0,0.0,12887.223733613471,33.799887066859135,0.007989049937941152,1
2017-09-18,2017-09-18,2017-09-18,13,6,0.0,0.0,0.0,0.0,11855.366964382703,33.799887066859135,0.007349381113329553,0
2017-09-19,2017-09-19,2017-09-19,30,6,0.0,0.0,0.0,0.0,6253.385733613471,33.799887066859135,0.0038765999519928245,0
2017-09-20,2017-09-20,2017-09-20,19,6,0.0,0.0,0.0,0.0,12208.744049402945,33.799887066859135,0.007568446696228314,0
2017-09-21,2017-09-21,2017-09-21,14,6,0.0,0.0,0.0,0.0,9305.027019327757,33.799887066859135,0.005768373939020402,0
2017-09-22,2017-09-22,2017-09-22,9,6,0.0,0.0,0.0,0.0,12618.101066946805,33.799887066859135,0.007822215368457888,1
2017-09-23,2017-09-23,2017-09-23,21,6,0.0,0.0,0.0,0.0,11298.331543137281,33.799887066859135,0.007004063619855419,0
2017-09-24,2017-09-24,2017-09-24,22,6,0.0,0.0,0.0,0.0,7152.074551795293,33.799887066859135,0.004433715277646503,0
2017-09-25,2017-09-25,2017-09-25,12,6,0.0,0.0,0.0,0.0,9691.909400280138,33.799887066859135,0.00600821013069576,0
2017-09-26,2017-09-26,2017-09-26,13,6,0.0,0.0,0.0,0.0,9693.523118228855,33.799887066859135,0.006009210507002134,0
2017-09-27,2017-09-27,2017-09-27,16,6,0.0,0.0,0.0,0.0,10728.973358613472,33.799887066859135,0.006651106996865153,0
2017-09-28,2017-09-28,2017-09-28,24,6,0.0,0.0,0.0,0.0,10433.320233613471,33.799887066859135,0.006467825661120772,0
2017-09-29,2017-09-29,2017-09-29,7,6,0.0,0.0,0.0,0.0,8105.706305042044,33.799887066859135,0.005024890836989298,0
2017-09-30,2017-09-30,2017-09-30,8,6,0.0,0.0,0.0,0.0,6691.032733613472,33.799887066859135,0.004147906154978236,0
2017-10-01,2017-10-01,2017-10-01,8,6,0.0,0.0,0.0,0.0,8842.788983613471,33.799887066859135,0.005481823256975106,0
2017-10-02,2017-10-02,2017-10-02,33,6,0.0,0.0,0.0,0.0,11918.6704608862,33.799887066859135,0.007388624227693558,0
2017-10-03,2017-10-03,2017-10-03,36,6,0.0,0.0,0.0,0.0,4482.1771255123485,33.799887066859135,0.0027785920091553586,0
2017-10-04,2017-10-04,2017-10-04,9,6,0.0,0.0,0.0,0.0,12679.391066946806,33.799887066859135,0.007860210275725563,1
2017-10-05,2017-10-05,2017-10-05,42,6,0.0,0.0,0.0,0.0,26054.62869495796,33.799887066859135,0.01615178987042926,1
2017-10-06,2017-10-06,2017-10-06,12,6,0.0,0.0,0.0,0.0,6841.717733613471,33.799887066859135,0.004241318825913615,0
2017-10-07,2017-10-07,2017-10-07,30,6,0.0,0.0,0.0,0.0,10254.347733613473,33.799887066859135,0.006356876998354192,0
2017-10-08,2017-10-08,2017-10-08,1,6,0.0,0.0,0.0,0.0,13511.137733613472,33.799887066859135,0.008375826811378965,1
2017-10-09,2017-10-09,2017-10-09,17,6,0.0,0.0,0.0,0.0,12555.096557142884,33.799887066859135,0.007783157601979747,1
2017-10-10,2017-10-10,2017-10-10,41,6,0.0,0.0,0.0,0.0,11576.575294589082,33.799887066859135,0.007176552533776465,0
2017-10-11,2017-10-11,2017-10-11,7,6,0.0,0.0,0.0,0.0,7485.820590756329,33.799887066859135,0.00464061117911947,0
2017-10-12,2017-10-12,2017-10-12,10,6,0.0,0.0,0.0,0.0,10698.773733613472,33.799887066859135,0.006632385640177381,0
2017-10-13,2017-10-13,2017-10-13,11,6,0.0,0.0,0.0,0.0,12279.742279068018,33.799887066859135,0.0076124599308880206,0
2017-10-14,2017-10-14,2017-10-14,19,6,0.0,0.0,0.0,0.0,11432.692470455577,33.799887066859135,0.007087356668865981,0
2017-10-15,2017-10-15,2017-10-15,9,6,0.0,0.0,0.0,0.0,10813.019955835694,33.799887066859135,0.006703209177769409,0
2017-10-16,2017-10-16,2017-10-16,19,6,0.0,0.0,0.0,0.0,12180.213523087155,33.799887066859135,0.007550760047481921,0
2017-10-17,2017-10-17,2017-10-17,19,6,0.0,0.0,0.0,0.0,10563.504575718736,33.799887066859135,0.006548529560712756,0
2017-10-18,2017-10-18,2017-10-18,7,6,0.0,0.0,0.0,0.0,7422.734876470616,33.799887066859135,0.004601503072345108,0
2017-10-19,2017-10-19,2017-10-19,21,6,0.0,0.0,0.0,0.0,12089.163924089662,33.799887066859135,0.007494316564521102,0
2017-10-20,2017-10-20,2017-10-20,16,6,0.0,0.0,0.0,0.0,11382.463983613472,33.799887066859135,0.007056219016724337,0
2017-10-21,2017-10-21,2017-10-21,7,6,0.0,0.0,0.0,0.0,1686.5244891035327,33.799887066859135,0.0010455105493253423,0
2017-10-22,2017-10-22,2017-10-22,11,6,0.0,0.0,0.0,0.0,11096.403188158927,33.799887066859135,0.006878884159550042,0
2017-10-23,2017-10-23,2017-10-23,20,6,0.0,0.0,0.0,0.0,11070.779733613472,33.799887066859135,0.0068629996632320125,0
2017-10-24,2017-10-24,2017-10-24,11,6,0.0,0.0,0.0,0.0,7790.349551795291,33.799887066859135,0.004829394824657021,0
2017-10-25,2017-10-25,2017-10-25,19,6,0.0,0.0,0.0,0.0,12386.377733613472,33.799887066859135,0.00767856540008203,1
2017-10-26,2017-10-26,2017-10-26,12,6,0.0,0.0,0.0,0.0,10921.710233613472,33.799887066859135,0.0067705884733325426,0
2017-10-27,2017-10-27,2017-10-27,22,6,0.0,0.0,0.0,0.0,11997.82864270438,33.799887066859135,0.007437695981285651,0
2017-10-28,2017-10-28,2017-10-28,18,6,0.0,0.0,0.0,0.0,45916.342125512354,33.799887066859135,0.028464466652466006,1
2017-10-29,2017-10-29,2017-10-29,35,6,0.0,0.0,0.0,0.0,11549.497733613473,33.799887066859135,0.007159766607551909,0
2017-10-30,2017-10-30,2017-10-30,24,6,0.0,0.0,0.0,0.0,10517.87815028014,33.799887066859135,0.006520244819262357,0
2017-10-31,2017-10-31,2017-10-31,9,6,0.0,0.0,0.0,0.0,11883.689955835694,33.799887066859135,0.0073669391070283535,0
2017-11-01,2017-11-01,2017-11-01,12,6,0.0,0.0,0.0,0.0,10117.199400280138,33.799887066859135,0.006271855980130726,0
2017-11-02,2017-11-02,2017-11-02,21,6,0.0,0.0,0.0,0.0,12365.350114565852,33.799887066859135,0.007665529954890738,1
2017-11-03,2017-11-03,2017-11-03,16,6,0.0,0.0,0.0,0.0,8836.535858613472,33.799887066859135,0.00547794681865714,0
2017-11-04,2017-11-04,2017-11-04,13,6,0.0,0.0,0.0,0.0,10890.361579767317,33.799887066859135,0.006751154810486221,0
2017-11-05,2017-11-05,2017-11-05,5,6,0.0,0.0,0.0,0.0,12406.761733613472,33.799887066859135,0.007691201852843398,1
2017-11-06,2017-11-06,2017-11-06,23,6,0.0,0.0,0.0,0.0,10896.501211874342,33.799887066859135,0.00675496089227059,0
2017-11-07,2017-11-07,2017-11-07,8,6,0.0,0.0,0.0,0.0,12889.555233613472,33.799887066859135,0.007990495281819346,1
2017-11-08,2017-11-08,2017-11-08,16,6,0.0,0.0,0.0,0.0,11266.847108613472,33.799887066859135,0.006984545783828216,0
2017-11-09,2017-11-09,2017-11-09,9,6,0.0,0.0,0.0,0.0,12980.408844724583,33.799887066859135,0.008046817267936168,1
2017-11-10,2017-11-10,2017-11-10,15,6,0.0,0.0,0.0,0.0,10006.111066946805,33.799887066859135,0.006202990081558032,0
2017-11-11,2017-11-11,2017-11-11,18,6,0.0,0.0,0.0,0.0,12500.404400280138,33.799887066859135,0.007749252830756561,1
2017-11-12,2017-11-12,2017-11-12,14,6,0.0,0.0,0.0,0.0,12784.619162184901,33.799887066859135,0.007925443294497393,1
2017-11-13,2017-11-13,2017-11-13,12,6,0.0,0.0,0.0,0.0,9867.474400280138,33.799887066859135,0.006117046415480377,0
2017-11-14,2017-11-14,2017-11-14,17,6,0.0,0.0,0.0,0.0,6828.275380672296,33.799887066859135,0.004232985640182513,0
2017-11-15,2017-11-15,2017-11-15,9,6,0.0,0.0,0.0,0.0,10374.38551139125,33.799887066859135,0.006431290838055355,0
2017-11-16,2017-11-16,2017-11-16,16,6,0.0,0.0,0.0,0.0,11504.092108613473,33.799887066859135,0.0071316187447471166,0
2017-11-17,2017-11-17,2017-11-17,3,6,0.0,0.0,0.0,0.0,13030.441066946805,33.799887066859135,0.008077833251681134,1
2017-11-18,2017-11-18,2017-11-18,14,6,0.0,0.0,0.0,0.0,11505.131305042043,33.799887066859135,0.007132262963574599,0
2017-11-19,2017-11-19,2017-11-19,11,6,0.0,0.0,0.0,0.0,9706.865915431654,33.799887066859135,0.006017481976122899,0
2017-11-20,2017-11-20,2017-11-20,24,6,0.0,0.0,0.0,0.0,10137.043150280138,33.799887066859135,0.0062841575210198265,0
2017-11-21,2017-11-21,2017-11-21,27,6,0.0,0.0,0.0,0.0,10964.14477065051,33.799887066859135,0.006796894498779906,0
2017-11-22,2017-11-22,2017-11-22,8,6,0.0,0.0,0.0,0.0,2732.677874487652,33.799887066859135,0.0016940421346644348,0
2017-11-23,2017-11-23,2017-11-23,9,6,0.0,0.0,0.0,0.0,13408.523377497639,33.799887066859135,0.008312214102210207,1
2017-11-24,2017-11-24,2017-11-24,5,6,0.0,0.0,0.0,0.0,13121.989733613473,33.799887066859135,0.008134586116756664,1
2017-11-25,2017-11-25,2017-11-25,13,6,0.0,0.0,0.0,0.0,8643.618502844241,33.799887066859135,0.005358353458520465,0
2017-11-26,2017-11-26,2017-11-26,18,6,0.0,0.0,0.0,0.0,11121.218289169028,33.799887066859135,0.006894267541206377,0
2017-11-27,2017-11-27,2017-11-27,27,6,0.0,0.0,0.0,0.0,10758.113289169027,33.799887066859135,0.00666917142759194,0
2017-11-28,2017-11-28,2017-11-28,16,6,0.0,0.0,0.0,0.0,11865.683358613473,33.799887066859135,0.00735577645420302,0
2017-11-29,2017-11-29,2017-11-29,23,6,0.0,0.0,0.0,0.0,12495.990342309124,33.799887066859135,0.007746516467185296,1
2017-11-30,2017-11-30,2017-11-30,6,6,0.0,0.0,0.0,0.0,12857.414400280139,33.799887066859135,0.007970570530930038,1
2017-12-01,2017-12-01,2017-12-01,7,6,0.0,0.0,0.0,0.0,5730.059162184901,33.799887066859135,0.0035521792544542644,0
2017-12-02,2017-12-02,2017-12-02,3,6,0.0,0.0,0.0,0.0,13295.19440028014,33.799887066859135,0.008241959183298161,1
2017-12-03,2017-12-03,2017-12-03,21,6,0.0,0.0,0.0,0.0,6011.36535266109,33.799887066859135,0.0037265666360983413,0
2017-12-04,2017-12-04,2017-12-04,27,6,0.0,0.0,0.0,0.0,9600.94699287273,33.799887066859135,0.005951820699560357,0
2017-12-05,2017-12-05,2017-12-05,12,6,0.0,0.0,0.0,0.0,8180.965233613472,33.799887066859135,0.005071545364842714,0
2017-12-06,2017-12-06,2017-12-06,14,6,0.0,0.0,0.0,0.0,12553.14059075633,33.799887066859135,0.007781945058963336,1
2017-12-07,2017-12-07,2017-12-07,16,6,0.0,0.0,0.0,0.0,10479.737108613472,33.799887066859135,0.006496600418198276,0
2017-12-08,2017-12-08,2017-12-08,12,6,0.0,0.0,0.0,0.0,12953.495233613472,33.799887066859135,0.008030132977539612,1
2017-12-09,2017-12-09,2017-12-09,16,6,0.0,0.0,0.0,0.0,11097.004608613472,33.799887066859135,0.006879256992220939,0
2017-12-10,2017-12-10,2017-12-10,10,6,0.0,0.0,0.0,0.0,9806.746733613472,33.799887066859135,0.006079400109988744,0
2017-12-11,2017-12-11,2017-12-11,6,6,0.0,0.0,0.0,0.0,13068.597733613471,33.799887066859135,0.008101487338997883,1
2017-12-12,2017-12-12,2017-12-12,18,6,0.0,0.0,0.0,0.0,10733.91162250236,33.799887066859135,0.006654168326258556,0
2017-12-13,2017-12-13,2017-12-13,10,6,0.0,0.0,0.0,0.0,12581.532733613472,33.799887066859135,0.007799545921012409,1
2017-12-14,2017-12-14,2017-12-14,15,6,0.0,0.0,0.0,0.0,2726.9372078209853,33.799887066859135,0.0016904833796039906,0
2017-12-15,2017-12-15,2017-12-15,28,6,0.0,0.0,0.0,0.0,61762.075480672225,33.799887066859135,0.03828755638027789,1
2017-12-16,2017-12-16,2017-12-16,9,6,0.0,0.0,0.0,0.0,11968.74662250236,33.799887066859135,0.007419667450355118,0
2017-12-17,2017-12-17,2017-12-17,20,6,0.0,0.0,0.0,0.0,11133.689733613472,33.799887066859135,0.006901998841176366,0
2017-12-18,2017-12-18,2017-12-18,14,6,0.0,0.0,0.0,0.0,9922.943447899186,33.799887066859135,0.006151432796953895,0
2017-12-19,2017-12-19,2017-12-19,23,6,0.0,0.0,0.0,0.0,16362.047622697708,33.799887066859135,0.010143163356724874,1
2017-12-20,2017-12-20,2017-12-20,19,6,0.0,0.0,0.0,0.0,7082.368582175999,33.799887066859135,0.00439050314105508,0
2017-12-21,2017-12-21,2017-12-21,13,6,0.0,0.0,0.0,0.0,8915.235425921164,33.799887066859135,0.0055267342678635666,0
2017-12-22,2017-12-22,2017-12-22,14,6,0.0,0.0,0.0,0.0,8495.862733613474,33.799887066859135,0.005266756676823829,0
2017-12-23,2017-12-23,2017-12-23,9,6,0.0,0.0,0.0,0.0,10093.53440028014,33.799887066859135,0.006257185569289,0
2017-12-24,2017-12-24,2017-12-24,26,6,0.0,0.0,0.0,0.0,6365.831579767318,33.799887066859135,0.003946307400145062,0
2017-12-25,2017-12-25,2017-12-25,28,6,0.0,0.0,0.0,0.0,10219.37309075633,33.799887066859135,0.006335195511780897,0
2017-12-26,2017-12-26,2017-12-26,20,6,0.0,0.0,0.0,0.0,10288.291233613472,33.799887066859135,0.006377919258671376,0
2017-12-27,2017-12-27,2017-12-27,19,6,0.0,0.0,0.0,0.0,10036.18089150821,33.799887066859135,0.006221630972335741,0
2017-12-28,2017-12-28,2017-12-28,32,6,0.0,0.0,0.0,0.0,7864.451171113473,33.799887066859135,0.00487533191316051,0
2017-12-29,2017-12-29,2017-12-29,6,6,0.0,0.0,0.0,0.0,10251.94440028014,33.799887066859135,0.006355387123543727,0
2017-12-30,2017-12-30,2017-12-30,28,6,0.0,0.0,0.0,0.0,10601.245233613472,33.799887066859135,0.00657192575580056,0
2017-12-31,2017-12-31,2017-12-31,13,6,0.0,0.0,0.0,0.0,10922.994656690395,33.799887066859135,0.006771384713105753,0
2018-01-01,2018-01-01,2018-01-01,33,6,0.0,0.0,0.0,0.0,8438.950763916502,33.799887066859135,0.005231475798849328,0
2018-01-02,2018-01-02,2018-01-02,32,6,0.0,0.0,0.0,0.0,11718.237421113472,33.799887066859135,0.007264371743445836,0
2018-01-03,2018-01-03,2018-01-03,12,6,0.0,0.0,0.0,0.0,12751.062733613471,33.799887066859135,0.007904640987566313,1
2018-01-04,2018-01-04,2018-01-04,21,6,0.0,0.0,0.0,0.0,68177.12607591035,33.799887066859135,0.04226437564089969,1
2018-01-05,2018-01-05,2018-01-05,10,6,0.0,0.0,0.0,0.0,8337.439733613472,33.799887066859135,0.005168547063606879,0
2018-01-06,2018-01-06,2018-01-06,39,6,0.0,0.0,0.0,0.0,4189.225938741678,33.799887066859135,0.002596985659419566,0
2018-01-07,2018-01-07,2018-01-07,23,6,0.0,0.0,0.0,0.0,10033.669222908267,33.799887066859135,0.006220073938308299,0
2018-01-08,2018-01-08,2018-01-08,11,6,0.0,0.0,0.0,0.0,10952.905915431655,33.799887066859135,0.006789927305733157,0
2018-01-09,2018-01-09,2018-01-09,14,6,0.0,0.0,0.0,0.0,12194.314876470615,33.799887066859135,0.007559501760879756,0
2018-01-10,2018-01-10,2018-01-10,41,6,0.0,0.0,0.0,0.0,6263.186900532868,33.799887066859135,0.0038826758930634317,0
2018-01-11,2018-01-11,2018-01-11,13,6,0.0,0.0,0.0,0.0,10406.86081053655,33.799887066859135,0.006451422931047942,0
2018-01-12,2018-01-12,2018-01-12,2,6,0.0,0.0,0.0,0.0,12299.657733613472,33.799887066859135,0.007624805922871185,0
2018-01-13,2018-01-13,2018-01-13,11,6,0.0,0.0,0.0,0.0,11546.264097249836,33.799887066859135,0.007157762011145093,0
2018-01-14,2018-01-14,2018-01-14,22,6,0.0,0.0,0.0,0.0,5882.2763699771085,33.799887066859135,0.0036465417719058753,0
2018-01-15,2018-01-15,2018-01-15,10,6,0.0,0.0,0.0,0.0,11423.266733613473,33.799887066859135,0.00708151346447301,0
2018-01-16,2018-01-16,2018-01-16,11,6,0.0,0.0,0.0,0.0,10478.305006340745,33.799887066859135,0.00649571262911278,0
2018-01-17,2018-01-17,2018-01-17,24,6,0.0,0.0,0.0,0.0,12336.344400280139,33.799887066859135,0.007647548727536874,1
2018-01-18,2018-01-18,2018-01-18,25,6,0.0,0.0,0.0,0.0,8291.120133613473,33.799887066859135,0.0051398326092639895,0
2018-01-19,2018-01-19,2018-01-19,7,6,0.0,0.0,0.0,0.0,12710.087733613473,33.799887066859135,0.007879239758568224,1
2018-01-20,2018-01-20,2018-01-20,19,6,0.0,0.0,0.0,0.0,12558.89983887663,33.799887066859135,0.007785515333041691,1
2018-01-21,2018-01-21,2018-01-21,4,6,0.0,0.0,0.0,0.0,10749.490233613473,33.799887066859135,0.0066638258215192155,0
2018-01-22,2018-01-22,2018-01-22,10,6,0.0,0.0,0.0,0.0,12464.931733613472,33.799887066859135,0.00772726260917821,1
2018-01-23,2018-01-23,2018-01-23,20,6,0.0,0.0,0.0,0.0,10726.710733613472,33.799887066859135,0.006649704349988721,0
2018-01-24,2018-01-24,2018-01-24,14,6,0.0,0.0,0.0,0.0,12238.588447899187,33.799887066859135,0.007586947840841206,0
2018-01-25,2018-01-25,2018-01-25,10,6,0.0,0.0,0.0,0.0,12300.189733613472,33.799887066859135,0.007625135720402045,0
2018-01-26,2018-01-26,2018-01-26,5,6,0.0,0.0,0.0,0.0,11896.375733613471,33.799887066859135,0.007374803276554948,0
2018-01-27,2018-01-27,2018-01-27,13,6,0.0,0.0,0.0,0.0,12770.175425921165,33.799887066859135,0.007916489331045941,1
2018-01-28,2018-01-28,2018-01-28,20,6,0.0,0.0,0.0,0.0,12766.561733613471,33.799887066859135,0.007914249130293377,1
2018-01-29,2018-01-29,2018-01-29,8,6,0.0,0.0,0.0,0.0,11707.550233613472,33.799887066859135,0.00725774654034558,0
2018-01-30,2018-01-30,2018-01-30,16,6,0.0,0.0,0.0,0.0,10959.719608613472,33.799887066859135,0.006794151251574135,0
2018-01-31,2018-01-31,2018-01-31,32,6,0.0,0.0,0.0,0.0,10619.883046113471,33.799887066859135,0.006583479711708699,0
2018-02-01,2018-02-01,2018-02-01,15,6,0.0,0.0,0.0,0.0,9726.463733613473,33.799887066859135,0.00602963105891727,0
2018-02-02,2018-02-02,2018-02-02,9,6,0.0,0.0,0.0,0.0,12610.972178057917,33.799887066859135,0.00781779602644035,1
2018-02-03,2018-02-03,2018-02-03,5,6,0.0,0.0,0.0,0.0,8377.787733613473,33.799887066859135,0.005193559602657886,0
2018-02-04,2018-02-04,2018-02-04,12,6,0.0,0.0,0.0,0.0,11672.405233613472,33.799887066859135,0.00723595944594319,0
2018-02-05,2018-02-05,2018-02-05,34,6,0.0,0.0,0.0,0.0,3356.854325210059,33.799887066859135,0.0020809817065989074,0
2018-02-06,2018-02-06,2018-02-06,8,6,0.0,0.0,0.0,0.0,12563.940233613472,33.799887066859135,0.0077886399754078,1
2018-02-07,2018-02-07,2018-02-07,20,6,0.0,0.0,0.0,0.0,11609.114233613473,33.799887066859135,0.0071967240784137675,0
2018-02-08,2018-02-08,2018-02-08,19,6,0.0,0.0,0.0,0.0,7869.824575718735,33.799887066859135,0.004878662995061124,0
2018-02-09,2018-02-09,2018-02-09,4,6,0.0,0.0,0.0,0.0,7243.237733613472,33.799887066859135,0.004490229172888923,0
2018-02-10,2018-02-10,2018-02-10,3,6,0.0,0.0,0.0,0.0,13464.831066946805,33.799887066859135,0.008347120374670284,1
2018-02-11,2018-02-11,2018-02-11,23,6,0.0,0.0,0.0,0.0,12204.666864048255,33.799887066859135,0.007565919166786894,0
2018-02-12,2018-02-12,2018-02-12,20,6,0.0,0.0,0.0,0.0,11580.076233613472,33.799887066859135,0.007178722836494388,0
2018-02-13,2018-02-13,2018-02-13,11,6,0.0,0.0,0.0,0.0,6728.653034603258,33.799887066859135,0.004171227738392967,0
2018-02-14,2018-02-14,2018-02-14,33,6,0.0,0.0,0.0,0.0,10929.9604608862,33.799887066859135,0.006775702955632502,0
2018-02-15,2018-02-15,2018-02-15,5,6,0.0,0.0,0.0,0.0,12131.069733613473,33.799887066859135,0.007520294821118165,0
2018-02-16,2018-02-16,2018-02-16,4,6,0.0,0.0,0.0,0.0,10969.650233613473,33.799887066859135,0.00680030744632018,0
2018-02-17,2018-02-17,2018-02-17,25,6,0.0,0.0,0.0,0.0,8689.981333613472,33.799887066859135,0.005387094712489201,0
2018-02-18,2018-02-18,2018-02-18,6,6,0.0,0.0,0.0,0.0,6654.694400280138,33.799887066859135,0.004125379289172038,0
2018-02-19,2018-02-19,2018-02-19,25,6,0.0,0.0,0.0,0.0,11815.474533613473,33.799887066859135,0.007324650990833893,0
2018-02-20,2018-02-20,2018-02-20,17,6,0.0,0.0,0.0,0.0,12969.25596890759,33.799887066859135,0.008039903375254906,1
2018-02-21,2018-02-21,2018-02-21,28,6,0.0,0.0,0.0,0.0,8415.168447899185,33.799887066859135,0.0052167326614421085,0
2018-02-22,2018-02-22,2018-02-22,12,6,0.0,0.0,0.0,0.0,9011.312733613471,33.799887066859135,0.005586294528857155,0
2018-02-23,2018-02-23,2018-02-23,3,6,0.0,0.0,0.0,0.0,13217.934400280139,33.799887066859135,0.008194064150902984,1
2018-02-24,2018-02-24,2018-02-24,15,6,0.0,0.0,0.0,0.0,4601.334400280137,33.799887066859135,0.0028524600072801893,0
2018-02-25,2018-02-25,2018-02-25,14,6,0.0,0.0,0.0,0.0,5801.235590756329,33.799887066859135,0.0035963029582104337,0
2018-02-26,2018-02-26,2018-02-26,41,6,0.0,0.0,0.0,0.0,42945.085540146494,33.799887066859135,0.02662252476260727,1
2018-02-27,2018-02-27,2018-02-27,15,6,0.0,0.0,0.0,0.0,9266.907066946806,33.799887066859135,0.0057447426116299235,0
2018-02-28,2018-02-28,2018-02-28,27,6,0.0,0.0,0.0,0.0,8705.572918798656,33.799887066859135,0.005396760250640075,0
2018-03-01,2018-03-01,2018-03-01,15,6,0.0,0.0,0.0,0.0,8691.68240028014,33.799887066859135,0.005388149238027725,0
2018-03-02,2018-03-02,2018-03-02,2,6,0.0,0.0,0.0,0.0,13526.397733613472,33.799887066859135,0.008385286793185209,1
2018-03-03,2018-03-03,2018-03-03,7,6,0.0,0.0,0.0,0.0,33168.129409243666,33.799887066859135,0.02056159244813882,1
2018-03-04,2018-03-04,2018-03-04,14,6,0.0,0.0,0.0,0.0,4968.847733613473,33.799887066859135,0.0030802889356475235,0
2018-03-05,2018-03-05,2018-03-05,16,6,0.0,0.0,0.0,0.0,5524.523358613473,33.799887066859135,0.003424763464000956,0
2018-03-06,2018-03-06,2018-03-06,25,6,0.0,0.0,0.0,0.0,2693.2949336134716,33.799887066859135,0.0016696278552315294,0
2018-03-07,2018-03-07,2018-03-07,29,6,0.0,0.0,0.0,0.0,9198.14428533761,33.799887066859135,0.005702115176310806,0
2018-03-08,2018-03-08,2018-03-08,28,6,0.0,0.0,0.0,0.0,10031.610590756329,33.799887066859135,0.006218797750713077,0
2018-03-09,2018-03-09,2018-03-09,10,6,0.0,0.0,0.0,0.0,10568.251733613473,33.799887066859135,0.0065514724196456256,0
2018-03-10,2018-03-10,2018-03-10,33,6,0.0,0.0,0.0,0.0,11688.558339674079,33.799887066859135,0.007245973082211059,0
2018-03-11,2018-03-11,2018-03-11,6,6,0.0,0.0,0.0,0.0,13200.714400280138,33.799887066859135,0.00818338912556199,1
2018-03-12,2018-03-12,2018-03-12,10,6,0.0,0.0,0.0,0.0,12810.351733613472,33.799887066859135,0.007941395434572238,1
2018-03-13,2018-03-13,2018-03-13,29,6,0.0,0.0,0.0,0.0,11295.100492234162,33.799887066859135,0.007002060626227729,0
2018-03-14,2018-03-14,2018-03-14,25,6,0.0,0.0,0.0,0.0,10113.786933613472,33.799887066859135,0.006269740523211914,0
2018-03-15,2018-03-15,2018-03-15,12,6,0.0,0.0,0.0,0.0,12398.396900280139,33.799887066859135,0.007686016323934775,1
2018-03-16,2018-03-16,2018-03-16,13,6,0.0,0.0,0.0,0.0,8690.623118228857,33.799887066859135,0.00538749256771758,0
2018-03-17,2018-03-17,2018-03-17,18,6,0.0,0.0,0.0,0.0,5515.9332891690265,33.799887066859135,0.0034194383066838627,0
2018-03-18,2018-03-18,2018-03-18,9,6,0.0,0.0,0.0,0.0,8249.386622502361,33.799887066859135,0.005113961163928354,0
2018-03-19,2018-03-19,2018-03-19,39,6,0.0,0.0,0.0,0.0,6828.854317668576,33.799887066859135,0.004233344534904124,0
2018-03-20,2018-03-20,2018-03-20,26,6,0.0,0.0,0.0,0.0,6970.347348998087,33.799887066859135,0.0043210589190514044,0
2018-03-21,2018-03-21,2018-03-21,26,6,0.0,0.0,0.0,0.0,22830.557266386524,33.799887066859135,0.014153122959792461,1
2018-03-22,2018-03-22,2018-03-22,0,6,0.0,0.0,0.0,0.0,0.0,33.799887066859135,0.0,0
2018-03-23,2018-03-23,2018-03-23,23,6,0.0,0.0,0.0,0.0,11697.816864048255,33.799887066859135,0.007251712628222354,0
2018-03-24,2018-03-24,2018-03-24,28,6,0.0,0.0,0.0,0.0,11900.335233613472,33.799887066859135,0.007377257850471188,0
2018-03-25,2018-03-25,2018-03-25,1,6,0.0,0.0,0.0,0.0,12888.827733613472,33.799887066859135,0.007990044289895097,1
2018-03-26,2018-03-26,2018-03-26,11,6,0.0,0.0,0.0,0.0,11978.007733613473,33.799887066859135,0.007425408599936817,0
2018-03-27,2018-03-27,2018-03-27,21,6,0.0,0.0,0.0,0.0,11223.500590756328,33.799887066859135,0.0069576744030750955,0
2018-03-28,2018-03-28,2018-03-28,15,6,0.0,0.0,0.0,0.0,6454.598400280139,33.799887066859135,0.004001335742677789,0
2018-03-29,2018-03-29,2018-03-29,22,6,0.0,0.0,0.0,0.0,7406.040915431653,33.799887066859135,0.004591154149166685,0
2018-03-30,2018-03-30,2018-03-30,22,6,0.0,0.0,0.0,0.0,2326.741056305834,33.799887066859135,0.0014423937130075106,0
2018-03-31,2018-03-31,2018-03-31,12,6,0.0,0.0,0.0,0.0,10737.356900280138,33.799887066859135,0.0066563041234469714,0
2018-04-01,2018-04-01,2018-04-01,17,6,0.0,0.0,0.0,0.0,10624.344204201707,33.799887066859135,0.006586245273592674,0
2018-04-02,2018-04-02,2018-04-02,27,6,0.0,0.0,0.0,0.0,10197.609955835695,33.799887066859135,0.0063217041054639865,0
2018-04-03,2018-04-03,2018-04-03,27,6,0.0,0.0,0.0,0.0,10882.216252131991,33.799887066859135,0.006746105357587394,0
2018-04-04,2018-04-04,2018-04-04,25,6,0.0,0.0,0.0,0.0,9905.398533613472,33.799887066859135,0.006140556350693413,0
2018-04-05,2018-04-05,2018-04-05,28,6,0.0,0.0,0.0,0.0,10123.078447899186,33.799887066859135,0.0062755005203348055,0
2018-04-06,2018-04-06,2018-04-06,17,6,0.0,0.0,0.0,0.0,12036.59891008406,33.799887066859135,0.007461730452061208,0
2018-04-07,2018-04-07,2018-04-07,22,6,0.0,0.0,0.0,0.0,12661.695915431654,33.799887066859135,0.007849240694376147,1
2018-04-08,2018-04-08,2018-04-08,15,6,0.0,0.0,0.0,0.0,18173.207599719855,33.799887066859135,0.011265937959007127,1
2018-04-09,2018-04-09,2018-04-09,6,6,0.0,0.0,0.0,0.0,12523.361066946805,33.799887066859135,0.007763484131477313,1
2018-04-10,2018-04-10,2018-04-10,18,6,0.0,0.0,0.0,0.0,10457.751622502361,33.799887066859135,0.006482971171893392,0
2018-04-11,2018-04-11,2018-04-11,19,6,0.0,0.0,0.0,0.0,11550.83878624505,33.799887066859135,0.0071605979531283144,0
2018-04-12,2018-04-12,2018-04-12,18,6,0.0,0.0,0.0,0.0,11450.577178057916,33.799887066859135,0.00709844375985734,0
2018-04-13,2018-04-13,2018-04-13,4,6,0.0,0.0,0.0,0.0,12866.017733613473,33.799887066859135,0.007975903910799394,1
2018-04-14,2018-04-14,2018-04-14,8,6,0.0,0.0,0.0,0.0,11026.253983613471,33.799887066859135,0.0068353972526874925,0
2018-04-15,2018-04-15,2018-04-15,2,6,0.0,0.0,0.0,0.0,13334.922733613472,33.799887066859135,0.008266587578483335,1
2018-04-16,2018-04-16,2018-04-16,22,6,0.0,0.0,0.0,0.0,8279.933188158926,33.799887066859135,0.005132897596127197,0
2018-04-17,2018-04-17,2018-04-17,28,6,0.0,0.0,0.0,0.0,7540.258725182182,33.799887066859135,0.004674358476710195,0
2018-04-18,2018-04-18,2018-04-18,17,6,0.0,0.0,0.0,0.0,4393.8389100840595,33.799887066859135,0.0027238293675598342,0
2018-04-19,2018-04-19,2018-04-19,20,6,0.0,0.0,0.0,0.0,11265.755233613472,33.799887066859135,0.006983868908491735,0
2018-04-20,2018-04-20,2018-04-20,6,6,0.0,0.0,0.0,0.0,8533.504400280139,33.799887066859135,0.00529009150525262,0
2018-04-21,2018-04-21,2018-04-21,24,6,0.0,0.0,0.0,0.0,11879.258566946806,33.799887066859135,0.00736419199967152,0
2018-04-22,2018-04-22,2018-04-22,3,6,0.0,0.0,0.0,0.0,2842.4577336134716,33.799887066859135,0.0017620968836829344,0
2018-04-23,2018-04-23,2018-04-23,11,6,0.0,0.0,0.0,0.0,11017.033188158926,33.799887066859135,0.006829681095594498,0
2018-04-24,2018-04-24,2018-04-24,17,6,0.0,0.0,0.0,0.0,10091.019498319354,33.799887066859135,0.006255626530835951,0
2018-04-25,2018-04-25,2018-04-25,24,6,0.0,0.0,0.0,0.0,11107.103150280138,33.799887066859135,0.006885517281895662,0
2018-04-26,2018-04-26,2018-04-26,15,6,0.0,0.0,0.0,0.0,11831.590400280138,33.799887066859135,0.007334641541650308,0
2018-04-27,2018-04-27,2018-04-27,4,6,0.0,0.0,0.0,0.0,6194.9752336134725,33.799887066859135,0.003840390104856939,0
2018-04-28,2018-04-28,2018-04-28,18,6,0.0,0.0,0.0,0.0,9341.659400280138,33.799887066859135,0.005791083090876819,0
2018-04-29,2018-04-29,2018-04-29,3,6,0.0,0.0,0.0,0.0,12981.317733613472,33.799887066859135,0.008047380706491396,1
2018-04-30,2018-04-30,2018-04-30,28,6,0.0,0.0,0.0,0.0,11909.898447899186,33.799887066859135,0.0073831862799044815,0
2018-05-01,2018-05-01,2018-05-01,9,6,0.0,0.0,0.0,0.0,11982.649955835694,33.799887066859135,0.007428286407129659,0
2018-05-02,2018-05-02,2018-05-02,27,6,0.0,0.0,0.0,0.0,10209.499585465324,33.799887066859135,0.006329074726694609,0
2018-05-03,2018-05-03,2018-05-03,45,6,0.0,0.0,0.0,0.0,1764.4327108309717,33.799887066859135,0.0010938074274445043,0
2018-05-04,2018-05-04,2018-05-04,21,6,0.0,0.0,0.0,0.0,8393.367733613472,33.799887066859135,0.005203217958918781,0
2018-05-05,2018-05-05,2018-05-05,34,6,0.0,0.0,0.0,0.0,11055.894204201708,33.799887066859135,0.006853771823296783,0
2018-05-06,2018-05-06,2018-05-06,24,6,0.0,0.0,0.0,0.0,11102.988566946806,33.799887066859135,0.006882966568692936,0
2018-05-07,2018-05-07,2018-05-07,15,6,0.0,0.0,0.0,0.0,10208.732400280138,33.799887066859135,0.006328599133123581,0
2018-05-08,2018-05-08,2018-05-08,22,6,0.0,0.0,0.0,0.0,11119.188642704381,33.799887066859135,0.006893009322423371,0
2018-05-09,2018-05-09,2018-05-09,42,6,0.0,0.0,0.0,0.0,10076.413209803948,33.799887066859135,0.006246571797964884,0
2018-05-10,2018-05-10,2018-05-10,28,6,0.0,0.0,0.0,0.0,18627.224625512346,33.799887066859135,0.011547392271177643,1
2018-05-11,2018-05-11,2018-05-11,21,6,0.0,0.0,0.0,0.0,10601.719638375376,33.799887066859135,0.006572219848881584,0
2018-05-12,2018-05-12,2018-05-12,15,6,0.0,0.0,0.0,0.0,9104.186400280138,33.799887066859135,0.005643868788158979,0
2018-05-13,2018-05-13,2018-05-13,11,6,0.0,0.0,0.0,0.0,12891.432279068018,33.799887066859135,0.007991658900158106,1
2018-05-14,2018-05-14,2018-05-14,26,6,0.0,0.0,0.0,0.0,9230.425810536548,33.799887066859135,0.00572212714492547,0
2018-05-15,2018-05-15,2018-05-15,24,6,0.0,0.0,0.0,0.0,11141.923566946805,33.799887066859135,0.006907103160542616,0
2018-05-16,2018-05-16,2018-05-16,23,6,0.0,0.0,0.0,0.0,5598.809907526514,33.799887066859135,0.0034708151940904732,0
2018-05-17,2018-05-17,2018-05-17,20,6,0.0,0.0,0.0,0.0,10322.051733613473,33.799887066859135,0.0063988480735973075,0
2018-05-18,2018-05-18,2018-05-18,5,6,0.0,0.0,0.0,0.0,2732.677874487652,33.799887066859135,0.0016940421346644348,0
2018-05-19,2018-05-19,2018-05-19,18,6,0.0,0.0,0.0,0.0,39645.68559971986,33.799887066859135,0.024577160188035893,1
2018-05-20,2018-05-20,2018-05-20,17,6,0.0,0.0,0.0,0.0,3235.645968907589,33.799887066859135,0.002005842201658794,0
2018-05-21,2018-05-21,2018-05-21,25,6,0.0,0.0,0.0,0.0,8957.433333613471,33.799887066859135,0.005552893602007131,0
2018-05-22,2018-05-22,2018-05-22,8,6,0.0,0.0,0.0,0.0,12396.323983613473,33.799887066859135,0.007684731281080742,1
2018-05-23,2018-05-23,2018-05-23,16,6,0.0,0.0,0.0,0.0,9805.07398361347,33.799887066859135,0.006078363138523056,0
2018-05-24,2018-05-24,2018-05-24,11,6,0.0,0.0,0.0,0.0,6780.434097249836,33.799887066859135,0.004203327863592484,0
2018-05-25,2018-05-25,2018-05-25,3,6,0.0,0.0,0.0,0.0,13071.951066946805,33.799887066859135,0.008103566137970598,1
2018-05-26,2018-05-26,2018-05-26,14,6,0.0,0.0,0.0,0.0,11996.774876470616,33.799887066859135,0.007437042730342045,0
2018-05-27,2018-05-27,2018-05-27,3,6,0.0,0.0,0.0,0.0,11712.927733613473,33.799887066859135,0.0072610801610639986,0
2018-05-28,2018-05-28,2018-05-28,16,6,0.0,0.0,0.0,0.0,12772.900233613473,33.799887066859135,0.007918178494295925,1
2018-05-29,2018-05-29,2018-05-29,10,6,0.0,0.0,0.0,0.0,12161.196733613473,33.799887066859135,0.007538971156103533,0
2018-05-30,2018-05-30,2018-05-30,9,6,0.0,0.0,0.0,0.0,11917.159955835694,33.799887066859135,0.00738768783514467,0
2018-05-31,2018-05-31,2018-05-31,20,6,0.0,0.0,0.0,0.0,12279.951233613472,33.799887066859135,0.007612589466025526,0
2018-06-01,2018-06-01,2018-06-01,23,6,0.0,0.0,0.0,0.0,4188.145744647396,33.799887066859135,0.002596316025312153,0
2018-06-02,2018-06-02,2018-06-02,17,6,0.0,0.0,0.0,0.0,12353.322439495825,33.799887066859135,0.007658073756507129,1
2018-06-03,2018-06-03,2018-06-03,10,6,0.0,0.0,0.0,0.0,12753.835733613472,33.799887066859135,0.007906360026199911,1
2018-06-04,2018-06-04,2018-06-04,4,6,0.0,0.0,0.0,0.0,9434.007733613471,33.799887066859135,0.005848331685448923,0
2018-06-05,2018-06-05,2018-06-05,25,6,0.0,0.0,0.0,0.0,12125.338133613472,33.799887066859135,0.007516741686667269,0
2018-06-06,2018-06-06,2018-06-06,13,6,0.0,0.0,0.0,0.0,10289.286964382703,33.799887066859135,0.006378536532259897,0
2018-06-07,2018-06-07,2018-06-07,6,6,0.0,0.0,0.0,0.0,9724.269400280138,33.799887066859135,0.006028270747422501,0
2018-06-08,2018-06-08,2018-06-08,12,6,0.0,0.0,0.0,0.0,10465.941900280137,33.799887066859135,0.006488048490292202,0
2018-06-09,2018-06-09,2018-06-09,5,6,0.0,0.0,0.0,0.0,12012.891733613473,33.799887066859135,0.007447033895174631,0
2018-06-10,2018-06-10,2018-06-10,17,6,0.0,0.0,0.0,0.0,5921.45185126053,33.799887066859135,0.0036708274429538452,0
2018-06-11,2018-06-11,2018-06-11,36,6,0.0,0.0,0.0,0.0,8532.398566946806,33.799887066859135,0.005289405976863756,0
2018-06-12,2018-06-12,2018-06-12,14,6,0.0,0.0,0.0,0.0,2732.677874487652,33.799887066859135,0.0016940421346644348,0
2018-06-13,2018-06-13,2018-06-13,30,6,0.0,0.0,0.0,0.0,8914.935066946806,33.799887066859135,0.005526548069276884,0
2018-06-14,2018-06-14,2018-06-14,28,6,0.0,0.0,0.0,0.0,11926.007019327757,33.799887066859135,0.007393172308255653,0
2018-06-15,2018-06-15,2018-06-15,13,6,0.0,0.0,0.0,0.0,4950.010727924991,33.799887066859135,0.0030686114958639616,0
2018-06-16,2018-06-16,2018-06-16,21,6,0.0,0.0,0.0,0.0,3505.953924089663,33.799887066859135,0.0021734115554009627,0
2018-06-17,2018-06-17,2018-06-17,32,6,0.0,0.0,0.0,0.0,25189.246328886526,33.799887066859135,0.015615321886256237,1
2018-06-18,2018-06-18,2018-06-18,19,6,0.0,0.0,0.0,0.0,10267.144049402945,33.799887066859135,0.006364809692623874,0
2018-06-19,2018-06-19,2018-06-19,21,6,0.0,0.0,0.0,0.0,12104.342019327758,33.799887066859135,0.007503725771913357,0
2018-06-20,2018-06-20,2018-06-20,19,6,0.0,0.0,0.0,0.0,9210.080365192418,33.799887066859135,0.005709514592972953,0
2018-06-21,2018-06-21,2018-06-21,11,6,0.0,0.0,0.0,0.0,2732.677874487652,33.799887066859135,0.0016940421346644348,0
2018-06-22,2018-06-22,2018-06-22,15,6,0.0,0.0,0.0,0.0,9427.279066946805,33.799887066859135,0.005844160449259739,0
2018-06-23,2018-06-23,2018-06-23,3,6,0.0,0.0,0.0,0.0,10422.937733613471,33.799887066859135,0.0064613893399475516,0
2018-06-24,2018-06-24,2018-06-24,21,6,0.0,0.0,0.0,0.0,12403.171066946805,33.799887066859135,0.00768897592615015,1
2018-06-25,2018-06-25,2018-06-25,18,6,0.0,0.0,0.0,0.0,12602.714955835694,33.799887066859135,0.007812677207830106,1
2018-06-26,2018-06-26,2018-06-26,39,6,0.0,0.0,0.0,0.0,9391.954400280141,33.799887066859135,0.0058222619758666674,0
2018-06-27,2018-06-27,2018-06-27,16,6,0.0,0.0,0.0,0.0,8065.265858613471,33.799887066859135,0.004999820988532503,0
2018-06-28,2018-06-28,2018-06-28,30,6,0.0,0.0,0.0,0.0,12535.022066946805,33.799887066859135,0.007770713020588887,1
2018-06-29,2018-06-29,2018-06-29,18,6,0.0,0.0,0.0,0.0,9043.093289169028,33.799887066859135,0.005605995936284933,0
2018-06-30,2018-06-30,2018-06-30,26,6,0.0,0.0,0.0,0.0,10102.503118228857,33.799887066859135,0.006262745458451529,0
2018-07-01,2018-07-01,2018-07-01,20,6,0.0,0.0,0.0,0.0,27098.676766386532,33.799887066859135,0.016799016329181463,1
2018-07-02,2018-07-02,2018-07-02,27,6,0.0,0.0,0.0,0.0,12207.857363243102,33.799887066859135,0.0075678970215926665,0
2018-07-03,2018-07-03,2018-07-03,40,6,0.0,0.0,0.0,0.0,8380.072483613472,33.799887066859135,0.005194975965268096,0
2018-07-04,2018-07-04,2018-07-04,13,6,0.0,0.0,0.0,0.0,12969.71004130578,33.799887066859135,0.008040184863893542,1
2018-07-05,2018-07-05,2018-07-05,16,6,0.0,0.0,0.0,0.0,11739.185875512349,33.799887066859135,0.007277358112874559,0
2018-07-06,2018-07-06,2018-07-06,18,6,0.0,0.0,0.0,0.0,11075.494955835695,33.799887066859135,0.006865922724597322,0
2018-07-07,2018-07-07,2018-07-07,17,6,0.0,0.0,0.0,0.0,10013.954792437002,33.799887066859135,0.006207852565203539,0
2018-07-08,2018-07-08,2018-07-08,16,6,0.0,0.0,0.0,0.0,10188.298358613472,33.799887066859135,0.0063159316585236665,0
2018-07-09,2018-07-09,2018-07-09,12,6,0.0,0.0,0.0,0.0,2727.387874487652,33.799887066859135,0.0016907627569609594,0
2018-07-10,2018-07-10,2018-07-10,20,6,0.0,0.0,0.0,0.0,12751.554733613471,33.799887066859135,0.00790494598829034,1
2018-07-11,2018-07-11,2018-07-11,10,6,0.0,0.0,0.0,0.0,7726.280733613472,33.799887066859135,0.004789677271947482,0
2018-07-12,2018-07-12,2018-07-12,25,6,0.0,0.0,0.0,0.0,9010.73253361347,33.799887066859135,0.0055859348511740625,0
2018-07-13,2018-07-13,2018-07-13,27,6,0.0,0.0,0.0,0.0,11280.45699287273,33.799887066859135,0.006992982825602637,0
2018-07-14,2018-07-14,2018-07-14,21,6,0.0,0.0,0.0,0.0,124088.40940924367,33.799887066859135,0.07692490795394674,1
2018-07-15,2018-07-15,2018-07-15,12,6,0.0,0.0,0.0,0.0,12722.488566946806,33.799887066859135,0.007886927285286153,1
2018-07-16,2018-07-16,2018-07-16,32,6,0.0,0.0,0.0,0.0,10800.653671113472,33.799887066859135,0.00669554306843238,0
2018-07-17,2018-07-17,2018-07-17,19,6,0.0,0.0,0.0,0.0,7418.015628350314,33.799887066859135,0.004598577515244374,0
2018-07-18,2018-07-18,2018-07-18,7,6,0.0,0.0,0.0,0.0,12602.672019327758,33.799887066859135,0.007812650590622772,1
2018-07-19,2018-07-19,2018-07-19,6,6,0.0,0.0,0.0,0.0,10948.111066946805,33.799887066859135,0.0067869548824415205,0
2018-07-20,2018-07-20,2018-07-20,5,6,0.0,0.0,0.0,0.0,6128.421733613471,33.799887066859135,0.003799132247770315,0
2018-07-21,2018-07-21,2018-07-21,4,6,0.0,0.0,0.0,0.0,3588.9302336134733,33.799887066859135,0.0022248502433724264,0
2018-07-22,2018-07-22,2018-07-22,30,6,0.0,0.0,0.0,0.0,5173.544733613471,33.799887066859135,0.003207184734847573,0
2018-07-23,2018-07-23,2018-07-23,38,6,0.0,0.0,0.0,0.0,10362.220891508208,33.799887066859135,0.006423749744819872,0
2018-07-24,2018-07-24,2018-07-24,20,6,0.0,0.0,0.0,0.0,9144.345233613472,33.799887066859135,0.0056687640589776775,0
2018-07-25,2018-07-25,2018-07-25,31,6,0.0,0.0,0.0,0.0,7763.957411032826,33.799887066859135,0.00481303380424806,0
2018-07-26,2018-07-26,2018-07-26,30,6,0.0,0.0,0.0,0.0,7616.363066946803,33.799887066859135,0.004721537093254723,0
2018-07-27,2018-07-27,2018-07-27,26,6,0.0,0.0,0.0,0.0,10914.082348998087,33.799887066859135,0.006765859793799012,0
2018-07-28,2018-07-28,2018-07-28,15,6,0.0,0.0,0.0,0.0,12271.218400280139,33.799887066859135,0.007607175806494052,0
2018-07-29,2018-07-29,2018-07-29,5,6,0.0,0.0,0.0,0.0,10304.119733613472,33.799887066859135,0.0063877316650947135,0
2018-07-30,2018-07-30,2018-07-30,36,6,0.0,0.0,0.0,0.0,5523.88393305319,33.799887066859135,0.003424367071198418,0
2018-07-31,2018-07-31,2018-07-31,7,6,0.0,0.0,0.0,0.0,12714.417733613473,33.799887066859135,0.007881924012907741,1
2018-08-01,2018-08-01,2018-08-01,42,6,0.0,0.0,0.0,0.0,8730.933456862715,33.799887066859135,0.005412481759728054,0
2018-08-02,2018-08-02,2018-08-02,34,6,0.0,0.0,0.0,0.0,55879.74800786529,33.799887066859135,0.034640982928697016,1
2018-08-03,2018-08-03,2018-08-03,20,6,0.0,0.0,0.0,0.0,7628.922733613472,33.799887066859135,0.004729323083959781,0
2018-08-04,2018-08-04,2018-08-04,17,6,0.0,0.0,0.0,0.0,9486.875380672296,33.799887066859135,0.005881105406242856,0
2018-08-05,2018-08-05,2018-08-05,15,6,0.0,0.0,0.0,0.0,7296.633733613472,33.799887066859135,0.004523330430328386,0
2018-08-06,2018-08-06,2018-08-06,13,6,0.0,0.0,0.0,0.0,12521.58850284424,33.799887066859135,0.007762385283236116,1
2018-08-07,2018-08-07,2018-08-07,12,6,0.0,0.0,0.0,0.0,8625.400233613473,33.799887066859135,0.005347059585947442,0
2018-08-08,2018-08-08,2018-08-08,18,6,0.0,0.0,0.0,0.0,5683.54051139125,33.799887066859135,0.0035233414045093784,0
2018-08-09,2018-08-09,2018-08-09,14,6,0.0,0.0,0.0,0.0,5420.472019327757,33.799887066859135,0.0033602599399801033,0
2018-08-10,2018-08-10,2018-08-10,19,6,0.0,0.0,0.0,0.0,4063.2003651924206,33.799887066859135,0.0025188598643410953,0
2018-08-11,2018-08-11,2018-08-11,16,6,0.0,0.0,0.0,0.0,31976.33539138653,33.799887066859135,0.0198227752970432,1
2018-08-12,2018-08-12,2018-08-12,13,6,0.0,0.0,0.0,0.0,7615.287733613472,33.799887066859135,0.0047208704724310685,0
2018-08-13,2018-08-13,2018-08-13,22,6,0.0,0.0,0.0,0.0,11142.228188158926,33.799887066859135,0.00690729200137646,0
2018-08-14,2018-08-14,2018-08-14,1,6,0.0,0.0,0.0,0.0,12700.497733613473,33.799887066859135,0.007873294724130354,1
2018-08-15,2018-08-15,2018-08-15,14,6,0.0,0.0,0.0,0.0,5363.570590756328,33.799887066859135,0.003324985596661949,0
2018-08-16,2018-08-16,2018-08-16,4,6,0.0,0.0,0.0,0.0,13460.527733613471,33.799887066859135,0.00834445265153532,1
2018-08-17,2018-08-17,2018-08-17,37,6,0.0,0.0,0.0,0.0,8150.399023143293,33.799887066859135,0.0050525967544276604,0
2018-08-18,2018-08-18,2018-08-18,19,6,0.0,0.0,0.0,0.0,7513.293523087156,33.799887066859135,0.004657642204022079,0
2018-08-19,2018-08-19,2018-08-19,15,6,0.0,0.0,0.0,0.0,6733.9324002801395,33.799887066859135,0.004174500523665039,0
2018-08-20,2018-08-20,2018-08-20,35,6,0.0,0.0,0.0,0.0,12863.359980672243,33.799887066859135,0.007974256316142151,1
2018-08-21,2018-08-21,2018-08-21,12,6,0.0,0.0,0.0,0.0,9281.166900280137,33.799887066859135,0.005753582569945349,0
2018-08-22,2018-08-22,2018-08-22,22,6,0.0,0.0,0.0,0.0,12254.453188158926,33.799887066859135,0.007596782713332553,0
2018-08-23,2018-08-23,2018-08-23,11,6,0.0,0.0,0.0,0.0,9821.725915431653,33.799887066859135,0.006088686006939754,0
2018-08-24,2018-08-24,2018-08-24,7,6,0.0,0.0,0.0,0.0,12059.500590756328,33.799887066859135,0.007475927665854922,0
2018-08-25,2018-08-25,2018-08-25,11,6,0.0,0.0,0.0,0.0,11834.515915431653,33.799887066859135,0.007336455127502682,0
2018-08-26,2018-08-26,2018-08-26,5,6,0.0,0.0,0.0,0.0,11700.757733613473,33.799887066859135,0.007253535732585494,0
2018-08-27,2018-08-27,2018-08-27,41,6,0.0,0.0,0.0,0.0,17004.003101122107,33.799887066859135,0.010541124506548833,1
2018-08-28,2018-08-28,2018-08-28,11,6,0.0,0.0,0.0,0.0,12242.901369977108,33.799887066859135,0.0075896215082323516,0
2018-08-29,2018-08-29,2018-08-29,18,6,0.0,0.0,0.0,0.0,9174.633289169027,33.799887066859135,0.005687540235550553,0
2018-08-30,2018-08-30,2018-08-30,11,6,0.0,0.0,0.0,0.0,3522.5313699771086,33.799887066859135,0.0021836882484867577,0
2018-08-31,2018-08-31,2018-08-31,18,6,0.0,0.0,0.0,0.0,11576.64162250236,33.799887066859135,0.007176593651787792,0
2018-09-01,2018-09-01,2018-09-01,9,6,0.0,0.0,0.0,0.0,9238.309955835693,33.799887066859135,0.005727014685625843,0
2018-09-02,2018-09-02,2018-09-02,13,6,0.0,0.0,0.0,0.0,12134.103118228857,33.799887066859135,0.007522175277427003,0
2018-09-03,2018-09-03,2018-09-03,20,6,0.0,0.0,0.0,0.0,12609.638733613472,33.799887066859135,0.007816969397332613,1
2018-09-04,2018-09-04,2018-09-04,16,6,0.0,0.0,0.0,0.0,7932.731483613472,33.799887066859135,0.004917660256147054,0
2018-09-05,2018-09-05,2018-09-05,18,6,0.0,0.0,0.0,0.0,9852.66162250236,33.799887066859135,0.006107863675750514,0
2018-09-06,2018-09-06,2018-09-06,17,6,0.0,0.0,0.0,0.0,9742.70714537818,33.799887066859135,0.006039700677512647,0
2018-09-07,2018-09-07,2018-09-07,23,6,0.0,0.0,0.0,0.0,12530.098603178689,33.799887066859135,0.007767660866088881,1
2018-09-08,2018-09-08,2018-09-08,6,6,0.0,0.0,0.0,0.0,12435.151066946806,33.799887066859135,0.007708800973211992,1
2018-09-09,2018-09-09,2018-09-09,12,6,0.0,0.0,0.0,0.0,11900.407733613472,33.799887066859135,0.00737730279468357,0
2018-09-10,2018-09-10,2018-09-10,25,6,0.0,0.0,0.0,0.0,11108.132933613471,33.799887066859135,0.006886155665355539,0
2018-09-11,2018-09-11,2018-09-11,8,6,0.0,0.0,0.0,0.0,6273.662733613472,33.799887066859135,0.0038891700732959188,0
2018-09-12,2018-09-12,2018-09-12,33,6,0.0,0.0,0.0,0.0,8618.071673007413,33.799887066859135,0.005342516463404894,0
2018-09-13,2018-09-13,2018-09-13,2,6,0.0,0.0,0.0,0.0,12633.937733613471,33.799887066859135,0.007832032837562621,1
2018-09-14,2018-09-14,2018-09-14,6,6,0.0,0.0,0.0,0.0,2732.677874487652,33.799887066859135,0.0016940421346644348,0
2018-09-15,2018-09-15,2018-09-15,13,6,0.0,0.0,0.0,0.0,12875.783118228857,33.799887066859135,0.007981957669697988,1
2018-09-16,2018-09-16,2018-09-16,10,6,0.0,0.0,0.0,0.0,9699.229733613472,33.799887066859135,0.006012748152985995,0
2018-09-17,2018-09-17,2018-09-17,28,6,0.0,0.0,0.0,0.0,8865.188805042044,33.799887066859135,0.005495709358100756,0
2018-09-18,2018-09-18,2018-09-18,23,6,0.0,0.0,0.0,0.0,11462.299037961298,33.799887066859135,0.007105710377250611,0
2018-09-19,2018-09-19,2018-09-19,18,6,0.0,0.0,0.0,0.0,9314.643289169027,33.799887066859135,0.005774335258662757,0
2018-09-20,2018-09-20,2018-09-20,34,6,0.0,0.0,0.0,0.0,6749.113615966413,33.799887066859135,0.004183911665486062,0
2018-09-21,2018-09-21,2018-09-21,9,6,0.0,0.0,0.0,0.0,11435.253289169028,33.799887066859135,0.007088944172040184,0
2018-09-22,2018-09-22,2018-09-22,1,6,0.0,0.0,0.0,0.0,13518.337733613473,33.799887066859135,0.008380290236608648,1
2018-09-23,2018-09-23,2018-09-23,18,6,0.0,0.0,0.0,0.0,57564.13226638653,33.799887066859135,0.035685166705914255,1
2018-09-24,2018-09-24,2018-09-24,20,6,0.0,0.0,0.0,0.0,11053.303233613471,33.799887066859135,0.006852165628367213,0
2018-09-25,2018-09-25,2018-09-25,21,6,0.0,0.0,0.0,0.0,12340.427733613473,33.799887066859135,0.007650080068234264,1
2018-09-26,2018-09-26,2018-09-26,11,6,0.0,0.0,0.0,0.0,8547.035915431654,33.799887066859135,0.005298479964436385,0
2018-09-27,2018-09-27,2018-09-27,9,6,0.0,0.0,0.0,0.0,9622.862178057916,33.799887066859135,0.005965406364903236,0
2018-09-28,2018-09-28,2018-09-28,29,6,0.0,0.0,0.0,0.0,6592.3090220640715,33.799887066859135,0.004086705334853581,0
2018-09-29,2018-09-29,2018-09-29,16,6,0.0,0.0,0.0,0.0,12308.528983613473,33.799887066859135,0.0076303053896863,0
2018-09-30,2018-09-30,2018-09-30,28,6,0.0,0.0,0.0,0.0,9405.012376470615,33.799887066859135,0.005830356878696828,0
2018-10-01,2018-10-01,2018-10-01,21,6,0.0,0.0,0.0,0.0,11293.823447899187,33.799887066859135,0.007001268960685485,0
2018-10-02,2018-10-02,2018-10-02,20,6,0.0,0.0,0.0,0.0,6056.810733613471,33.799887066859135,0.003754739144419925,0
2018-10-03,2018-10-03,2018-10-03,19,6,0.0,0.0,0.0,0.0,10057.312470455578,33.799887066859135,0.00623473086436584,0
2018-10-04,2018-10-04,2018-10-04,14,6,0.0,0.0,0.0,0.0,8854.624876470614,33.799887066859135,0.00548916056569655,0
2018-10-05,2018-10-05,2018-10-05,13,6,0.0,0.0,0.0,0.0,8672.047733613472,33.799887066859135,0.005375977312114334,0
2018-10-06,2018-10-06,2018-10-06,27,6,0.0,0.0,0.0,0.0,12229.900696576435,33.799887066859135,0.007581562128557432,0
2018-10-07,2018-10-07,2018-10-07,5,6,0.0,0.0,0.0,0.0,4902.069733613471,33.799887066859135,0.0030388919064825563,0
2018-10-08,2018-10-08,2018-10-08,11,6,0.0,0.0,0.0,0.0,2732.677874487652,33.799887066859135,0.0016940421346644348,0
2018-10-09,2018-10-09,2018-10-09,14,6,0.0,0.0,0.0,0.0,12219.977019327758,33.799887066859135,0.007575410240862574,0
2018-10-10,2018-10-10,2018-10-10,5,6,0.0,0.0,0.0,0.0,13458.235733613472,33.799887066859135,0.008343031794503871,1
2018-10-11,2018-10-11,2018-10-11,17,6,0.0,0.0,0.0,0.0,10683.153615966414,33.799887066859135,0.0066227024141778685,0
2018-10-12,2018-10-12,2018-10-12,3,6,0.0,0.0,0.0,0.0,13537.817733613472,33.799887066859135,0.008392366281535623,1
2018-10-13,2018-10-13,2018-10-13,15,6,0.0,0.0,0.0,0.0,12627.473733613473,33.799887066859135,0.00782802567357864,1
2018-10-14,2018-10-14,2018-10-14,14,6,0.0,0.0,0.0,0.0,12588.992733613472,33.799887066859135,0.007804170525486497,1
2018-10-15,2018-10-15,2018-10-15,12,6,0.0,0.0,0.0,0.0,12911.106066946806,33.799887066859135,0.008003855078099998,1
2018-10-16,2018-10-16,2018-10-16,17,6,0.0,0.0,0.0,0.0,7236.239498319354,33.799887066859135,0.00448589082567017,0
2018-10-17,2018-10-17,2018-10-17,33,6,0.0,0.0,0.0,0.0,6436.047430583169,33.799887066859135,0.003989835622374938,0
2018-10-18,2018-10-18,2018-10-18,1,6,0.0,0.0,0.0,0.0,5496.297733613472,33.799887066859135,0.003407265829730321,0
2018-10-19,2018-10-19,2018-10-19,12,6,0.0,0.0,0.0,0.0,12638.691900280139,33.799887066859135,0.007834980041374581,1
2018-10-20,2018-10-20,2018-10-20,11,6,0.0,0.0,0.0,0.0,9143.870460886199,33.799887066859135,0.0056684697377875,0
2018-10-21,2018-10-21,2018-10-21,22,6,0.0,0.0,0.0,0.0,9668.19136997711,33.799887066859135,0.005993506845299521,0
2018-10-22,2018-10-22,2018-10-22,32,6,0.0,0.0,0.0,0.0,10115.278046113472,33.799887066859135,0.00627066489392758,0
2018-10-23,2018-10-23,2018-10-23,17,6,0.0,0.0,0.0,0.0,7721.835380672296,33.799887066859135,0.00478692150799297,0
2018-10-24,2018-10-24,2018-10-24,15,6,0.0,0.0,0.0,0.0,6739.829066946805,33.799887066859135,0.004178155986272125,0
2018-10-25,2018-10-25,2018-10-25,8,6,0.0,0.0,0.0,0.0,12141.225233613472,33.799887066859135,0.007526590420412614,0
2018-10-26,2018-10-26,2018-10-26,4,6,0.0,0.0,0.0,0.0,13231.962733613473,33.799887066859135,0.008202760597698871,1
2018-10-27,2018-10-27,2018-10-27,14,6,0.0,0.0,0.0,0.0,11316.032733613472,33.799887066859135,0.0070150369448785934,0
2018-10-28,2018-10-28,2018-10-28,26,6,0.0,0.0,0.0,0.0,1206.5758105365494,33.799887066859135,0.0007479806825380152,0
2018-10-29,2018-10-29,2018-10-29,11,6,0.0,0.0,0.0,0.0,12977.458642704381,33.799887066859135,0.008044988378195941,1
2018-10-30,2018-10-30,2018-10-30,33,6,0.0,0.0,0.0,0.0,49337.64650881077,33.799887066859135,0.030585402250082428,1
2018-10-31,2018-10-31,2018-10-31,15,6,0.0,0.0,0.0,0.0,12672.003733613472,33.799887066859135,0.007855630718783885,1
2018-11-01,2018-11-01,2018-11-01,14,6,0.0,0.0,0.0,0.0,11365.982019327757,33.799887066859135,0.007046001514609395,0
2018-11-02,2018-11-02,2018-11-02,31,6,0.0,0.0,0.0,0.0,11547.698378774761,33.799887066859135,0.007158651151192984,0
2018-11-03,2018-11-03,2018-11-03,20,6,0.0,0.0,0.0,0.0,10823.086233613472,33.799887066859135,0.006709449466408623,0
2018-11-04,2018-11-04,2018-11-04,29,6,0.0,0.0,0.0,0.0,11664.291526716921,33.799887066859135,0.007230929595378147,0
2018-11-05,2018-11-05,2018-11-05,19,6,0.0,0.0,0.0,0.0,12548.122996771366,33.799887066859135,0.0077788345512432265,1
2018-11-06,2018-11-06,2018-11-06,12,6,0.0,0.0,0.0,0.0,11364.902733613471,33.799887066859135,0.007045332443625063,0
2018-11-07,2018-11-07,2018-11-07,18,6,0.0,0.0,0.0,0.0,4506.124955835696,33.799887066859135,0.00279343775221944,0
2018-11-08,2018-11-08,2018-11-08,18,6,0.0,0.0,0.0,0.0,7205.295511391249,33.799887066859135,0.004466708024008797,0
2018-11-09,2018-11-09,2018-11-09,11,6,0.0,0.0,0.0,0.0,8447.065915431653,33.799887066859135,0.005236506544962581,0
2018-11-10,2018-11-10,2018-11-10,26,6,0.0,0.0,0.0,0.0,12756.879656690395,33.799887066859135,0.007908247015513627,1
2018-11-11,2018-11-11,2018-11-11,14,6,0.0,0.0,0.0,0.0,4371.453447899188,33.799887066859135,0.0027099521680189922,0
2018-11-12,2018-11-12,2018-11-12,13,6,0.0,0.0,0.0,0.0,12670.312348998088,33.799887066859135,0.007854582195344245,1
2018-11-13,2018-11-13,2018-11-13,15,6,0.0,0.0,0.0,0.0,12072.58840028014,33.799887066859135,0.007484041062970181,0
2018-11-14,2018-11-14,2018-11-14,12,6,0.0,0.0,0.0,0.0,10997.640233613472,33.799887066859135,0.006817659011900572,0
2018-11-15,2018-11-15,2018-11-15,18,6,0.0,0.0,0.0,0.0,5086.594955835693,33.799887066859135,0.003153282813757484,0
2018-11-16,2018-11-16,2018-11-16,9,6,0.0,0.0,0.0,0.0,11225.729955835694,33.799887066859135,0.0069590564314558475,0
2018-11-17,2018-11-17,2018-11-17,13,6,0.0,0.0,0.0,0.0,8402.365425921165,33.799887066859135,0.0052087958098708765,0
2018-11-18,2018-11-18,2018-11-18,10,6,0.0,0.0,0.0,0.0,9974.996733613472,33.799887066859135,0.0061837016787240386,0
2018-11-19,2018-11-19,2018-11-19,11,6,0.0,0.0,0.0,0.0,12308.384097249836,33.799887066859135,0.00763021557170701,0
2018-11-20,2018-11-20,2018-11-20,6,6,0.0,0.0,0.0,0.0,5426.069400280139,33.799887066859135,0.0033637298693360764,0
2018-11-21,2018-11-21,2018-11-21,17,6,0.0,0.0,0.0,0.0,12497.366557142883,33.799887066859135,0.007747369610520082,1
2018-11-22,2018-11-22,2018-11-22,5,6,0.0,0.0,0.0,0.0,12434.927733613473,33.799887066859135,0.00770866252437385,1
2018-11-23,2018-11-23,2018-11-23,7,6,0.0,0.0,0.0,0.0,1464.1916319606755,33.799887066859135,0.0009076819265532766,0
2018-11-24,2018-11-24,2018-11-24,16,6,0.0,0.0,0.0,0.0,11044.632108613472,33.799887066859135,0.00684679022307628,0
2018-11-25,2018-11-25,2018-11-25,7,6,0.0,0.0,0.0,0.0,12981.352019327758,33.799887066859135,0.008047401960897252,1
2018-11-26,2018-11-26,2018-11-26,27,6,0.0,0.0,0.0,0.0,10311.416992872731,33.799887066859135,0.006392255383301008,0
2018-11-27,2018-11-27,2018-11-27,22,6,0.0,0.0,0.0,0.0,10237.856824522563,33.799887066859135,0.006346653951174084,0
2018-11-28,2018-11-28,2018-11-28,7,6,0.0,0.0,0.0,0.0,10710.9091621849,33.799887066859135,0.006639908637129981,0
2018-11-29,2018-11-29,2018-11-29,43,6,0.0,0.0,0.0,0.0,11126.667501055334,33.799887066859135,0.006897645617569602,0
2018-11-30,2018-11-30,2018-11-30,23,6,0.0,0.0,0.0,0.0,12155.186864048255,33.799887066859135,0.007535245516736242,0
2018-12-01,2018-12-01,2018-12-01,24,6,0.0,0.0,0.0,0.0,11695.228983613471,33.799887066859135,0.007250108348941241,0
2018-12-02,2018-12-02,2018-12-02,22,6,0.0,0.0,0.0,0.0,11095.307279068018,33.799887066859135,0.006878204783399237,0
2018-12-03,2018-12-03,2018-12-03,21,6,0.0,0.0,0.0,0.0,9390.618685994425,33.799887066859135,0.005821433939638541,0
2018-12-04,2018-12-04,2018-12-04,12,6,0.0,0.0,0.0,0.0,3243.1802336134715,33.799887066859135,0.0020105128443220362,0
2018-12-05,2018-12-05,2018-12-05,14,6,0.0,0.0,0.0,0.0,9366.522019327756,33.799887066859135,0.005806495929923087,0
2018-12-06,2018-12-06,2018-12-06,7,6,0.0,0.0,0.0,0.0,12799.513447899186,33.799887066859135,0.007934676562641177,1
2018-12-07,2018-12-07,2018-12-07,4,6,0.0,0.0,0.0,0.0,12475.985233613472,33.799887066859135,0.007734114896786029,1
2018-12-08,2018-12-08,2018-12-08,38,6,0.0,0.0,0.0,0.0,11462.362996771368,33.799887066859135,0.007105750026607073,0
2018-12-09,2018-12-09,2018-12-09,14,6,0.0,0.0,0.0,0.0,10909.408447899186,33.799887066859135,0.006762962348231529,0
2018-12-10,2018-12-10,2018-12-10,8,6,0.0,0.0,0.0,0.0,12899.235233613472,33.799887066859135,0.007996496109072587,1
2018-12-11,2018-12-11,2018-12-11,5,6,0.0,0.0,0.0,0.0,11275.651733613471,33.799887066859135,0.006990003948461951,0
2018-12-12,2018-12-12,2018-12-12,5,6,0.0,0.0,0.0,0.0,7313.973733613472,33.799887066859135,0.004534079846089872,0
2018-12-13,2018-12-13,2018-12-13,13,6,0.0,0.0,0.0,0.0,18981.77918946345,33.799887066859135,0.011767187797016325,1
2018-12-14,2018-12-14,2018-12-14,7,6,0.0,0.0,0.0,0.0,9144.15059075633,33.799887066859135,0.005668643395944435,0
2018-12-15,2018-12-15,2018-12-15,5,6,0.0,0.0,0.0,0.0,13166.339733613471,33.799887066859135,0.008162079576331168,1
2018-12-16,2018-12-16,2018-12-16,25,6,0.0,0.0,0.0,0.0,10112.429333613472,33.799887066859135,0.006268898919588051,0
2018-12-17,2018-12-17,2018-12-17,21,6,0.0,0.0,0.0,0.0,5223.684982655205,33.799887066859135,0.0032382676865969407,0
2018-12-18,2018-12-18,2018-12-18,13,6,0.0,0.0,0.0,0.0,11387.349272075011,33.799887066859135,0.0070592475055817686,0
2018-12-19,2018-12-19,2018-12-19,18,6,0.0,0.0,0.0,0.0,10053.071066946806,33.799887066859135,0.006232101532778297,0
2018-12-20,2018-12-20,2018-12-20,47,6,0.0,0.0,0.0,0.0,22032.71694723759,33.799887066859135,0.013658525652883093,1
2018-12-21,2018-12-21,2018-12-21,10,6,0.0,0.0,0.0,0.0,3375.575733613472,33.799887066859135,0.0020925874852937665,0
2018-12-22,2018-12-22,2018-12-22,23,6,0.0,0.0,0.0,0.0,5647.91295100478,33.799887066859135,0.0035012551611897924,0
2018-12-23,2018-12-23,2018-12-23,8,6,0.0,0.0,0.0,0.0,11242.455233613473,33.799887066859135,0.006969424768512346,0
2018-12-24,2018-12-24,2018-12-24,18,6,0.0,0.0,0.0,0.0,12043.199400280138,33.799887066859135,0.007465822229070854,0
2018-12-25,2018-12-25,2018-12-25,11,6,0.0,0.0,0.0,0.0,2732.677874487652,33.799887066859135,0.0016940421346644348,0
2018-12-26,2018-12-26,2018-12-26,14,6,0.0,0.0,0.0,0.0,9933.40059075633,33.799887066859135,0.006157915390739864,0
2018-12-27,2018-12-27,2018-12-27,21,6,0.0,0.0,0.0,0.0,11978.326305042043,33.799887066859135,0.007425606088791226,0
2018-12-28,2018-12-28,2018-12-28,15,6,0.0,0.0,0.0,0.0,6184.521066946804,33.799887066859135,0.0038339093560714787,0
2018-12-29,2018-12-29,2018-12-29,23,6,0.0,0.0,0.0,0.0,8179.407733613472,33.799887066859135,0.00507057983917671,0
2018-12-30,2018-12-30,2018-12-30,26,6,0.0,0.0,0.0,0.0,10901.54927207501,33.799887066859135,0.006758090286612343,0
2018-12-31,2018-12-31,2018-12-31,14,6,0.0,0.0,0.0,0.0,11792.348447899187,33.799887066859135,0.007310314663828205,0
2019-01-01,2019-01-01,2019-01-01,8,6,0.0,0.0,0.0,0.0,10235.293983613472,33.799887066859135,0.006345065194400014,0
2019-01-02,2019-01-02,2019-01-02,12,6,0.0,0.0,0.0,0.0,10781.701066946805,33.799887066859135,0.00668379396682048,0
2019-01-03,2019-01-03,2019-01-03,23,6,0.0,0.0,0.0,0.0,7143.279037961298,33.799887066859135,0.004428262761208355,0
2019-01-04,2019-01-04,2019-01-04,26,6,0.0,0.0,0.0,0.0,7107.425041305779,33.799887066859135,0.004406036145478187,0
2019-01-05,2019-01-05,2019-01-05,8,6,0.0,0.0,0.0,0.0,12700.511483613473,33.799887066859135,0.007873303248032702,1
2019-01-06,2019-01-06,2019-01-06,30,6,0.0,0.0,0.0,0.0,12656.452400280139,33.799887066859135,0.007845990133567885,1
2019-01-07,2019-01-07,2019-01-07,29,6,0.0,0.0,0.0,0.0,4266.4332508548505,33.799887066859135,0.002644848029530944,0
2019-01-08,2019-01-08,2019-01-08,24,6,0.0,0.0,0.0,0.0,12545.53815028014,33.799887066859135,0.007777232152764921,1
2019-01-09,2019-01-09,2019-01-09,8,6,0.0,0.0,0.0,0.0,8852.470233613472,33.799887066859135,0.005487824859128561,0
2019-01-10,2019-01-10,2019-01-10,5,6,0.0,0.0,0.0,0.0,6553.192125512347,33.799887066859135,0.0040624559816624896,0
2019-01-11,2019-01-11,2019-01-11,10,6,0.0,0.0,0.0,0.0,5943.2567336134725,33.799887066859135,0.0036843447293461217,0
2019-01-12,2019-01-12,2019-01-12,15,6,0.0,0.0,0.0,0.0,12134.359066946805,33.799887066859135,0.007522333945199947,0
2019-01-13,2019-01-13,2019-01-13,14,6,0.0,0.0,0.0,0.0,5418.547733613472,33.799887066859135,0.0033590670364514554,0
2019-01-14,2019-01-14,2019-01-14,37,6,0.0,0.0,0.0,0.0,10591.912328208065,33.799887066859135,0.00656614009948768,0
2019-01-15,2019-01-15,2019-01-15,22,6,0.0,0.0,0.0,0.0,4171.792580057803,33.799887066859135,0.002586178368726828,0
2019-01-16,2019-01-16,2019-01-16,8,6,0.0,0.0,0.0,0.0,9945.042733613473,33.799887066859135,0.006165132589928217,0
2019-01-17,2019-01-17,2019-01-17,9,6,0.0,0.0,0.0,0.0,10592.02662250236,33.799887066859135,0.0065662109528261195,0
2019-01-18,2019-01-18,2019-01-18,7,6,0.0,0.0,0.0,0.0,11438.506305042043,33.799887066859135,0.007090960782195764,0
2019-01-19,2019-01-19,2019-01-19,8,6,0.0,0.0,0.0,0.0,12006.407733613472,33.799887066859135,0.007443014332787233,0
2019-01-20,2019-01-20,2019-01-20,14,6,0.0,0.0,0.0,0.0,2732.677874487652,33.799887066859135,0.0016940421346644348,0
2019-01-21,2019-01-21,2019-01-21,28,6,0.0,0.0,0.0,0.0,12499.692019327758,33.799887066859135,0.0077488112114348934,1
2019-01-22,2019-01-22,2019-01-22,33,6,0.0,0.0,0.0,0.0,5374.624703310443,33.799887066859135,0.00333183826400442,0
2019-01-23,2019-01-23,2019-01-23,16,6,0.0,0.0,0.0,0.0,11533.893983613472,33.799887066859135,0.007150093528186956,0
2019-01-24,2019-01-24,2019-01-24,23,6,0.0,0.0,0.0,0.0,10595.816864048255,33.799887066859135,0.006568560600012582,0
2019-01-25,2019-01-25,2019-01-25,25,6,0.0,0.0,0.0,0.0,12442.780533613472,33.799887066859135,0.007713530633491023,1
2019-01-26,2019-01-26,2019-01-26,16,6,0.0,0.0,0.0,0.0,12626.982733613471,33.799887066859135,0.007827721292774781,1
2019-01-27,2019-01-27,2019-01-27,15,6,0.0,0.0,0.0,0.0,12476.380400280139,33.799887066859135,0.007734359868573519,1
2019-01-28,2019-01-28,2019-01-28,15,6,0.0,0.0,0.0,0.0,11736.057066946805,33.799887066859135,0.00727541850133424,0
2019-01-29,2019-01-29,2019-01-29,27,6,0.0,0.0,0.0,0.0,11761.040326206064,33.799887066859135,0.007290906127681113,0
2019-01-30,2019-01-30,2019-01-30,11,6,0.0,0.0,0.0,0.0,11811.1404608862,33.799887066859135,0.007321964211728588,0
2019-01-31,2019-01-31,2019-01-31,14,6,0.0,0.0,0.0,0.0,11218.706305042044,33.799887066859135,0.006954702328656283,0
2019-02-01,2019-02-01,2019-02-01,6,6,0.0,0.0,0.0,0.0,9912.381066946806,33.799887066859135,0.006144884963949954,0
2019-02-02,2019-02-02,2019-02-02,12,6,0.0,0.0,0.0,0.0,12762.966900280138,33.799887066859135,0.007912020620599416,1
2019-02-03,2019-02-03,2019-02-03,12,6,0.0,0.0,0.0,0.0,11382.162733613472,33.799887066859135,0.007056032265772887,0
2019-02-04,2019-02-04,2019-02-04,17,6,0.0,0.0,0.0,0.0,11768.050674789942,33.799887066859135,0.007295251984172523,0
2019-02-05,2019-02-05,2019-02-05,20,6,0.0,0.0,0.0,0.0,9838.740733613471,33.799887066859135,0.006099233835932975,0
2019-02-06,2019-02-06,2019-02-06,6,6,0.0,0.0,0.0,0.0,13087.224400280138,33.799887066859135,0.008113034385379117,1
2019-02-07,2019-02-07,2019-02-07,4,6,0.0,0.0,0.0,0.0,12115.517733613473,33.799887066859135,0.00751065382262205,0
2019-02-08,2019-02-08,2019-02-08,14,6,0.0,0.0,0.0,0.0,12127.6791621849,33.799887066859135,0.007518192937499091,0
2019-02-09,2019-02-09,2019-02-09,22,6,0.0,0.0,0.0,0.0,12570.085006340745,33.799887066859135,0.007792449243966351,1
2019-02-10,2019-02-10,2019-02-10,19,6,0.0,0.0,0.0,0.0,11848.947207297682,33.799887066859135,0.007345401376420981,0
2019-02-11,2019-02-11,2019-02-11,25,6,0.0,0.0,0.0,0.0,12186.399733613473,33.799887066859135,0.007554595004167934,0
2019-02-12,2019-02-12,2019-02-12,13,6,0.0,0.0,0.0,0.0,11273.73004130578,33.799887066859135,0.006988812652638363,0
2019-02-13,2019-02-13,2019-02-13,4,6,0.0,0.0,0.0,0.0,11144.902733613471,33.799887066859135,0.006908950006051425,0
2019-02-14,2019-02-14,2019-02-14,10,6,0.0,0.0,0.0,0.0,5044.583733613474,33.799887066859135,0.00312723920970242,0
2019-02-15,2019-02-15,2019-02-15,7,6,0.0,0.0,0.0,0.0,12288.392019327757,33.799887066859135,0.0076178220793471215,0
2019-02-16,2019-02-16,2019-02-16,6,6,0.0,0.0,0.0,0.0,3687.977733613472,33.799887066859135,0.0022862517864886754,0
2019-02-17,2019-02-17,2019-02-17,25,6,0.0,0.0,0.0,0.0,2654.947474487652,33.799887066859135,0.0016458554918209166,0
2019-02-18,2019-02-18,2019-02-18,37,6,0.0,0.0,0.0,0.0,11861.514760640499,33.799887066859135,0.007353192256235663,0
2019-02-19,2019-02-19,2019-02-19,21,6,0.0,0.0,0.0,0.0,10864.320114565853,33.799887066859135,0.0067350111809309264,0
2019-02-20,2019-02-20,2019-02-20,18,6,0.0,0.0,0.0,0.0,12750.332733613472,33.799887066859135,0.007904188445841637,1
2019-02-21,2019-02-21,2019-02-21,8,6,0.0,0.0,0.0,0.0,12475.641483613472,33.799887066859135,0.007733901799227321,1
2019-02-22,2019-02-22,2019-02-22,41,6,0.0,0.0,0.0,0.0,9330.080172637863,33.799887066859135,0.0057839048940992125,0
2019-02-23,2019-02-23,2019-02-23,30,6,0.0,0.0,0.0,0.0,8887.302066946806,33.799887066859135,0.005509417815197464,0
2019-02-24,2019-02-24,2019-02-24,28,6,0.0,0.0,0.0,0.0,28782.95369495795,33.799887066859135,0.017843133570397875,1
2019-02-25,2019-02-25,2019-02-25,25,6,0.0,0.0,0.0,0.0,11963.276533613473,33.799887066859135,0.007416276431916887,0
2019-02-26,2019-02-26,2019-02-26,21,6,0.0,0.0,0.0,0.0,10047.106781232518,33.799887066859135,0.006228404151759659,0
2019-02-27,2019-02-27,2019-02-27,6,6,0.0,0.0,0.0,0.0,6763.849400280137,33.799887066859135,0.00419304667541454,0
2019-02-28,2019-02-28,2019-02-28,5,6,0.0,0.0,0.0,0.0,4596.20173361347,33.799887066859135,0.0028492781636835847,0
2019-03-01,2019-03-01,2019-03-01,29,6,0.0,0.0,0.0,0.0,34272.77157673137,33.799887066859135,0.02124638240926883,1
2019-03-02,2019-03-02,2019-03-02,12,6,0.0,0.0,0.0,0.0,9025.087733613473,33.799887066859135,0.005594833929209777,0
2019-03-03,2019-03-03,2019-03-03,15,6,0.0,0.0,0.0,0.0,12690.557066946805,33.799887066859135,0.007867132304352596,1
2019-03-04,2019-03-04,2019-03-04,21,6,0.0,0.0,0.0,0.0,12052.772019327758,33.799887066859135,0.007471756488705756,0
2019-03-05,2019-03-05,2019-03-05,36,6,0.0,0.0,0.0,0.0,11452.902178057917,33.799887066859135,0.007099885074254426,0
2019-03-06,2019-03-06,2019-03-06,19,6,0.0,0.0,0.0,0.0,12688.307733613472,33.799887066859135,0.007865737897248433,1
2019-03-07,2019-03-07,2019-03-07,32,6,0.0,0.0,0.0,0.0,6078.750109110753,33.799887066859135,0.00376833980582521,0
2019-03-08,2019-03-08,2019-03-08,19,6,0.0,0.0,0.0,0.0,12383.675628350315,33.799887066859135,0.007676890310525803,1
2019-03-09,2019-03-09,2019-03-09,14,6,0.0,0.0,0.0,0.0,10003.101305042042,33.799887066859135,0.006201124269443997,0
2019-03-10,2019-03-10,2019-03-10,13,6,0.0,0.0,0.0,0.0,8286.147733613474,33.799887066859135,0.005136750118206758,0
2019-03-11,2019-03-11,2019-03-11,41,6,0.0,0.0,0.0,0.0,6201.726026296398,33.799887066859135,0.0038445750574099013,0
2019-03-12,2019-03-12,2019-03-12,28,6,0.0,0.0,0.0,0.0,8489.615233613473,33.799887066859135,0.005262883725556822,0
2019-03-13,2019-03-13,2019-03-13,7,6,0.0,0.0,0.0,0.0,12542.913447899187,33.799887066859135,0.00777560504681665,1
2019-03-14,2019-03-14,2019-03-14,5,6,0.0,0.0,0.0,0.0,10817.091733613472,33.799887066859135,0.0067057333549448254,0
2019-03-15,2019-03-15,2019-03-15,19,6,0.0,0.0,0.0,0.0,8137.585102034524,33.799887066859135,0.0050446531462654326,0
2019-03-16,2019-03-16,2019-03-16,20,6,0.0,0.0,0.0,0.0,12132.144733613472,33.799887066859135,0.007520961235301763,0
2019-03-17,2019-03-17,2019-03-17,12,6,0.0,0.0,0.0,0.0,8883.424400280139,33.799887066859135,0.0055070139714152,0
2019-03-18,2019-03-18,2019-03-18,34,6,0.0,0.0,0.0,0.0,10965.593615966414,33.799887066859135,0.006797792667215589,0
2019-03-19,2019-03-19,2019-03-19,30,6,0.0,0.0,0.0,0.0,11483.756066946806,33.799887066859135,0.007119012022323939,0
2019-03-20,2019-03-20,2019-03-20,20,6,0.0,0.0,0.0,0.0,11925.865733613473,33.799887066859135,0.0073930847223915245,0
2019-03-21,2019-03-21,2019-03-21,22,6,0.0,0.0,0.0,0.0,2732.677874487652,33.799887066859135,0.0016940421346644348,0
2019-03-22,2019-03-22,2019-03-22,23,6,0.0,0.0,0.0,0.0,9083.594255352602,33.799887066859135,0.005631103302158585,0
2019-03-23,2019-03-23,2019-03-23,25,6,0.0,0.0,0.0,0.0,12619.976533613471,33.799887066859135,0.007823378008074198,1
2019-03-24,2019-03-24,2019-03-24,8,6,0.0,0.0,0.0,0.0,6609.997733613472,33.799887066859135,0.004097670923938327,0
2019-03-25,2019-03-25,2019-03-25,30,6,0.0,0.0,0.0,0.0,8937.436400280141,33.799887066859135,0.005540497099679871,0
2019-03-26,2019-03-26,2019-03-26,25,6,0.0,0.0,0.0,0.0,10037.994933613472,33.799887066859135,0.006222755533627455,0
2019-03-27,2019-03-27,2019-03-27,16,6,0.0,0.0,0.0,0.0,12844.701483613471,33.799887066859135,0.007962689537458807,1
2019-03-28,2019-03-28,2019-03-28,11,6,0.0,0.0,0.0,0.0,12955.473188158927,33.799887066859135,0.008031359151459243,1
2019-03-29,2019-03-29,2019-03-29,21,6,0.0,0.0,0.0,0.0,9411.548685994425,33.799887066859135,0.0058344088688131596,0
2019-03-30,2019-03-30,2019-03-30,13,6,0.0,0.0,0.0,0.0,12754.771579767317,33.799887066859135,0.007906940176107437,1
2019-03-31,2019-03-31,2019-03-31,15,6,0.0,0.0,0.0,0.0,12844.447066946805,33.799887066859135,0.007962531819435355,1
2019-04-01,2019-04-01,2019-04-01,24,6,0.0,0.0,0.0,0.0,10151.497316946805,33.799887066859135,0.006293117950488443,0
2019-04-02,2019-04-02,2019-04-02,26,6,0.0,0.0,0.0,0.0,11038.788887459625,33.799887066859135,0.006843167892420627,0
2019-04-03,2019-04-03,2019-04-03,5,6,0.0,0.0,0.0,0.0,4883.355733613471,33.799887066859135,0.003027290720406406,0
2019-04-04,2019-04-04,2019-04-04,22,6,0.0,0.0,0.0,0.0,10380.333642704381,33.799887066859135,0.006434978204634869,0
2019-04-05,2019-04-05,2019-04-05,22,6,0.0,0.0,0.0,0.0,11182.742279068018,33.799887066859135,0.006932407503532196,0
2019-04-06,2019-04-06,2019-04-06,14,6,0.0,0.0,0.0,0.0,12285.634876470614,33.799887066859135,0.007616112870876231,0
2019-04-07,2019-04-07,2019-04-07,13,6,0.0,0.0,0.0,0.0,9630.750041305779,33.799887066859135,0.005970296210435013,0
2019-04-08,2019-04-08,2019-04-08,29,6,0.0,0.0,0.0,0.0,8042.335664647956,33.799887066859135,0.004985606098773169,0
2019-04-09,2019-04-09,2019-04-09,26,6,0.0,0.0,0.0,0.0,10567.751964382704,33.799887066859135,0.006551162602618731,0
2019-04-10,2019-04-10,2019-04-10,14,6,0.0,0.0,0.0,0.0,11833.649876470616,33.799887066859135,0.007335918252482045,0
2019-04-11,2019-04-11,2019-04-11,10,6,0.0,0.0,0.0,0.0,11983.686733613473,33.799887066859135,0.00742892912658673,0
2019-04-12,2019-04-12,2019-04-12,9,6,0.0,0.0,0.0,0.0,13009.867733613472,33.799887066859135,0.008065079427367429,1
2019-04-13,2019-04-13,2019-04-13,14,6,0.0,0.0,0.0,0.0,12234.907019327758,33.799887066859135,0.007584665649012458,0
2019-04-14,2019-04-14,2019-04-14,2,6,0.0,0.0,0.0,0.0,8173.287733613472,33.799887066859135,0.005066785927731479,0
2019-04-15,2019-04-15,2019-04-15,15,6,0.0,0.0,0.0,0.0,12130.339066946804,33.799887066859135,0.007519841866113374,0
2019-04-16,2019-04-16,2019-04-16,30,6,0.0,0.0,0.0,0.0,12424.995733613472,33.799887066859135,0.007702505477237571,1
2019-04-17,2019-04-17,2019-04-17,19,6,0.0,0.0,0.0,0.0,5258.631417823997,33.799887066859135,0.003259931686655254,0
2019-04-18,2019-04-18,2019-04-18,13,6,0.0,0.0,0.0,0.0,12535.833118228857,33.799887066859135,0.007771215807638174,1
2019-04-19,2019-04-19,2019-04-19,33,6,0.0,0.0,0.0,0.0,8748.555612401351,33.799887066859135,0.00542340608939924,0
2019-04-20,2019-04-20,2019-04-20,11,6,0.0,0.0,0.0,0.0,12750.432279068018,33.799887066859135,0.007904250156076821,1
2019-04-21,2019-04-21,2019-04-21,1,6,0.0,0.0,0.0,0.0,2732.677874487652,33.799887066859135,0.0016940421346644348,0
2019-04-22,2019-04-22,2019-04-22,32,6,0.0,0.0,0.0,0.0,9729.580858613474,33.799887066859135,0.006031563427579642,0
2019-04-23,2019-04-23,2019-04-23,16,6,0.0,0.0,0.0,0.0,38124.917266386525,33.799887066859135,0.023634405223104987,1
2019-04-24,2019-04-24,2019-04-24,14,6,0.0,0.0,0.0,0.0,12694.6391621849,33.799887066859135,0.007869662877529772,1
2019-04-25,2019-04-25,2019-04-25,26,6,0.0,0.0,0.0,0.0,9323.497733613473,33.799887066859135,0.005779824307375002,0
2019-04-26,2019-04-26,2019-04-26,5,6,0.0,0.0,0.0,0.0,8722.899733613473,33.799887066859135,0.00540750149263931,0
2019-04-27,2019-04-27,2019-04-27,13,6,0.0,0.0,0.0,0.0,11520.497733613473,33.799887066859135,0.00714178892259902,0
2019-04-28,2019-04-28,2019-04-28,28,6,0.0,0.0,0.0,0.0,9476.774162184902,33.799887066859135,0.005874843457152971,0
2019-04-29,2019-04-29,2019-04-29,12,6,0.0,0.0,0.0,0.0,12602.608566946805,33.799887066859135,0.007812611255211935,1
2019-04-30,2019-04-30,2019-04-30,55,6,0.0,0.0,0.0,0.0,10135.071915431654,33.799887066859135,0.006282935512775888,0
2019-05-01,2019-05-01,2019-05-01,33,6,0.0,0.0,0.0,0.0,11046.976521492259,33.799887066859135,0.006848243571908497,0
2019-05-02,2019-05-02,2019-05-02,14,6,0.0,0.0,0.0,0.0,12520.061305042043,33.799887066859135,0.007761438542513749,1
2019-05-03,2019-05-03,2019-05-03,6,6,0.0,0.0,0.0,0.0,3641.096066946806,33.799887066859135,0.0022571888956817903,0
2019-05-04,2019-05-04,2019-05-04,11,6,0.0,0.0,0.0,0.0,12144.104097249836,33.799887066859135,0.0075283750860497475,0
2019-05-05,2019-05-05,2019-05-05,24,6,0.0,0.0,0.0,0.0,9900.176066946806,33.799887066859135,0.006137318838265472,0
2019-05-06,2019-05-06,2019-05-06,19,6,0.0,0.0,0.0,0.0,12859.241417823998,33.799887066859135,0.007971703135957861,1
2019-05-07,2019-05-07,2019-05-07,11,6,0.0,0.0,0.0,0.0,84536.77044820471,33.799887066859135,0.05240604917422407,1
2019-05-08,2019-05-08,2019-05-08,24,6,0.0,0.0,0.0,0.0,12298.221016386526,33.799887066859135,0.00762391527288248,0
2019-05-09,2019-05-09,2019-05-09,20,6,0.0,0.0,0.0,0.0,9127.188733613471,33.799887066859135,0.0056581283985675315,0
2019-05-10,2019-05-10,2019-05-10,7,6,0.0,0.0,0.0,0.0,6324.233694957957,33.799887066859135,0.00392052003228957,0
2019-05-11,2019-05-11,2019-05-11,17,6,0.0,0.0,0.0,0.0,12814.034204201707,33.799887066859135,0.007943678272368224,1
2019-05-12,2019-05-12,2019-05-12,8,6,0.0,0.0,0.0,0.0,6335.535233613473,33.799887066859135,0.003927526084063079,0
2019-05-13,2019-05-13,2019-05-13,37,6,0.0,0.0,0.0,0.0,9489.525030910769,33.799887066859135,0.005882747977871222,0
2019-05-14,2019-05-14,2019-05-14,20,6,0.0,0.0,0.0,0.0,10311.281733613472,33.799887066859135,0.006392171533357906,0
2019-05-15,2019-05-15,2019-05-15,12,6,0.0,0.0,0.0,0.0,5680.915233613471,33.799887066859135,0.003521713941861008,0
2019-05-16,2019-05-16,2019-05-16,20,6,0.0,0.0,0.0,0.0,11902.639733613472,33.799887066859135,0.007378686456504773,0
2019-05-17,2019-05-17,2019-05-17,20,6,0.0,0.0,0.0,0.0,12280.54323361347,33.799887066859135,0.007612956458766633,0
2019-05-18,2019-05-18,2019-05-18,6,6,0.0,0.0,0.0,0.0,11249.46440028014,33.799887066859135,0.006973769892309437,0
2019-05-19,2019-05-19,2019-05-19,10,6,0.0,0.0,0.0,0.0,10982.673733613472,33.799887066859135,0.0068083809766644535,0
2019-05-20,2019-05-20,2019-05-20,29,6,0.0,0.0,0.0,0.0,9201.914630165196,33.799887066859135,0.005704452489120258,0
2019-05-21,2019-05-21,2019-05-21,26,6,0.0,0.0,0.0,0.0,11331.381964382703,33.799887066859135,0.007024552242638538,0
2019-05-22,2019-05-22,2019-05-22,16,6,0.0,0.0,0.0,0.0,12181.553358613472,33.799887066859135,0.007551590638550225,0
2019-05-23,2019-05-23,2019-05-23,26,6,0.0,0.0,0.0,0.0,7740.009272075009,33.799887066859135,0.004798187869855246,0
2019-05-24,2019-05-24,2019-05-24,17,6,0.0,0.0,0.0,0.0,8722.37579579829,33.799887066859135,0.00540717669301944,0
2019-05-25,2019-05-25,2019-05-25,3,6,0.0,0.0,0.0,0.0,13264.931066946805,33.799887066859135,0.00822319833252951,1
2019-05-26,2019-05-26,2019-05-26,19,6,0.0,0.0,0.0,0.0,4915.042996771368,33.799887066859135,0.003046934293995094,0
2019-05-27,2019-05-27,2019-05-27,18,6,0.0,0.0,0.0,0.0,11746.829955835694,33.799887066859135,0.007282096832454134,0
2019-05-28,2019-05-28,2019-05-28,33,6,0.0,0.0,0.0,0.0,11982.283188158926,33.799887066859135,0.007428059040448837,0
2019-05-29,2019-05-29,2019-05-29,47,6,0.0,0.0,0.0,0.0,4770.590499570919,33.799887066859135,0.002957385277259656,0
2019-05-30,2019-05-30,2019-05-30,18,6,0.0,0.0,0.0,0.0,11699.663844724582,33.799887066859135,0.007252857608798669,0
2019-05-31,2019-05-31,2019-05-31,19,6,0.0,0.0,0.0,0.0,12297.752996771367,33.799887066859135,0.007623625138082718,0
2019-06-01,2019-06-01,2019-06-01,13,6,0.0,0.0,0.0,0.0,12552.53081053655,33.799887066859135,0.007781567043905347,1
2019-06-02,2019-06-02,2019-06-02,9,6,0.0,0.0,0.0,0.0,12495.489955835694,33.799887066859135,0.0077462062675172265,1
2019-06-03,2019-06-03,2019-06-03,18,6,0.0,0.0,0.0,0.0,5964.150511391249,33.799887066859135,0.003697297203634554,0
2019-06-04,2019-06-04,2019-06-04,22,6,0.0,0.0,0.0,0.0,7988.785006340745,33.799887066859135,0.0049524089655294855,0
2019-06-05,2019-06-05,2019-06-05,2,6,0.0,0.0,0.0,0.0,12837.082733613472,33.799887066859135,0.007957966520657606,1
2019-06-06,2019-06-06,2019-06-06,13,6,0.0,0.0,0.0,0.0,9123.94850284424,33.799887066859135,0.005656119714155673,0
2019-06-07,2019-06-07,2019-06-07,24,6,0.0,0.0,0.0,0.0,9371.689816946804,33.799887066859135,0.005809699551905692,0
2019-06-08,2019-06-08,2019-06-08,14,6,0.0,0.0,0.0,0.0,9932.732733613471,33.799887066859135,0.0061575013726258,0
2019-06-09,2019-06-09,2019-06-09,6,6,0.0,0.0,0.0,0.0,12642.182733613472,33.799887066859135,0.007837144079370778,1
2019-06-10,2019-06-10,2019-06-10,38,6,0.0,0.0,0.0,0.0,8272.175102034525,33.799887066859135,0.0051280882020519605,0
2019-06-11,2019-06-11,2019-06-11,22,6,0.0,0.0,0.0,0.0,15634.462523883481,33.799887066859135,0.009692118678004234,1
2019-06-12,2019-06-12,2019-06-12,25,6,0.0,0.0,0.0,0.0,91542.42699661074,33.799887066859135,0.05674899697820288,1
2019-06-13,2019-06-13,2019-06-13,9,6,0.0,0.0,0.0,0.0,11823.60662250236,33.799887066859135,0.007329692236766765,0
2019-06-14,2019-06-14,2019-06-14,30,6,0.0,0.0,0.0,0.0,6735.064066946804,33.799887066859135,0.004175202066658314,0
2019-06-15,2019-06-15,2019-06-15,25,6,0.0,0.0,0.0,0.0,2840.555866386525,33.799887066859135,0.001760917877826787,0
2019-06-16,2019-06-16,2019-06-16,7,6,0.0,0.0,0.0,0.0,11681.642019327757,33.799887066859135,0.007241685515720734,0
2019-06-17,2019-06-17,2019-06-17,38,6,0.0,0.0,0.0,0.0,11068.342733613472,33.799887066859135,0.006861488917775799,0
2019-06-18,2019-06-18,2019-06-18,2,6,0.0,0.0,0.0,0.0,13136.052733613473,33.799887066859135,0.008143304054118474,1
2019-06-19,2019-06-19,2019-06-19,18,6,0.0,0.0,0.0,0.0,7519.376066946806,33.799887066859135,0.0046614128956503865,0
2019-06-20,2019-06-20,2019-06-20,25,6,0.0,0.0,0.0,0.0,10254.012533613473,33.799887066859135,0.006356669201112943,0
2019-06-21,2019-06-21,2019-06-21,26,6,0.0,0.0,0.0,0.0,11739.983502844241,33.799887066859135,0.007277852578146372,0
2019-06-22,2019-06-22,2019-06-22,14,6,0.0,0.0,0.0,0.0,12668.477019327758,33.799887066859135,0.00785344443746156,1
2019-06-23,2019-06-23,2019-06-23,3,6,0.0,0.0,0.0,0.0,12696.654400280138,33.799887066859135,0.007870912164273955,1
2019-06-24,2019-06-24,2019-06-24,24,6,0.0,0.0,0.0,0.0,12004.575233613472,33.799887066859135,0.007441878329074262,0
2019-06-25,2019-06-25,2019-06-25,17,6,0.0,0.0,0.0,0.0,6355.616557142885,33.799887066859135,0.003939974901575107,0
2019-06-26,2019-06-26,2019-06-26,31,6,0.0,0.0,0.0,0.0,10839.822894903795,33.799887066859135,0.006719824860334161,0
2019-06-27,2019-06-27,2019-06-27,23,6,0.0,0.0,0.0,0.0,12826.563820569994,33.799887066859135,0.007951445634287176,1
2019-06-28,2019-06-28,2019-06-28,22,6,0.0,0.0,0.0,0.0,11136.556824522562,33.799887066859135,0.006903776208662398,0
2019-06-29,2019-06-29,2019-06-29,30,6,0.0,0.0,0.0,0.0,12410.196733613473,33.799887066859135,0.00769333127863006,1
2019-06-30,2019-06-30,2019-06-30,14,6,0.0,0.0,0.0,0.0,8407.453447899188,33.799887066859135,0.005211949977324472,0
2019-07-01,2019-07-01,2019-07-01,16,6,0.0,0.0,0.0,0.0,12077.465233613471,33.799887066859135,0.00748706431032309,0
2019-07-02,2019-07-02,2019-07-02,15,6,0.0,0.0,0.0,0.0,12346.279066946805,33.799887066859135,0.007653707427793608,1
2019-07-03,2019-07-03,2019-07-03,21,6,0.0,0.0,0.0,0.0,12784.23678123252,33.799887066859135,0.007925206248832084,1
2019-07-04,2019-07-04,2019-07-04,37,6,0.0,0.0,0.0,0.0,5814.4247606405,33.799887066859135,0.003604479190657598,0
2019-07-05,2019-07-05,2019-07-05,15,6,0.0,0.0,0.0,0.0,5962.895066946805,33.799887066859135,0.0036965189283001375,0
2019-07-06,2019-07-06,2019-07-06,16,6,0.0,0.0,0.0,0.0,32288.05539138653,33.799887066859135,0.02001601681268163,1
2019-07-07,2019-07-07,2019-07-07,11,6,0.0,0.0,0.0,0.0,8651.391369977107,33.799887066859135,0.005363172015640994,0
2019-07-08,2019-07-08,2019-07-08,36,6,0.0,0.0,0.0,0.0,10544.128566946805,33.799887066859135,0.0065365179820456466,0
2019-07-09,2019-07-09,2019-07-09,39,6,0.0,0.0,0.0,0.0,12166.4428618186,33.799887066859135,0.007542223336796438,0
2019-07-10,2019-07-10,2019-07-10,9,6,0.0,0.0,0.0,0.0,11197.46440028014,33.799887066859135,0.0069415340434283955,0
2019-07-11,2019-07-11,2019-07-11,16,6,0.0,0.0,0.0,0.0,8546.883358613472,33.799887066859135,0.005298385391387602,0
2019-07-12,2019-07-12,2019-07-12,6,6,0.0,0.0,0.0,0.0,13042.731066946806,33.799887066859135,0.008085452070580135,1
2019-07-13,2019-07-13,2019-07-13,40,6,0.0,0.0,0.0,0.0,27841.840625512355,33.799887066859135,0.017259718595655154,1
2019-07-14,2019-07-14,2019-07-14,3,6,0.0,0.0,0.0,0.0,13521.69440028014,33.799887066859135,0.008382371101981931,1
2019-07-15,2019-07-15,2019-07-15,13,6,0.0,0.0,0.0,0.0,11583.315425921164,33.799887066859135,0.0071807308771429925,0
2019-07-16,2019-07-16,2019-07-16,13,6,0.0,0.0,0.0,0.0,6114.473887459626,33.799887066859135,0.0037904856966004814,0
2019-07-17,2019-07-17,2019-07-17,17,6,0.0,0.0,0.0,0.0,12034.107145378177,33.799887066859135,0.007460185756859171,0
2019-07-18,2019-07-18,2019-07-18,21,6,0.0,0.0,0.0,0.0,11420.278685994424,33.799887066859135,0.0070796611134826826,0
2019-07-19,2019-07-19,2019-07-19,11,6,0.0,0.0,0.0,0.0,10243.409551795292,33.799887066859135,0.00635009619881334,0
2019-07-20,2019-07-20,2019-07-20,9,6,0.0,0.0,0.0,0.0,22769.079903290127,33.799887066859135,0.014115011902362069,1
2019-07-21,2019-07-21,2019-07-21,15,6,0.0,0.0,0.0,0.0,9982.437066946804,33.799887066859135,0.006188314091434766,0
2019-07-22,2019-07-22,2019-07-22,27,6,0.0,0.0,0.0,0.0,12406.803659539397,33.799887066859135,0.007691227843570559,1
2019-07-23,2019-07-23,2019-07-23,29,6,0.0,0.0,0.0,0.0,11978.552216372093,33.799887066859135,0.007425746135781533,0
2019-07-24,2019-07-24,2019-07-24,23,6,0.0,0.0,0.0,0.0,2477.2713527485216,33.799887066859135,0.0015357104800872207,0
2019-07-25,2019-07-25,2019-07-25,30,6,0.0,0.0,0.0,0.0,8250.566733613468,33.799887066859135,0.005114692738609901,0
2019-07-26,2019-07-26,2019-07-26,20,6,0.0,0.0,0.0,0.0,10453.954233613473,33.799887066859135,0.0064806170939248385,0
2019-07-27,2019-07-27,2019-07-27,40,6,0.0,0.0,0.0,0.0,2730.5251244876517,33.799887066859135,0.001692707601516768,0
2019-07-28,2019-07-28,2019-07-28,10,6,0.0,0.0,0.0,0.0,11459.668733613471,33.799887066859135,0.007104079798530079,0
2019-07-29,2019-07-29,2019-07-29,27,6,0.0,0.0,0.0,0.0,8015.496622502362,33.799887066859135,0.004968968035182452,0
2019-07-30,2019-07-30,2019-07-30,24,6,0.0,0.0,0.0,0.0,7434.297733613473,33.799887066859135,0.00460867112071992,0
2019-07-31,2019-07-31,2019-07-31,27,6,0.0,0.0,0.0,0.0,9081.138474354211,33.799887066859135,0.005629580913982641,0
2019-08-01,2019-08-01,2019-08-01,35,6,0.0,0.0,0.0,0.0,10000.720876470616,33.799887066859135,0.006199648593757446,0
2019-08-02,2019-08-02,2019-08-02,15,6,0.0,0.0,0.0,0.0,8250.293733613471,33.799887066859135,0.005114523500403277,0
2019-08-03,2019-08-03,2019-08-03,7,6,0.0,0.0,0.0,0.0,5484.373447899186,33.799887066859135,0.0033998737244937817,0
2019-08-04,2019-08-04,2019-08-04,14,6,0.0,0.0,0.0,0.0,9160.347019327757,33.799887066859135,0.005678683888710611,0
2019-08-05,2019-08-05,2019-08-05,20,6,0.0,0.0,0.0,0.0,12282.990233613473,33.799887066859135,0.007614473403424554,0
2019-08-06,2019-08-06,2019-08-06,29,6,0.0,0.0,0.0,0.0,11068.938078441059,33.799887066859135,0.006861857984042995,0
2019-08-07,2019-08-07,2019-08-07,18,6,0.0,0.0,0.0,0.0,12130.42662250236,33.799887066859135,0.007519896143568326,0
2019-08-08,2019-08-08,2019-08-08,28,6,0.0,0.0,0.0,0.0,11512.259519327758,33.799887066859135,0.007136681887392022,0
2019-08-09,2019-08-09,2019-08-09,5,6,0.0,0.0,0.0,0.0,13462.095733613472,33.799887066859135,0.008345424686363118,1
2019-08-10,2019-08-10,2019-08-10,26,6,0.0,0.0,0.0,0.0,7722.109656690395,33.799887066859135,0.004787091537228953,0
2019-08-11,2019-08-11,2019-08-11,12,6,0.0,0.0,0.0,0.0,5546.611292179015,33.799887066859135,0.003438456219549289,0
2019-08-12,2019-08-12,2019-08-12,26,6,0.0,0.0,0.0,0.0,8923.084272075012,33.799887066859135,0.005531599925911759,0
2019-08-13,2019-08-13,2019-08-13,18,6,0.0,0.0,0.0,0.0,12908.132733613473,33.799887066859135,0.008002011848792184,1
2019-08-14,2019-08-14,2019-08-14,6,6,0.0,0.0,0.0,0.0,11425.881066946806,33.799887066859135,0.0070831341424395095,0
2019-08-15,2019-08-15,2019-08-15,26,6,0.0,0.0,0.0,0.0,10449.89581053655,33.799887066859135,0.006478101195597857,0
2019-08-16,2019-08-16,2019-08-16,45,6,0.0,0.0,0.0,0.0,4865.043014401241,33.799887066859135,0.0030159382963847446,0
2019-08-17,2019-08-17,2019-08-17,18,6,0.0,0.0,0.0,0.0,11616.270511391249,33.799887066859135,0.007201160399355981,0
2019-08-18,2019-08-18,2019-08-18,3,6,0.0,0.0,0.0,0.0,11004.811066946806,33.799887066859135,0.006822104356125272,0
2019-08-19,2019-08-19,2019-08-19,18,6,0.0,0.0,0.0,0.0,10562.118844724582,33.799887066859135,0.006547670518118192,0
2019-08-20,2019-08-20,2019-08-20,8,6,0.0,0.0,0.0,0.0,12796.503983613473,33.799887066859135,0.007932810935027191,1
2019-08-21,2019-08-21,2019-08-21,11,6,0.0,0.0,0.0,0.0,9239.4104608862,33.799887066859135,0.005727696910904708,0
2019-08-22,2019-08-22,2019-08-22,36,6,0.0,0.0,0.0,0.0,11942.489678057917,33.799887066859135,0.007403390240870715,0
2019-08-23,2019-08-23,2019-08-23,5,6,0.0,0.0,0.0,0.0,13510.737733613472,33.799887066859135,0.00837557884331065,1
2019-08-24,2019-08-24,2019-08-24,30,6,0.0,0.0,0.0,0.0,12167.414733613472,33.799887066859135,0.0075428258197255005,0
2019-08-25,2019-08-25,2019-08-25,14,6,0.0,0.0,0.0,0.0,2679.841445916223,33.799887066859135,0.0016612877668405396,0
2019-08-26,2019-08-26,2019-08-26,23,6,0.0,0.0,0.0,0.0,12547.746429265646,33.799887066859135,0.0077786011094507675,1
2019-08-27,2019-08-27,2019-08-27,24,6,0.0,0.0,0.0,0.0,2647.6757911543186,33.799887066859135,0.001641347628646991,0
2019-08-28,2019-08-28,2019-08-28,5,6,0.0,0.0,0.0,0.0,5595.251733613471,33.799887066859135,0.003468609410310602,0
2019-08-29,2019-08-29,2019-08-29,16,6,0.0,0.0,0.0,0.0,11456.262108613471,33.799887066859135,0.007101967962978265,0
2019-08-30,2019-08-30,2019-08-30,19,6,0.0,0.0,0.0,0.0,34396.0294939334,33.799887066859135,0.021322792478351837,1
2019-08-31,2019-08-31,2019-08-31,22,6,0.0,0.0,0.0,0.0,6070.004993659257,33.799887066859135,0.003762918532360946,0
2019-09-01,2019-09-01,2019-09-01,8,6,0.0,0.0,0.0,0.0,4717.036483613472,33.799887066859135,0.0029241860625408645,0
2019-09-02,2019-09-02,2019-09-02,14,6,0.0,0.0,0.0,0.0,7399.407019327758,33.799887066859135,0.00458704166316096,0
2019-09-03,2019-09-03,2019-09-03,37,6,0.0,0.0,0.0,0.0,9874.008814694553,33.799887066859135,0.006121097230780169,0
2019-09-04,2019-09-04,2019-09-04,4,6,0.0,0.0,0.0,0.0,11306.197733613473,33.799887066859135,0.007008940029998881,0
2019-09-05,2019-09-05,2019-09-05,27,6,0.0,0.0,0.0,0.0,10554.038844724582,33.799887066859135,0.006542661563138215,0
2019-09-06,2019-09-06,2019-09-06,43,6,0.0,0.0,0.0,0.0,55235.810497605366,33.799887066859135,0.03424179307735908,1
2019-09-07,2019-09-07,2019-09-07,43,6,0.0,0.0,0.0,0.0,9930.463894293503,33.799887066859135,0.006156094873367072,0
2019-09-08,2019-09-08,2019-09-08,5,6,0.0,0.0,0.0,0.0,12719.887733613472,33.799887066859135,0.007885314976241958,1
2019-09-09,2019-09-09,2019-09-09,14,6,0.0,0.0,0.0,0.0,7919.95559075633,33.799887066859135,0.00490974022246507,0
2019-09-10,2019-09-10,2019-09-10,6,6,0.0,0.0,0.0,0.0,12905.602733613472,33.799887066859135,0.008000443450760087,1
2019-09-11,2019-09-11,2019-09-11,28,6,0.0,0.0,0.0,0.0,6167.017733613472,33.799887066859135,0.003823058686682098,0
2019-09-12,2019-09-12,2019-09-12,33,6,0.0,0.0,0.0,0.0,12406.62652149226,33.799887066859135,0.007691118032122125,1
2019-09-13,2019-09-13,2019-09-13,31,6,0.0,0.0,0.0,0.0,12038.110959419922,33.799887066859135,0.007462667801943737,0
2019-09-14,2019-09-14,2019-09-14,29,6,0.0,0.0,0.0,0.0,9910.730147406575,33.799887066859135,0.006143861525626616,0
2019-09-15,2019-09-15,2019-09-15,11,6,0.0,0.0,0.0,0.0,12375.205915431654,33.799887066859135,0.0076716397646467305,1
2019-09-16,2019-09-16,2019-09-16,33,6,0.0,0.0,0.0,0.0,2599.7063593361368,33.799887066859135,0.0016116104102815998,0
2019-09-17,2019-09-17,2019-09-17,13,6,0.0,0.0,0.0,0.0,8030.493118228858,33.799887066859135,0.004978264665374463,0
2019-09-18,2019-09-18,2019-09-18,17,6,0.0,0.0,0.0,0.0,7713.677145378178,33.799887066859135,0.004781864053376101,0
2019-09-19,2019-09-19,2019-09-19,36,6,0.0,0.0,0.0,0.0,1676.6460367225802,33.799887066859135,0.0010393866974382085,0
2019-09-20,2019-09-20,2019-09-20,19,6,0.0,0.0,0.0,0.0,11876.117733613472,33.799887066859135,0.007362244933735099,0
2019-09-21,2019-09-21,2019-09-21,17,6,0.0,0.0,0.0,0.0,12417.77891008406,33.799887066859135,0.007698031622762661,1
2019-09-22,2019-09-22,2019-09-22,23,6,0.0,0.0,0.0,0.0,5797.913820569994,33.799887066859135,0.0035942437258691985,0
2019-09-23,2019-09-23,2019-09-23,13,6,0.0,0.0,0.0,0.0,12355.75927207501,33.799887066859135,0.007659584398175802,1
2019-09-24,2019-09-24,2019-09-24,17,6,0.0,0.0,0.0,0.0,12377.174204201707,33.799887066859135,0.007672859946557225,1
2019-09-25,2019-09-25,2019-09-25,15,6,0.0,0.0,0.0,0.0,12473.781733613472,33.799887066859135,0.007732748902689695,1
2019-09-26,2019-09-26,2019-09-26,34,6,0.0,0.0,0.0,0.0,12458.295380672294,33.799887066859135,0.007723148600129497,1
2019-09-27,2019-09-27,2019-09-27,14,6,0.0,0.0,0.0,0.0,10682.036305042042,33.799887066859135,0.006622009770598807,0
2019-09-28,2019-09-28,2019-09-28,21,6,0.0,0.0,0.0,0.0,24057.699409243673,33.799887066859135,0.01491385312657517,1
2019-09-29,2019-09-29,2019-09-29,32,6,0.0,0.0,0.0,0.0,8904.768671113472,33.799887066859135,0.005520245715435572,0
2019-09-30,2019-09-30,2019-09-30,18,6,0.0,0.0,0.0,0.0,11785.062178057917,33.799887066859135,0.0073057977581837885,0
2019-10-01,2019-10-01,2019-10-01,26,6,0.0,0.0,0.0,0.0,5225.619656690396,33.799887066859135,0.0032394670300552584,0
2019-10-02,2019-10-02,2019-10-02,14,6,0.0,0.0,0.0,0.0,9707.749876470614,33.799887066859135,0.006018029961401143,0
2019-10-03,2019-10-03,2019-10-03,20,6,0.0,0.0,0.0,0.0,10435.006233613472,33.799887066859135,0.006468870846528724,0
2019-10-04,2019-10-04,2019-10-04,12,6,0.0,0.0,0.0,0.0,9912.15023361347,33.799887066859135,0.00614474186571053,0
2019-10-05,2019-10-05,2019-10-05,19,6,0.0,0.0,0.0,0.0,12478.474575718736,33.799887066859135,0.007735658090169077,1
2019-10-06,2019-10-06,2019-10-06,8,6,0.0,0.0,0.0,0.0,7386.571483613472,33.799887066859135,0.004579084655668789,0
2019-10-07,2019-10-07,2019-10-07,20,6,0.0,0.0,0.0,0.0,12595.948733613472,33.799887066859135,0.007808482690194508,1
2019-10-08,2019-10-08,2019-10-08,16,6,0.0,0.0,0.0,0.0,11807.791483613471,33.799887066859135,0.007319888113165709,0
2019-10-09,2019-10-09,2019-10-09,9,6,0.0,0.0,0.0,0.0,44943.0511552754,33.799887066859135,0.027861103947969063,1
2019-10-10,2019-10-10,2019-10-10,24,6,0.0,0.0,0.0,0.0,4818.412733613473,33.799887066859135,0.0029870312447548408,0
2019-10-11,2019-10-11,2019-10-11,22,6,0.0,0.0,0.0,0.0,5512.435448204715,33.799887066859135,0.003417269924515873,0
2019-10-12,2019-10-12,2019-10-12,15,6,0.0,0.0,0.0,0.0,8425.111066946805,33.799887066859135,0.005222896291540202,0
2019-10-13,2019-10-13,2019-10-13,16,6,0.0,0.0,0.0,0.0,11468.613358613471,33.799887066859135,0.007109624751987726,0
2019-10-14,2019-10-14,2019-10-14,18,6,0.0,0.0,0.0,0.0,8624.388844724584,33.799887066859135,0.005346432605574708,0
2019-10-15,2019-10-15,2019-10-15,9,6,0.0,0.0,0.0,0.0,8130.921066946806,33.799887066859135,0.005040521976495708,0
2019-10-16,2019-10-16,2019-10-16,22,6,0.0,0.0,0.0,0.0,6455.897279068017,33.799887066859135,0.004002140943837805,0
2019-10-17,2019-10-17,2019-10-17,23,6,0.0,0.0,0.0,0.0,12719.096429265646,33.799887066859135,0.007884824430715509,1
2019-10-18,2019-10-18,2019-10-18,12,6,0.0,0.0,0.0,0.0,5652.953566946805,33.799887066859135,0.003504379940685456,0
2019-10-19,2019-10-19,2019-10-19,8,6,0.0,0.0,0.0,0.0,5735.652733613471,33.799887066859135,0.003555646822209586,0
2019-10-20,2019-10-20,2019-10-20,4,6,0.0,0.0,0.0,0.0,6086.485233613472,33.799887066859135,0.0037731349655280113,0
2019-10-21,2019-10-21,2019-10-21,30,6,0.0,0.0,0.0,0.0,12215.920400280138,33.799887066859135,0.007572895460889746,0
2019-10-22,2019-10-22,2019-10-22,20,6,0.0,0.0,0.0,0.0,12394.182233613472,33.799887066859135,0.007683403567054954,1
2019-10-23,2019-10-23,2019-10-23,19,6,0.0,0.0,0.0,0.0,7075.623523087156,33.799887066859135,0.00438632174287274,0
2019-10-24,2019-10-24,2019-10-24,33,6,0.0,0.0,0.0,0.0,12206.561066946806,33.799887066859135,0.007567093421371274,0
2019-10-25,2019-10-25,2019-10-25,3,6,0.0,0.0,0.0,0.0,11484.407733613472,33.799887066859135,0.007119416003635236,0
2019-10-26,2019-10-26,2019-10-26,6,6,0.0,0.0,0.0,0.0,7236.106066946805,33.799887066859135,0.0044858081088709105,0
2019-10-27,2019-10-27,2019-10-27,8,6,0.0,0.0,0.0,0.0,4486.611483613471,33.799887066859135,0.0027813409571867467,0
2019-10-28,2019-10-28,2019-10-28,12,6,0.0,0.0,0.0,0.0,11523.123566946806,33.799887066859135,0.0071434167296474844,0
2019-10-29,2019-10-29,2019-10-29,6,6,0.0,0.0,0.0,0.0,11465.617733613472,33.799887066859135,0.0071077677036261045,0
2019-10-30,2019-10-30,2019-10-30,18,6,0.0,0.0,0.0,0.0,8686.587178057916,33.799887066859135,0.005384990606997515,0
2019-10-31,2019-10-31,2019-10-31,18,6,0.0,0.0,0.0,0.0,11491.569955835694,33.799887066859135,0.0071238560096584655,0
2019-11-01,2019-11-01,2019-11-01,4,6,0.0,0.0,0.0,0.0,10939.092733613472,33.799887066859135,0.006781364235701286,0
2019-11-02,2019-11-02,2019-11-02,21,6,0.0,0.0,0.0,0.0,11236.105828851567,33.799887066859135,0.006965488644427935,0
2019-11-03,2019-11-03,2019-11-03,9,6,0.0,0.0,0.0,0.0,7442.277681067904,33.799887066859135,0.00461361805110876,0
2019-11-04,2019-11-04,2019-11-04,27,6,0.0,0.0,0.0,0.0,4108.163289169028,33.799887066859135,0.002546733287851858,0
2019-11-05,2019-11-05,2019-11-05,12,6,0.0,0.0,0.0,0.0,12640.981900280138,33.799887066859135,0.007836399658565687,1
2019-11-06,2019-11-06,2019-11-06,12,6,0.0,0.0,0.0,0.0,6653.645458845682,33.799887066859135,0.004124729029218842,0
2019-11-07,2019-11-07,2019-11-07,37,6,0.0,0.0,0.0,0.0,7783.1161119918515,33.799887066859135,0.004824910669418679,0
2019-11-08,2019-11-08,2019-11-08,8,6,0.0,0.0,0.0,0.0,2643.745233613472,33.799887066859135,0.0016389109967449725,0
2019-11-09,2019-11-09,2019-11-09,7,6,0.0,0.0,0.0,0.0,5379.189162184901,33.799887066859135,0.003334667864129434,0
2019-11-10,2019-11-10,2019-11-10,16,6,0.0,0.0,0.0,0.0,6340.993983613472,33.799887066859135,0.003930910073295374,0
2019-11-11,2019-11-11,2019-11-11,36,6,0.0,0.0,0.0,0.0,4605.425044164307,33.799887066859135,0.002854995879935502,0
2019-11-12,2019-11-12,2019-11-12,25,6,0.0,0.0,0.0,0.0,11896.790533613472,33.799887066859135,0.007375060419441791,0
2019-11-13,2019-11-13,2019-11-13,24,6,0.0,0.0,0.0,0.0,11383.890233613472,33.799887066859135,0.007057103177867926,0
2019-11-14,2019-11-14,2019-11-14,23,6,0.0,0.0,0.0,0.0,10971.732516222168,33.799887066859135,0.0068015982953105935,0
2019-11-15,2019-11-15,2019-11-15,3,6,0.0,0.0,0.0,0.0,12959.127733613472,33.799887066859135,0.008033624677901583,1
2019-11-16,2019-11-16,2019-11-16,18,6,0.0,0.0,0.0,0.0,9578.568844724583,33.799887066859135,0.005937948034138409,0
2019-11-17,2019-11-17,2019-11-17,26,6,0.0,0.0,0.0,0.0,11453.173887459625,33.799887066859135,0.007100053512393137,0
2019-11-18,2019-11-18,2019-11-18,31,6,0.0,0.0,0.0,0.0,10578.155475548956,33.799887066859135,0.006557611949037723,0
2019-11-19,2019-11-19,2019-11-19,10,6,0.0,0.0,0.0,0.0,12367.013733613472,33.799887066859135,0.0076665612658948674,1
2019-11-20,2019-11-20,2019-11-20,11,6,0.0,0.0,0.0,0.0,9363.105006340746,33.799887066859135,0.005804377654648591,0
2019-11-21,2019-11-21,2019-11-21,47,6,0.0,0.0,0.0,0.0,9535.199648507089,33.799887066859135,0.005911062594612267,0
2019-11-22,2019-11-22,2019-11-22,22,6,0.0,0.0,0.0,0.0,11295.68364270438,33.799887066859135,0.007002422132966823,0
2019-11-23,2019-11-23,2019-11-23,10,6,0.0,0.0,0.0,0.0,7667.909733613471,33.799887066859135,0.004753491911658341,0
2019-11-24,2019-11-24,2019-11-24,26,6,0.0,0.0,0.0,0.0,5720.602125512347,33.799887066859135,0.0035463166466650543,0
2019-11-25,2019-11-25,2019-11-25,12,6,0.0,0.0,0.0,0.0,12763.746900280139,33.799887066859135,0.007912504158332632,1
2019-11-26,2019-11-26,2019-11-26,19,6,0.0,0.0,0.0,0.0,10843.754049402945,33.799887066859135,0.006722261862302673,0
2019-11-27,2019-11-27,2019-11-27,30,6,0.0,0.0,0.0,0.0,41467.135266386525,33.799887066859135,0.025706313576479945,1
2019-11-28,2019-11-28,2019-11-28,10,6,0.0,0.0,0.0,0.0,11999.580733613471,33.799887066859135,0.007438782137781254,0
2019-11-29,2019-11-29,2019-11-29,14,6,0.0,0.0,0.0,0.0,8867.870590756327,33.799887066859135,0.0054973718511587754,0
2019-11-30,2019-11-30,2019-11-30,8,6,0.0,0.0,0.0,0.0,12443.766483613472,33.799887066859135,0.007714141843783412,1
2019-12-01,2019-12-01,2019-12-01,1,6,0.0,0.0,0.0,0.0,13518.477733613472,33.799887066859135,0.008380377025432558,1
2019-12-02,2019-12-02,2019-12-02,9,6,0.0,0.0,0.0,0.0,12365.51551139125,33.799887066859135,0.007665632487718986,1
2019-12-03,2019-12-03,2019-12-03,26,6,0.0,0.0,0.0,0.0,9949.400810536548,33.799887066859135,0.006167834249718683,0
2019-12-04,2019-12-04,2019-12-04,26,6,0.0,0.0,0.0,0.0,4396.787348998087,33.799887066859135,0.0027256571643149794,0
2019-12-05,2019-12-05,2019-12-05,14,6,0.0,0.0,0.0,0.0,3109.846552100813,33.799887066859135,0.0019278566057067473,0
2019-12-06,2019-12-06,2019-12-06,22,6,0.0,0.0,0.0,0.0,12460.453188158926,33.799887066859135,0.007724486268515141,1
2019-12-07,2019-12-07,2019-12-07,21,6,0.0,0.0,0.0,0.0,12169.504876470615,33.799887066859135,0.007544121541442474,0
2019-12-08,2019-12-08,2019-12-08,9,6,0.0,0.0,0.0,0.0,11561.614400280137,33.799887066859135,0.007167277973621305,0
2019-12-09,2019-12-09,2019-12-09,24,6,0.0,0.0,0.0,0.0,12729.937733613471,33.799887066859135,0.00789154517395839,1
2019-12-10,2019-12-10,2019-12-10,19,6,0.0,0.0,0.0,0.0,12031.02825992926,33.799887066859135,0.007458277093665837,0
2019-12-11,2019-12-11,2019-12-11,24,6,0.0,0.0,0.0,0.0,11651.947266386529,33.799887066859135,0.007223277139405862,0
2019-12-12,2019-12-12,2019-12-12,30,6,0.0,0.0,0.0,0.0,82525.43993305319,33.799887066859135,0.05115918481775768,1
2019-12-13,2019-12-13,2019-12-13,12,6,0.0,0.0,0.0,0.0,9533.364400280137,33.799887066859135,0.005909924887217975,0
2019-12-14,2019-12-14,2019-12-14,13,6,0.0,0.0,0.0,0.0,9456.20081053655,33.799887066859135,0.005862089621485417,0
2019-12-15,2019-12-15,2019-12-15,7,6,0.0,0.0,0.0,0.0,5554.314876470616,33.799887066859135,0.0034432318268390275,0
2019-12-16,2019-12-16,2019-12-16,20,6,0.0,0.0,0.0,0.0,12542.502733613472,33.799887066859135,0.007775350436746504,1
2019-12-17,2019-12-17,2019-12-17,6,6,0.0,0.0,0.0,0.0,2732.677874487652,33.799887066859135,0.0016940421346644348,0
2019-12-18,2019-12-18,2019-12-18,5,6,0.0,0.0,0.0,0.0,12480.529733613472,33.799887066859135,0.00773693212400218,1
2019-12-19,2019-12-19,2019-12-19,41,6,0.0,0.0,0.0,0.0,11243.970416540302,33.799887066859135,0.006970364060971123,0
2019-12-20,2019-12-20,2019-12-20,7,6,0.0,0.0,0.0,0.0,9334.882019327757,33.799887066859135,0.0057868816557193154,0
2019-12-21,2019-12-21,2019-12-21,14,6,0.0,0.0,0.0,0.0,12253.018447899187,33.799887066859135,0.0075958932889056965,0
2019-12-22,2019-12-22,2019-12-22,22,6,0.0,0.0,0.0,0.0,10602.822733613471,33.799887066859135,0.0065729036798699795,0
2019-12-23,2019-12-23,2019-12-23,42,6,0.0,0.0,0.0,0.0,9614.549876470614,33.799887066859135,0.005960253401483583,0
2019-12-24,2019-12-24,2019-12-24,16,6,0.0,0.0,0.0,0.0,4492.722108613472,33.799887066859135,0.0027851290568803766,0
2019-12-25,2019-12-25,2019-12-25,6,6,0.0,0.0,0.0,0.0,9015.867733613472,33.799887066859135,0.005589118265235099,0
2019-12-26,2019-12-26,2019-12-26,20,6,0.0,0.0,0.0,0.0,8635.441733613472,33.799887066859135,0.005353284514342423,0
2019-12-27,2019-12-27,2019-12-27,3,6,0.0,0.0,0.0,0.0,13186.36440028014,33.799887066859135,0.008174493271111166,1
2019-12-28,2019-12-28,2019-12-28,14,6,0.0,0.0,0.0,0.0,12737.214876470614,33.799887066859135,0.007896056421601249,1
2019-12-29,2019-12-29,2019-12-29,21,6,0.0,0.0,0.0,0.0,15730.27226638653,33.799887066859135,0.009751513069939998,1
2019-12-30,2019-12-30,2019-12-30,9,6,0.0,0.0,0.0,0.0,2718.2334300432076,33.799887066859135,0.001685087732197479,0
2019-12-31,2019-12-31,2019-12-31,23,6,0.0,0.0,0.0,0.0,12315.951211874342,33.799887066859135,0.007634906578697415,0
2020-01-01,2020-01-01,2020-01-01,17,6,0.0,0.0,0.0,0.0,3917.6142042017073,33.799887066859135,0.0024286080665551785,0
2020-01-02,2020-01-02,2020-01-02,30,6,0.0,0.0,0.0,0.0,10315.31040028014,33.799887066859135,0.00639466898508596,0
2020-01-03,2020-01-03,2020-01-03,15,6,0.0,0.0,0.0,0.0,12685.287733613472,33.799887066859135,0.00786386573833265,1
2020-01-04,2020-01-04,2020-01-04,26,6,0.0,0.0,0.0,0.0,9204.756964382703,33.799887066859135,0.005706214509433815,0
2020-01-05,2020-01-05,2020-01-05,33,6,0.0,0.0,0.0,0.0,10429.122885128623,33.799887066859135,0.006465223640131182,0
2020-01-06,2020-01-06,2020-01-06,26,6,0.0,0.0,0.0,0.0,32070.99135628158,33.799887066859135,0.01988145443896716,1
2020-01-07,2020-01-07,2020-01-07,16,6,0.0,0.0,0.0,0.0,10588.134608613473,33.799887066859135,0.006563798214911407,0
2020-01-08,2020-01-08,2020-01-08,22,6,0.0,0.0,0.0,0.0,10455.228188158926,33.799887066859135,0.006481406844044234,0
2020-01-09,2020-01-09,2020-01-09,9,6,0.0,0.0,0.0,0.0,9605.947733613473,33.799887066859135,0.005954920759614431,0
2020-01-10,2020-01-10,2020-01-10,24,6,0.0,0.0,0.0,0.0,9900.384400280138,33.799887066859135,0.006137447988301052,0
2020-01-11,2020-01-11,2020-01-11,13,6,0.0,0.0,0.0,0.0,9677.410041305779,33.799887066859135,0.0059992216856040404,0
2020-01-12,2020-01-12,2020-01-12,14,6,0.0,0.0,0.0,0.0,12569.037733613472,33.799887066859135,0.007791800018478397,1
2020-01-13,2020-01-13,2020-01-13,36,6,0.0,0.0,0.0,0.0,12305.661066946805,33.799887066859135,0.007628527510296489,0
2020-01-14,2020-01-14,2020-01-14,7,6,0.0,0.0,0.0,0.0,2259.376305042042,33.799887066859135,0.0014006329448988846,0
2020-01-15,2020-01-15,2020-01-15,7,6,0.0,0.0,0.0,0.0,13067.762019327758,33.799887066859135,0.008100969262855152,1
2020-01-16,2020-01-16,2020-01-16,35,6,0.0,0.0,0.0,0.0,11781.975162184901,33.799887066859135,0.007303884054776558,0
2020-01-17,2020-01-17,2020-01-17,25,6,0.0,0.0,0.0,0.0,11752.481733613471,33.799887066859135,0.0072856004834993965,0
2020-01-18,2020-01-18,2020-01-18,9,6,0.0,0.0,0.0,0.0,8679.65662250236,33.799887066859135,0.00538069421581385,0
2020-01-19,2020-01-19,2020-01-19,17,6,0.0,0.0,0.0,0.0,11546.479498319353,33.799887066859135,0.0071578955426128965,0
2020-01-20,2020-01-20,2020-01-20,38,6,0.0,0.0,0.0,0.0,10751.564049402947,33.799887066859135,0.006665111421757611,0
2020-01-21,2020-01-21,2020-01-21,19,6,0.0,0.0,0.0,0.0,102714.20279270234,33.799887066859135,0.06367460613773539,1
2020-01-22,2020-01-22,2020-01-22,55,6,0.0,0.0,0.0,0.0,27483.406125512345,33.799887066859135,0.017037517819198385,1
2020-01-23,2020-01-23,2020-01-23,17,6,0.0,0.0,0.0,0.0,9274.990086554648,33.799887066859135,0.00574975343852571,0
2020-01-24,2020-01-24,2020-01-24,16,6,0.0,0.0,0.0,0.0,4925.448358613472,33.799887066859135,0.0030533847876853754,0
2020-01-25,2020-01-25,2020-01-25,6,6,0.0,0.0,0.0,0.0,11643.832733613472,33.799887066859135,0.007218246776863314,0
2020-01-26,2020-01-26,2020-01-26,11,6,0.0,0.0,0.0,0.0,6435.526824522562,33.799887066859135,0.003989512888176931,0
2020-01-27,2020-01-27,2020-01-27,16,6,0.0,0.0,0.0,0.0,8882.790391386528,33.799887066859135,0.005506620936513592,0
2020-01-28,2020-01-28,2020-01-28,14,6,0.0,0.0,0.0,0.0,5099.891305042043,33.799887066859135,0.003161525488828358,0
2020-01-29,2020-01-29,2020-01-29,3,6,0.0,0.0,0.0,0.0,2732.677874487652,33.799887066859135,0.0016940421346644348,0
2020-01-30,2020-01-30,2020-01-30,32,6,0.0,0.0,0.0,0.0,12004.191171113473,33.799887066859135,0.007441640240983667,0
2020-01-31,2020-01-31,2020-01-31,18,6,0.0,0.0,0.0,0.0,11272.883289169029,33.799887066859135,0.006988287733909131,0
2020-02-01,2020-02-01,2020-02-01,12,6,0.0,0.0,0.0,0.0,10171.590233613473,33.799887066859135,0.006305573954820099,0
2020-02-02,2020-02-02,2020-02-02,5,6,0.0,0.0,0.0,0.0,7283.615733613472,33.799887066859135,0.004515260309545052,0
2020-02-03,2020-02-03,2020-02-03,27,6,0.0,0.0,0.0,0.0,9798.84551139125,33.799887066859135,0.0060745019829593,0
2020-02-04,2020-02-04,2020-02-04,42,6,0.0,0.0,0.0,0.0,11928.228924089663,33.799887066859135,0.00739454971183513,0
2020-02-05,2020-02-05,2020-02-05,26,6,0.0,0.0,0.0,0.0,37658.20726638653,33.799887066859135,0.023345082280195932,1
2020-02-06,2020-02-06,2020-02-06,8,6,0.0,0.0,0.0,0.0,12894.547733613472,33.799887066859135,0.007993590233272011,1
2020-02-07,2020-02-07,2020-02-07,9,6,0.0,0.0,0.0,0.0,12285.111066946805,33.799887066859135,0.00761578815078677,0
2020-02-08,2020-02-08,2020-02-08,34,6,0.0,0.0,0.0,0.0,9536.71185126053,33.799887066859135,0.005912000039601449,0
2020-02-09,2020-02-09,2020-02-09,4,6,0.0,0.0,0.0,0.0,9156.637733613472,33.799887066859135,0.005676384427677105,0
2020-02-10,2020-02-10,2020-02-10,33,6,0.0,0.0,0.0,0.0,14883.302266386529,33.799887066859135,0.009226459282886613,1
2020-02-11,2020-02-11,2020-02-11,6,6,0.0,0.0,0.0,0.0,13012.616066946804,33.799887066859135,0.008066783174636815,1
2020-02-12,2020-02-12,2020-02-12,8,6,0.0,0.0,0.0,0.0,11153.675233613472,33.799887066859135,0.006914388255749675,0
2020-02-13,2020-02-13,2020-02-13,34,6,0.0,0.0,0.0,0.0,28240.63212551234,33.799887066859135,0.017506937490444453,1
2020-02-14,2020-02-14,2020-02-14,7,6,0.0,0.0,0.0,0.0,12750.017733613471,33.799887066859135,0.007903993170987838,1
2020-02-15,2020-02-15,2020-02-15,4,6,0.0,0.0,0.0,0.0,11400.517733613473,33.799887066859135,0.0070674109005077245,0
2020-02-16,2020-02-16,2020-02-16,9,6,0.0,0.0,0.0,0.0,13170.664400280139,33.799887066859135,0.008164760524429776,1
2020-02-17,2020-02-17,2020-02-17,30,6,0.0,0.0,0.0,0.0,12313.564733613472,33.799887066859135,0.007633427152686351,0
2020-02-18,2020-02-18,2020-02-18,18,6,0.0,0.0,0.0,0.0,11659.26162250236,33.799887066859135,0.007227811456298402,0
2020-02-19,2020-02-19,2020-02-19,36,6,0.0,0.0,0.0,0.0,11911.501344724584,33.799887066859135,0.00738417994797824,0
2020-02-20,2020-02-20,2020-02-20,10,6,0.0,0.0,0.0,0.0,11601.436733613471,33.799887066859135,0.007191964641302531,0
2020-02-21,2020-02-21,2020-02-21,9,6,0.0,0.0,0.0,0.0,11959.818844724583,33.799887066859135,0.00741413294083035,0
2020-02-22,2020-02-22,2020-02-22,13,6,0.0,0.0,0.0,0.0,6533.597733613471,33.799887066859135,0.004050309022890027,0
2020-02-23,2020-02-23,2020-02-23,34,6,0.0,0.0,0.0,0.0,7005.530380672294,33.799887066859135,0.004342869590055763,0
2020-02-24,2020-02-24,2020-02-24,31,6,0.0,0.0,0.0,0.0,21766.303556709106,33.799887066859135,0.013493370618326126,1
2020-02-25,2020-02-25,2020-02-25,26,6,0.0,0.0,0.0,0.0,10525.231964382703,33.799887066859135,0.006524803596956771,0
2020-02-26,2020-02-26,2020-02-26,22,6,0.0,0.0,0.0,0.0,8058.006824522564,33.799887066859135,0.004995320966879102,0
2020-02-27,2020-02-27,2020-02-27,15,6,0.0,0.0,0.0,0.0,12270.455066946806,33.799887066859135,0.0076067026007636835,0
2020-02-28,2020-02-28,2020-02-28,22,6,0.0,0.0,0.0,0.0,24435.150448204717,33.799887066859135,0.015147842639112487,1
2020-02-29,2020-02-29,2020-02-29,15,6,0.0,0.0,0.0,0.0,16642.207599719855,33.799887066859135,0.01031684017752876,1
2020-03-01,2020-03-01,2020-03-01,14,6,0.0,0.0,0.0,0.0,12065.572019327758,33.799887066859135,0.007479691466891857,0
2020-03-02,2020-03-02,2020-03-02,27,6,0.0,0.0,0.0,0.0,9023.552178057917,33.799887066859135,0.00559388200734752,0
2020-03-03,2020-03-03,2020-03-03,42,6,0.0,0.0,0.0,0.0,12332.973447899187,33.799887066859135,0.007645459006161152,1
2020-03-04,2020-03-04,2020-03-04,15,6,0.0,0.0,0.0,0.0,11846.542400280137,33.799887066859135,0.007343910588043949,0
2020-03-05,2020-03-05,2020-03-05,21,6,0.0,0.0,0.0,0.0,10962.011066946805,33.799887066859135,0.0067955717728154915,0
2020-03-06,2020-03-06,2020-03-06,9,6,0.0,0.0,0.0,0.0,12715.578844724583,33.799887066859135,0.007882643809106046,1
2020-03-07,2020-03-07,2020-03-07,15,6,0.0,0.0,0.0,0.0,11157.05240028014,33.799887066859135,0.006916481829486458,0
2020-03-08,2020-03-08,2020-03-08,10,6,0.0,0.0,0.0,0.0,12851.433733613472,33.799887066859135,0.007966862995028605,1
2020-03-09,2020-03-09,2020-03-09,11,6,0.0,0.0,0.0,0.0,10159.59955179529,33.799887066859135,0.0062981406892994906,0
2020-03-10,2020-03-10,2020-03-10,8,6,0.0,0.0,0.0,0.0,10980.457733613472,33.799887066859135,0.006807007233565985,0
2020-03-11,2020-03-11,2020-03-11,10,6,0.0,0.0,0.0,0.0,4572.835733613472,33.799887066859135,0.002834793108972924,0
2020-03-12,2020-03-12,2020-03-12,30,6,0.0,0.0,0.0,0.0,12641.168066946806,33.799887066859135,0.007836515067037485,1
2020-03-13,2020-03-13,2020-03-13,18,6,0.0,0.0,0.0,0.0,5335.1899558356945,33.799887066859135,0.0033073918686148426,0
2020-03-14,2020-03-14,2020-03-14,21,6,0.0,0.0,0.0,0.0,9795.566305042043,33.799887066859135,0.006072469136799246,0
2020-03-15,2020-03-15,2020-03-15,3,6,0.0,0.0,0.0,0.0,10915.917733613473,33.799887066859135,0.006766997585743246,0
2020-03-16,2020-03-16,2020-03-16,23,6,0.0,0.0,0.0,0.0,11983.804255352603,33.799887066859135,0.007429001980683323,0
2020-03-17,2020-03-17,2020-03-17,43,6,0.0,0.0,0.0,0.0,10323.683985977466,33.799887066859135,0.006399859939761565,0
2020-03-18,2020-03-18,2020-03-18,24,6,0.0,0.0,0.0,0.0,11074.529816946806,33.799887066859135,0.006865324415532487,0
2020-03-19,2020-03-19,2020-03-19,12,6,0.0,0.0,0.0,0.0,32556.68129217902,33.799887066859135,0.02018254342697933,1
2020-03-20,2020-03-20,2020-03-20,18,6,0.0,0.0,0.0,0.0,11991.967178057916,33.799887066859135,0.00743406234112094,0
2020-03-21,2020-03-21,2020-03-21,22,6,0.0,0.0,0.0,0.0,9513.176824522563,33.799887066859135,0.005897410201806518,0
2020-03-22,2020-03-22,2020-03-22,22,6,0.0,0.0,0.0,0.0,14728.365761875984,33.799887066859135,0.009130411018548943,1
2020-03-23,2020-03-23,2020-03-23,31,6,0.0,0.0,0.0,0.0,4513.842894903795,33.799887066859135,0.002798222258324677,0
2020-03-24,2020-03-24,2020-03-24,23,6,0.0,0.0,0.0,0.0,12345.08469013521,33.799887066859135,0.007652967009516578,1
2020-03-25,2020-03-25,2020-03-25,13,6,0.0,0.0,0.0,0.0,9907.633887459626,33.799887066859135,0.006141942091631495,0
2020-03-26,2020-03-26,2020-03-26,13,6,0.0,0.0,0.0,0.0,10016.742348998087,33.799887066859135,0.0062095806277429715,0
2020-03-27,2020-03-27,2020-03-27,7,6,0.0,0.0,0.0,0.0,7092.007733613471,33.799887066859135,0.004396478645460461,0
2020-03-28,2020-03-28,2020-03-28,18,6,0.0,0.0,0.0,0.0,11540.59551139125,33.799887066859135,0.007154247940431505,0
2020-03-29,2020-03-29,2020-03-29,25,6,0.0,0.0,0.0,0.0,10565.015333613472,33.799887066859135,0.006549466110004881,0
2020-03-30,2020-03-30,2020-03-30,14,6,0.0,0.0,0.0,0.0,12204.109162184901,33.799887066859135,0.007565573436152515,0
2020-03-31,2020-03-31,2020-03-31,17,6,0.0,0.0,0.0,0.0,12262.094792437001,33.799887066859135,0.00760151989796172,0
2020-04-01,2020-04-01,2020-04-01,14,6,0.0,0.0,0.0,0.0,25578.26012352939,33.799887066859135,0.015856479384270622,1
2020-04-02,2020-04-02,2020-04-02,29,6,0.0,0.0,0.0,0.0,12601.27152671692,33.799887066859135,0.007811782397004273,1
2020-04-03,2020-04-03,2020-04-03,36,6,0.0,0.0,0.0,0.0,2424.469818932096,33.799887066859135,0.0015029777442258068,0
2020-04-04,2020-04-04,2020-04-04,43,6,0.0,0.0,0.0,0.0,9206.58354756696,33.799887066859135,0.005707346845193359,0
2020-04-05,2020-04-05,2020-04-05,36,6,0.0,0.0,0.0,0.0,38285.00990329013,33.799887066859135,0.023733649877916374,1
2020-04-06,2020-04-06,2020-04-06,38,6,0.0,0.0,0.0,0.0,4793.678582176,33.799887066859135,0.0029716980453713946,0
2020-04-07,2020-04-07,2020-04-07,28,6,0.0,0.0,0.0,0.0,10644.372376470616,33.799887066859135,0.006598661141566213,0
2020-04-08,2020-04-08,2020-04-08,6,6,0.0,0.0,0.0,0.0,4229.642733613471,33.799887066859135,0.0026220408457992427,0
2020-04-09,2020-04-09,2020-04-09,35,6,0.0,0.0,0.0,0.0,6493.812590756329,33.799887066859135,0.004025645410335152,0
2020-04-10,2020-04-10,2020-04-10,25,6,0.0,0.0,0.0,0.0,9295.428533613473,33.799887066859135,0.005762423644117084,0
2020-04-11,2020-04-11,2020-04-11,17,6,0.0,0.0,0.0,0.0,8286.369498319355,33.799887066859135,0.005136887594621102,0
2020-04-12,2020-04-12,2020-04-12,18,6,0.0,0.0,0.0,0.0,10760.998289169027,33.799887066859135,0.0066709598972846664,0
2020-04-13,2020-04-13,2020-04-13,21,6,0.0,0.0,0.0,0.0,12392.887257422995,33.799887066859135,0.007682600785193786,1
2020-04-14,2020-04-14,2020-04-14,13,6,0.0,0.0,0.0,0.0,11163.362348998087,33.799887066859135,0.006920393493973361,0
2020-04-15,2020-04-15,2020-04-15,26,6,0.0,0.0,0.0,0.0,12365.739656690395,33.799887066859135,0.007665771439911114,1
2020-04-16,2020-04-16,2020-04-16,8,6,0.0,0.0,0.0,0.0,13109.518983613472,33.799887066859135,0.008126855247286794,1
2020-04-17,2020-04-17,2020-04-17,25,6,0.0,0.0,0.0,0.0,2732.677874487652,33.799887066859135,0.0016940421346644348,0
2020-04-18,2020-04-18,2020-04-18,19,6,0.0,0.0,0.0,0.0,4145.755102034525,33.799887066859135,0.0025700372109037153,0
2020-04-19,2020-04-19,2020-04-19,4,6,0.0,0.0,0.0,0.0,12700.500233613471,33.799887066859135,0.007873296273930781,1
2020-04-20,2020-04-20,2020-04-20,22,6,0.0,0.0,0.0,0.0,11530.53455179529,33.799887066859135,0.007148010948640474,0
2020-04-21,2020-04-21,2020-04-21,22,6,0.0,0.0,0.0,0.0,18275.67590275017,33.799887066859135,0.011329460126922165,1
2020-04-22,2020-04-22,2020-04-22,12,6,0.0,0.0,0.0,0.0,5007.512733613472,33.799887066859135,0.0031042581490510895,0
2020-04-23,2020-04-23,2020-04-23,20,6,0.0,0.0,0.0,0.0,8698.133233613473,33.799887066859135,0.005392148239729458,0
2020-04-24,2020-04-24,2020-04-24,8,6,0.0,0.0,0.0,0.0,10072.98398361347,33.799887066859135,0.006244445951479208,0
2020-04-25,2020-04-25,2020-04-25,20,6,0.0,0.0,0.0,0.0,7703.929233613471,33.799887066859135,0.0047758211262500854,0
2020-04-26,2020-04-26,2020-04-26,21,6,0.0,0.0,0.0,0.0,28921.03164932187,33.799887066859135,0.017928730879449392,1
2020-04-27,2020-04-27,2020-04-27,12,6,0.0,0.0,0.0,0.0,12702.734400280138,33.799887066859135,0.007874681278912353,1
2020-04-28,2020-04-28,2020-04-28,17,6,0.0,0.0,0.0,0.0,10588.847733613471,33.799887066859135,0.006564240295483199,0
2020-04-29,2020-04-29,2020-04-29,22,6,0.0,0.0,0.0,0.0,6529.531369977108,33.799887066859135,0.004047788202050081,0
2020-04-30,2020-04-30,2020-04-30,22,6,0.0,0.0,0.0,0.0,8429.07455179529,33.799887066859135,0.005225353335744395,0
2020-05-01,2020-05-01,2020-05-01,35,6,0.0,0.0,0.0,0.0,7445.3571621849005,33.799887066859135,0.004615527083568751,0
2020-05-02,2020-05-02,2020-05-02,24,6,0.0,0.0,0.0,0.0,11253.348983613472,33.799887066859135,0.0069761780238728815,0
2020-05-03,2020-05-03,2020-05-03,21,6,0.0,0.0,0.0,0.0,8238.912971708709,33.799887066859135,0.005107468336539565,0
2020-05-04,2020-05-04,2020-05-04,28,6,0.0,0.0,0.0,0.0,4318.6386949579555,33.799887066859135,0.0026772112373554704,0
2020-05-05,2020-05-05,2020-05-05,17,6,0.0,0.0,0.0,0.0,12339.055380672296,33.799887066859135,0.007649229318964586,1
2020-05-06,2020-05-06,2020-05-06,17,6,0.0,0.0,0.0,0.0,9417.208321848766,33.799887066859135,0.005837917391238588,0
2020-05-07,2020-05-07,2020-05-07,11,6,0.0,0.0,0.0,0.0,6177.004097249836,33.799887066859135,0.0038292494349331167,0
2020-05-08,2020-05-08,2020-05-08,31,6,0.0,0.0,0.0,0.0,6304.633540065086,33.799887066859135,0.003908369500920886,0
2020-05-09,2020-05-09,2020-05-09,6,6,0.0,0.0,0.0,0.0,8953.729400280139,33.799887066859135,0.00555059745902254,0
2020-05-10,2020-05-10,2020-05-10,30,6,0.0,0.0,0.0,0.0,83201.06412551238,33.799887066859135,0.05157801788253633,1
2020-05-11,2020-05-11,2020-05-11,28,6,0.0,0.0,0.0,0.0,7176.239409243672,33.799887066859135,0.004448695560203001,0
2020-05-12,2020-05-12,2020-05-12,10,6,0.0,0.0,0.0,0.0,56182.50412551234,33.799887066859135,0.034828667552856275,1
2020-05-13,2020-05-13,2020-05-13,29,6,0.0,0.0,0.0,0.0,10240.027733613471,33.799887066859135,0.006347999741508488,0
2020-05-14,2020-05-14,2020-05-14,29,6,0.0,0.0,0.0,0.0,12141.247733613473,33.799887066859135,0.007526604368616458,0
2020-05-15,2020-05-15,2020-05-15,7,6,0.0,0.0,0.0,0.0,11966.040590756329,33.799887066859135,0.0074179899266929574,0
2020-05-16,2020-05-16,2020-05-16,21,6,0.0,0.0,0.0,0.0,12559.221790196045,33.799887066859135,0.007785714917158609,1
2020-05-17,2020-05-17,2020-05-17,34,6,0.0,0.0,0.0,0.0,4837.316089915939,33.799887066859135,0.0029987498166223554,0
2020-05-18,2020-05-18,2020-05-18,40,6,0.0,0.0,0.0,0.0,12332.925733613472,33.799887066859135,0.007645429427113003,1
2020-05-19,2020-05-19,2020-05-19,40,6,0.0,0.0,0.0,0.0,2011.547124487652,33.799887066859135,0.0012469986369630429,0
2020-05-20,2020-05-20,2020-05-20,7,6,0.0,0.0,0.0,0.0,12938.482019327757,33.799887066859135,0.008020825983175515,1
2020-05-21,2020-05-21,2020-05-21,42,6,0.0,0.0,0.0,0.0,11786.643209803948,33.799887066859135,0.007306777871653811,0
2020-05-22,2020-05-22,2020-05-22,16,6,0.0,0.0,0.0,0.0,8111.904608613472,33.799887066859135,0.005028733290397901,0
2020-05-23,2020-05-23,2020-05-23,19,6,0.0,0.0,0.0,0.0,103773.2527927023,33.799887066859135,0.06433113259460974,1
2020-05-24,2020-05-24,2020-05-24,15,6,0.0,0.0,0.0,0.0,11906.796400280138,33.799887066859135,0.007381263258014685,0
2020-05-25,2020-05-25,2020-05-25,22,6,0.0,0.0,0.0,0.0,12671.601369977108,33.799887066859135,0.007855381285449712,1
2020-05-26,2020-05-26,2020-05-26,34,6,0.0,0.0,0.0,0.0,2730.0687568405933,33.799887066859135,0.001692424690007061,0
2020-05-27,2020-05-27,2020-05-27,30,6,0.0,0.0,0.0,0.0,11860.438733613471,33.799887066859135,0.007352525205377294,0
2020-05-28,2020-05-28,2020-05-28,21,6,0.0,0.0,0.0,0.0,11476.392019327757,33.799887066859135,0.007114446900666237,0
2020-05-29,2020-05-29,2020-05-29,18,6,0.0,0.0,0.0,0.0,12146.102733613472,33.799887066859135,0.007529614081045639,0
2020-05-30,2020-05-30,2020-05-30,25,6,0.0,0.0,0.0,0.0,12169.646933613472,33.799887066859135,0.007544209605530736,0
2020-05-31,2020-05-31,2020-05-31,11,6,0.0,0.0,0.0,0.0,20467.80848914871,33.799887066859135,0.012688407334275065,1
2020-06-01,2020-06-01,2020-06-01,19,6,0.0,0.0,0.0,0.0,8853.122996771366,33.799887066859135,0.0054882295201768875,0
2020-06-02,2020-06-02,2020-06-02,17,6,0.0,0.0,0.0,0.0,10837.010086554648,33.799887066859135,0.00671808114370196,0
2020-06-03,2020-06-03,2020-06-03,16,6,0.0,0.0,0.0,0.0,9340.273358613471,33.799887066859135,0.005790223855690098,0
2020-06-04,2020-06-04,2020-06-04,21,6,0.0,0.0,0.0,0.0,25527.574171148437,33.799887066859135,0.015825058140014003,1
2020-06-05,2020-06-05,2020-06-05,17,6,0.0,0.0,0.0,0.0,8484.223615966413,33.799887066859135,0.0052595413530242266,0
2020-06-06,2020-06-06,2020-06-06,23,6,0.0,0.0,0.0,0.0,11482.022951004776,33.799887066859135,0.007117937628793158,0
2020-06-07,2020-06-07,2020-06-07,52,6,0.0,0.0,0.0,0.0,49222.979958694224,33.799887066859135,0.03051431814275036,1
2020-06-08,2020-06-08,2020-06-08,15,6,0.0,0.0,0.0,0.0,12078.430400280138,33.799887066859135,0.007487662636607931,0
2020-06-09,2020-06-09,2020-06-09,38,6,0.0,0.0,0.0,0.0,9769.642207297682,33.799887066859135,0.0060563982656980046,0
2020-06-10,2020-06-10,2020-06-10,31,6,0.0,0.0,0.0,0.0,11755.647411032827,33.799887066859135,0.007287562950785868,0
2020-06-11,2020-06-11,2020-06-11,17,6,0.0,0.0,0.0,0.0,3638.1524394958233,33.799887066859135,0.002255364081649637,0
2020-06-12,2020-06-12,2020-06-12,23,6,0.0,0.0,0.0,0.0,113679.0118316039,33.799887066859135,0.07047191242980293,1
2020-06-13,2020-06-13,2020-06-13,41,6,0.0,0.0,0.0,0.0,2373.36372980116,33.799887066859135,0.0014712960487233853,0
2020-06-14,2020-06-14,2020-06-14,35,6,0.0,0.0,0.0,0.0,46908.756837815105,33.799887066859135,0.029079684550410507,1
2020-06-15,2020-06-15,2020-06-15,14,6,0.0,0.0,0.0,0.0,10758.896305042043,33.799887066859135,0.006669656834925671,0
2020-06-16,2020-06-16,2020-06-16,44,6,0.0,0.0,0.0,0.0,5435.1170517952905,33.799887066859135,0.00336933869100859,0
2020-06-17,2020-06-17,2020-06-17,10,6,0.0,0.0,0.0,0.0,10971.480733613473,33.799887066859135,0.00680144221019281,0
2020-06-18,2020-06-18,2020-06-18,36,6,0.0,0.0,0.0,0.0,8775.519678057915,33.799887066859135,0.005440121657586231,0
2020-06-19,2020-06-19,2020-06-19,12,6,0.0,0.0,0.0,0.0,3648.172733613472,33.799887066859135,0.002261575864090408,0
2020-06-20,2020-06-20,2020-06-20,60,6,0.0,0.0,0.0,0.0,2497.9747078209853,33.799887066859135,0.0015485449074996531,0
2020-06-21,2020-06-21,2020-06-21,9,6,0.0,0.0,0.0,0.0,4426.099903290125,33.799887066859135,0.0027438286079779703,0
2020-06-22,2020-06-22,2020-06-22,19,6,0.0,0.0,0.0,0.0,8652.28773361347,33.799887066859135,0.005363727689539537,0
2020-06-23,2020-06-23,2020-06-23,28,6,0.0,0.0,0.0,0.0,14336.255837815099,33.799887066859135,0.008887334167456953,1
2020-06-24,2020-06-24,2020-06-24,42,6,0.0,0.0,0.0,0.0,8385.323924089662,33.799887066859135,0.005198231439144985,0
2020-06-25,2020-06-25,2020-06-25,22,6,0.0,0.0,0.0,0.0,10794.387733613472,33.799887066859135,0.006691658687387226,0
2020-06-26,2020-06-26,2020-06-26,10,6,0.0,0.0,0.0,0.0,12433.957733613472,33.799887066859135,0.0077080612018081834,1
2020-06-27,2020-06-27,2020-06-27,50,6,0.0,0.0,0.0,0.0,2039.503725512348,33.799887066859135,0.00126432949784496,0
2020-06-28,2020-06-28,2020-06-28,7,6,0.0,0.0,0.0,0.0,11373.916305042043,33.799887066859135,0.007050920138364485,0
2020-06-29,2020-06-29,2020-06-29,42,6,0.0,0.0,0.0,0.0,3558.1120282912907,33.799887066859135,0.0022057454162656798,0
2020-06-30,2020-06-30,2020-06-30,19,6,0.0,0.0,0.0,0.0,37512.68002024919,33.799887066859135,0.02325486700491598,1
2020-07-01,2020-07-01,2020-07-01,3,6,0.0,0.0,0.0,0.0,12426.871066946806,33.799887066859135,0.007703668034197857,1
2020-07-02,2020-07-02,2020-07-02,14,6,0.0,0.0,0.0,0.0,12639.555590756328,33.799887066859135,0.00783551546052209,1
2020-07-03,2020-07-03,2020-07-03,6,6,0.0,0.0,0.0,0.0,12755.057733613472,33.799887066859135,0.007907117568648618,1
2020-07-04,2020-07-04,2020-07-04,31,6,0.0,0.0,0.0,0.0,13081.990512609122,33.799887066859135,0.00810978979284021,1
2020-07-05,2020-07-05,2020-07-05,5,6,0.0,0.0,0.0,0.0,13019.395733613472,33.799887066859135,0.00807098602675471,1
2020-07-06,2020-07-06,2020-07-06,16,6,0.0,0.0,0.0,0.0,12490.727108613472,33.799887066859135,0.007743253682453783,1
2020-07-07,2020-07-07,2020-07-07,22,6,0.0,0.0,0.0,0.0,11730.912733613472,33.799887066859135,0.007272229425335643,0
2020-07-08,2020-07-08,2020-07-08,36,6,0.0,0.0,0.0,0.0,2729.0667633765406,33.799887066859135,0.0016918035340476954,0
2020-07-09,2020-07-09,2020-07-09,43,6,0.0,0.0,0.0,0.0,5260.993753419323,33.799887066859135,0.0032613961461409706,0
2020-07-10,2020-07-10,2020-07-10,24,6,0.0,0.0,0.0,0.0,10328.669816946805,33.799887066859135,0.006402950756947605,0
2020-07-11,2020-07-11,2020-07-11,66,6,0.0,0.0,0.0,0.0,16130.334539113801,33.799887066859135,0.00999951974237543,1
2020-07-12,2020-07-12,2020-07-12,64,6,0.0,0.0,0.0,0.0,24071.377422636528,33.799887066859135,0.014922332402973727,1
2020-07-13,2020-07-13,2020-07-13,55,6,0.0,0.0,0.0,0.0,9027.646279068018,33.799887066859135,0.005596420023144932,0
2020-07-14,2020-07-14,2020-07-14,42,6,0.0,0.0,0.0,0.0,2529.0541621849006,33.799887066859135,0.0015678116881569686,0
2020-07-15,2020-07-15,2020-07-15,11,6,0.0,0.0,0.0,0.0,10617.476824522562,33.799887066859135,0.006581988046409104,0
2020-07-16,2020-07-16,2020-07-16,46,6,0.0,0.0,0.0,0.0,2688.1696136180867,33.799887066859135,0.0016664505659846408,0
2020-07-17,2020-07-17,2020-07-17,7,6,0.0,0.0,0.0,0.0,12948.406305042043,33.799887066859135,0.008026978248070476,1
2020-07-18,2020-07-18,2020-07-18,26,6,0.0,0.0,0.0,0.0,11890.75504130578,33.799887066859135,0.007371318896019609,0
2020-07-19,2020-07-19,2020-07-19,6,6,0.0,0.0,0.0,0.0,9402.98545884568,33.799887066859135,0.005829100351576602,0
2020-07-20,2020-07-20,2020-07-20,18,6,0.0,0.0,0.0,0.0,10886.714955835694,33.799887066859135,0.006748894194755724,0
2020-07-21,2020-07-21,2020-07-21,28,6,0.0,0.0,0.0,0.0,11292.770233613472,33.799887066859135,0.007000616051905608,0
2020-07-22,2020-07-22,2020-07-22,33,6,0.0,0.0,0.0,0.0,1916.482885128622,33.799887066859135,0.0011880663974636414,0
2020-07-23,2020-07-23,2020-07-23,14,6,0.0,0.0,0.0,0.0,9547.280590756329,33.799887066859135,0.005918551814394712,0
2020-07-24,2020-07-24,2020-07-24,39,6,0.0,0.0,0.0,0.0,1689.5281521071956,33.799887066859135,0.0010473725806075663,0
2020-07-25,2020-07-25,2020-07-25,45,6,0.0,0.0,0.0,0.0,10011.534844724583,33.799887066859135,0.006206352390804356,0
2020-07-26,2020-07-26,2020-07-26,3,6,0.0,0.0,0.0,0.0,9748.52440028014,33.799887066859135,0.006043306911164995,0
2020-07-27,2020-07-27,2020-07-27,42,6,0.0,0.0,0.0,0.0,4550.609171148431,33.799887066859135,0.0028210144145735376,0
2020-07-28,2020-07-28,2020-07-28,56,6,0.0,0.0,0.0,0.0,7915.32648361347,33.799887066859135,0.004906870545574466,0
2020-07-29,2020-07-29,2020-07-29,7,6,0.0,0.0,0.0,0.0,4167.81773361347,33.799887066859135,0.0025837142812401956,0
2020-07-30,2020-07-30,2020-07-30,19,6,0.0,0.0,0.0,0.0,27886.859634807573,33.799887066859135,0.017287626787586212,1
2020-07-31,2020-07-31,2020-07-31,47,6,0.0,0.0,0.0,0.0,10561.741628088652,33.799887066859135,0.006547436673916822,0
2020-08-01,2020-08-01,2020-08-01,51,6,0.0,0.0,0.0,0.0,10256.673442857116,33.799887066859135,0.006358318752425717,0
2020-08-02,2020-08-02,2020-08-02,19,6,0.0,0.0,0.0,0.0,17934.442125512345,33.799887066859135,0.011117922425457828,1
2020-08-03,2020-08-03,2020-08-03,23,6,0.0,0.0,0.0,0.0,4837.373570734353,33.799887066859135,0.0029987854501411235,0
2020-08-04,2020-08-04,2020-08-04,16,6,0.0,0.0,0.0,0.0,10473.952733613472,33.799887066859135,0.006493014567460368,0
2020-08-05,2020-08-05,2020-08-05,30,6,0.0,0.0,0.0,0.0,10250.850733613472,33.799887066859135,0.00635470913751694,0
2020-08-06,2020-08-06,2020-08-06,5,6,0.0,0.0,0.0,0.0,9014.653733613472,33.799887066859135,0.0055883656821477615,0
2020-08-07,2020-08-07,2020-08-07,27,6,0.0,0.0,0.0,0.0,73562.63582921606,33.799887066859135,0.045602961766956225,1
2020-08-08,2020-08-08,2020-08-08,10,6,0.0,0.0,0.0,0.0,9884.572733613473,33.799887066859135,0.00612764601720059,0
2020-08-09,2020-08-09,2020-08-09,16,6,0.0,0.0,0.0,0.0,5658.814608613472,33.799887066859135,0.003508013318636459,0
2020-08-10,2020-08-10,2020-08-10,24,6,0.0,0.0,0.0,0.0,11555.116066946804,33.799887066859135,0.007163249525711459,0
2020-08-11,2020-08-11,2020-08-11,22,6,0.0,0.0,0.0,0.0,9671.896824522562,33.799887066859135,0.00599580393131419,0
2020-08-12,2020-08-12,2020-08-12,11,6,0.0,0.0,0.0,0.0,9475.261369977108,33.799887066859135,0.005873905646749147,0
2020-08-13,2020-08-13,2020-08-13,57,6,0.0,0.0,0.0,0.0,3234.5482176633845,33.799887066859135,0.0020051616835200024,0
2020-08-14,2020-08-14,2020-08-14,23,6,0.0,0.0,0.0,0.0,13412.262995077566,33.799887066859135,0.008314532366579043,1
2020-08-15,2020-08-15,2020-08-15,28,6,0.0,0.0,0.0,0.0,7996.047733613471,33.799887066859135,0.004956911276660789,0
2020-08-16,2020-08-16,2020-08-16,12,6,0.0,0.0,0.0,0.0,4907.191292179014,33.799887066859135,0.0030420668639432155,0
2020-08-17,2020-08-17,2020-08-17,23,6,0.0,0.0,0.0,0.0,9579.639037961297,33.799887066859135,0.005938611468512491,0
2020-08-18,2020-08-18,2020-08-18,26,6,0.0,0.0,0.0,0.0,9019.190810536547,33.799887066859135,0.005591178307648798,0
2020-08-19,2020-08-19,2020-08-19,50,6,0.0,0.0,0.0,0.0,1685.510203389247,33.799887066859135,0.0010448817731521132,0
2020-08-20,2020-08-20,2020-08-20,19,6,0.0,0.0,0.0,0.0,9784.040365192419,33.799887066859135,0.006065323974199161,0
2020-08-21,2020-08-21,2020-08-21,21,6,0.0,0.0,0.0,0.0,16796.10688741711,33.799887066859135,0.010412245450242389,1
2020-08-22,2020-08-22,2020-08-22,50,6,0.0,0.0,0.0,0.0,4573.284933613471,33.799887066859135,0.002835071577113642,0
2020-08-23,2020-08-23,2020-08-23,22,6,0.0,0.0,0.0,0.0,10004.387733613472,33.799887066859135,0.006201921752463705,0
2020-08-24,2020-08-24,2020-08-24,31,6,0.0,0.0,0.0,0.0,8066.119991677989,33.799887066859135,0.005000350482847735,0
2020-08-25,2020-08-25,2020-08-25,27,6,0.0,0.0,0.0,0.0,10210.284029909768,33.799887066859135,0.006329561019628583,0
2020-08-26,2020-08-26,2020-08-26,28,6,0.0,0.0,0.0,0.0,9317.217733613472,33.799887066859135,0.005775931208702446,0
2020-08-27,2020-08-27,2020-08-27,11,6,0.0,0.0,0.0,0.0,12131.016824522563,33.799887066859135,0.007520262021705491,0
2020-08-28,2020-08-28,2020-08-28,3,6,0.0,0.0,0.0,0.0,14092.073129944087,33.799887066859135,0.00873596038148977,1
2020-08-29,2020-08-29,2020-08-29,21,6,0.0,0.0,0.0,0.0,10471.629638375376,33.799887066859135,0.0064915744338636065,0
2020-08-30,2020-08-30,2020-08-30,7,6,0.0,0.0,0.0,0.0,6419.952019327759,33.799887066859135,0.00397985775228056,0
2020-08-31,2020-08-31,2020-08-31,14,6,0.0,0.0,0.0,0.0,10703.730590756328,33.799887066859135,0.006635458495903958,0
2020-09-01,2020-09-01,2020-09-01,34,6,0.0,0.0,0.0,0.0,7630.638736974766,33.799887066859135,0.004730386869056589,0
2020-09-02,2020-09-02,2020-09-02,39,6,0.0,0.0,0.0,0.0,10467.501836177576,33.799887066859135,0.006489015526020163,0
2020-09-03,2020-09-03,2020-09-03,10,6,0.0,0.0,0.0,0.0,46229.33826638652,33.799887066859135,0.0286584992735731,1
2020-09-04,2020-09-04,2020-09-04,12,6,0.0,0.0,0.0,0.0,7755.615233613472,33.799887066859135,0.0048078623201975,0
2020-09-05,2020-09-05,2020-09-05,19,6,0.0,0.0,0.0,0.0,2680.03016112337,33.799887066859135,0.0016614047552039844,0
2020-09-06,2020-09-06,2020-09-06,9,6,0.0,0.0,0.0,0.0,5386.87551139125,33.799887066859135,0.003339432787042181,0
2020-09-07,2020-09-07,2020-09-07,49,6,0.0,0.0,0.0,0.0,2714.1942010182643,33.799887066859135,0.001682583732650479,0
2020-09-08,2020-09-08,2020-09-08,29,6,0.0,0.0,0.0,0.0,3763.692216372092,33.799887066859135,0.0023331887215716197,0
2020-09-09,2020-09-09,2020-09-09,31,6,0.0,0.0,0.0,0.0,12267.037733613472,33.799887066859135,0.007604584126900038,0
2020-09-10,2020-09-10,2020-09-10,13,6,0.0,0.0,0.0,0.0,11149.414656690395,33.799887066859135,0.00691174703817586,0
2020-09-11,2020-09-11,2020-09-11,10,6,0.0,0.0,0.0,0.0,11980.780733613472,33.799887066859135,0.0074271276385704165,0
2020-09-12,2020-09-12,2020-09-12,31,6,0.0,0.0,0.0,0.0,7528.1464432908915,33.799887066859135,0.004666849828851498,0
2020-09-13,2020-09-13,2020-09-13,8,6,0.0,0.0,0.0,0.0,2732.677874487652,33.799887066859135,0.0016940421346644348,0
2020-09-14,2020-09-14,2020-09-14,5,6,0.0,0.0,0.0,0.0,14915.014266386524,33.799887066859135,0.009246118191342679,1
2020-09-15,2020-09-15,2020-09-15,24,6,0.0,0.0,0.0,0.0,8060.3469002801385,33.799887066859135,0.004996771627042398,0
2020-09-16,2020-09-16,2020-09-16,22,6,0.0,0.0,0.0,0.0,2679.028783578561,33.799887066859135,0.0016607839810653822,0
2020-09-17,2020-09-17,2020-09-17,44,6,0.0,0.0,0.0,0.0,124133.36644369419,33.799887066859135,0.0769527777264215,1
2020-09-18,2020-09-18,2020-09-18,2,6,0.0,0.0,0.0,0.0,4758.352733613472,33.799887066859135,0.0029497988392972363,0
2020-09-19,2020-09-19,2020-09-19,17,6,0.0,0.0,0.0,0.0,12424.744792437,33.799887066859135,0.007702349913740593,1
2020-09-20,2020-09-20,2020-09-20,9,6,0.0,0.0,0.0,0.0,10630.88551139125,33.799887066859135,0.006590300361862801,0
2020-09-21,2020-09-21,2020-09-21,15,6,0.0,0.0,0.0,0.0,12303.321066946806,33.799887066859135,0.007627076897096844,0
2020-09-22,2020-09-22,2020-09-22,13,6,0.0,0.0,0.0,0.0,7608.073887459626,33.799887066859135,0.004716398463691329,0
2020-09-23,2020-09-23,2020-09-23,41,6,0.0,0.0,0.0,0.0,54570.733973703595,33.799887066859135,0.03382949872507395,1
2020-09-24,2020-09-24,2020-09-24,5,6,0.0,0.0,0.0,0.0,9096.11373361347,33.799887066859135,0.005638864379260255,0
2020-09-25,2020-09-25,2020-09-25,19,6,0.0,0.0,0.0,0.0,4543.536680981892,33.799887066859135,0.002816630035261591,0
2020-09-26,2020-09-26,2020-09-26,8,6,0.0,0.0,0.0,0.0,9148.881483613473,33.799887066859135,0.005671576171852421,0
2020-09-27,2020-09-27,2020-09-27,14,6,0.0,0.0,0.0,0.0,12799.133694957955,33.799887066859135,0.00793444114613299,1
2020-09-28,2020-09-28,2020-09-28,14,6,0.0,0.0,0.0,0.0,11279.304876470615,33.799887066859135,0.006992268605405869,0
2020-09-29,2020-09-29,2020-09-29,29,6,0.0,0.0,0.0,0.0,26489.13453930545,33.799887066859135,0.01642114880766609,1
2020-09-30,2020-09-30,2020-09-30,25,6,0.0,0.0,0.0,0.0,12468.158133613471,33.799887066859135,0.007729262719617245,1
2020-10-01,2020-10-01,2020-10-01,7,6,0.0,0.0,0.0,0.0,3330.552019327757,33.799887066859135,0.0020646763766441994,0
2020-10-02,2020-10-02,2020-10-02,10,6,0.0,0.0,0.0,0.0,50441.228266386526,33.799887066859135,0.0312695348417187,1
2020-10-03,2020-10-03,2020-10-03,20,6,0.0,0.0,0.0,0.0,12352.365733613471,33.799887066859135,0.007657480675233145,1
2020-10-04,2020-10-04,2020-10-04,15,6,0.0,0.0,0.0,0.0,8032.857733613472,33.799887066859135,0.004979730538147543,0
2020-10-05,2020-10-05,2020-10-05,29,6,0.0,0.0,0.0,0.0,11402.010492234162,33.799887066859135,0.007068336291686808,0
2020-10-06,2020-10-06,2020-10-06,11,6,0.0,0.0,0.0,0.0,9650.724097249837,33.799887066859135,0.005982678530607207,0
2020-10-07,2020-10-07,2020-10-07,16,6,0.0,0.0,0.0,0.0,12306.932108613471,33.799887066859135,0.00762931545466357,0
2020-10-08,2020-10-08,2020-10-08,12,6,0.0,0.0,0.0,0.0,10486.361900280139,33.799887066859135,0.0065007072601797194,0
2020-10-09,2020-10-09,2020-10-09,15,6,0.0,0.0,0.0,0.0,5564.502400280138,33.799887066859135,0.003449547278338946,0
2020-10-10,2020-10-10,2020-10-10,8,6,0.0,0.0,0.0,0.0,7044.953983613473,33.799887066859135,0.004367309076724187,0
2020-10-11,2020-10-11,2020-10-11,49,6,0.0,0.0,0.0,0.0,69303.9447153661,33.799887066859135,0.04296291324431963,1
2020-10-12,2020-10-12,2020-10-12,12,6,0.0,0.0,0.0,0.0,6244.673566946805,33.799887066859135,0.003871199104144881,0
2020-10-13,2020-10-13,2020-10-13,27,6,0.0,0.0,0.0,0.0,14355.98559971986,33.799887066859135,0.008899565044826583,1
2020-10-14,2020-10-14,2020-10-14,18,6,0.0,0.0,0.0,0.0,12491.47162250236,33.799887066859135,0.0077437152216309375,1
2020-10-15,2020-10-15,2020-10-15,14,6,0.0,0.0,0.0,0.0,9116.953447899188,33.799887066859135,0.0056517833384994555,0
2020-10-16,2020-10-16,2020-10-16,21,6,0.0,0.0,0.0,0.0,27397.58321876749,33.799887066859135,0.016984314468191482,1
2020-10-17,2020-10-17,2020-10-17,38,6,0.0,0.0,0.0,0.0,5233.031072880769,33.799887066859135,0.0032440615164457845,0
2020-10-18,2020-10-18,2020-10-18,17,6,0.0,0.0,0.0,0.0,26050.26389021823,33.799887066859135,0.016149084039929543,1
2020-10-19,2020-10-19,2020-10-19,28,6,0.0,0.0,0.0,0.0,8982.92523361347,33.799887066859135,0.005568696545008873,0
2020-10-20,2020-10-20,2020-10-20,43,6,0.0,0.0,0.0,0.0,10928.693082450682,33.799887066859135,0.006774917282176301,0
2020-10-21,2020-10-21,2020-10-21,19,6,0.0,0.0,0.0,0.0,7554.910891508209,33.799887066859135,0.004683441650161458,0
2020-10-22,2020-10-22,2020-10-22,11,6,0.0,0.0,0.0,0.0,7189.415006340744,33.799887066859135,0.004456863378605669,0
2020-10-23,2020-10-23,2020-10-23,32,6,0.0,0.0,0.0,0.0,5519.3628913865305,33.799887066859135,0.003421564386276277,0
2020-10-24,2020-10-24,2020-10-24,19,6,0.0,0.0,0.0,0.0,14920.465950597058,33.799887066859135,0.009249497800349562,1
2020-10-25,2020-10-25,2020-10-25,33,6,0.0,0.0,0.0,0.0,63679.301357295626,33.799887066859135,0.03947608337315587,1
2020-10-26,2020-10-26,2020-10-26,7,6,0.0,0.0,0.0,0.0,2732.677874487652,33.799887066859135,0.0016940421346644348,0
2020-10-27,2020-10-27,2020-10-27,33,6,0.0,0.0,0.0,0.0,2730.1248441846215,33.799887066859135,0.0016924594596829498,0
2020-10-28,2020-10-28,2020-10-28,28,6,0.0,0.0,0.0,0.0,11943.065947899186,33.799887066859135,0.007403747482169135,0
2020-10-29,2020-10-29,2020-10-29,38,6,0.0,0.0,0.0,0.0,11123.863582176013,33.799887066859135,0.006895907411699054,0
2020-10-30,2020-10-30,2020-10-30,18,6,0.0,0.0,0.0,0.0,11497.840044164304,33.799887066859135,0.007127742963886002,0
2020-10-31,2020-10-31,2020-10-31,58,6,0.0,0.0,0.0,0.0,3501.996435857176,33.799887066859135,0.0021709582286199825,0
2020-11-01,2020-11-01,2020-11-01,52,6,0.0,0.0,0.0,0.0,322622.1849586942,33.799887066859135,0.2,1
2020-11-02,2020-11-02,2020-11-02,42,6,0.0,0.0,0.0,0.0,2732.677874487652,33.799887066859135,0.0016940421346644348,0
2020-11-03,2020-11-03,2020-11-03,6,6,0.0,0.0,0.0,0.0,10407.711066946806,33.799887066859135,0.006451950022147002,0
2020-11-04,2020-11-04,2020-11-04,24,6,0.0,0.0,0.0,0.0,10095.11934971986,33.799887066859135,0.006258168111416364,0
2020-11-05,2020-11-05,2020-11-05,15,6,0.0,0.0,0.0,0.0,12518.972400280138,33.799887066859135,0.007760763508487776,1
2020-11-06,2020-11-06,2020-11-06,48,6,0.0,0.0,0.0,0.0,7928.043792179014,33.799887066859135,0.0049147542616723985,0
2020-11-07,2020-11-07,2020-11-07,27,6,0.0,0.0,0.0,0.0,8666.390696576436,33.799887066859135,0.005372470400748174,0
2020-11-08,2020-11-08,2020-11-08,1,6,0.0,0.0,0.0,0.0,9267.147733613472,33.799887066859135,0.005744891805751027,0
2020-11-09,2020-11-09,2020-11-09,33,6,0.0,0.0,0.0,0.0,3080.9744002801363,33.799887066859135,0.0019099581764190196,0
2020-11-10,2020-11-10,2020-11-10,13,6,0.0,0.0,0.0,0.0,12525.893118228856,33.799887066859135,0.007765053801140529,1
2020-11-11,2020-11-11,2020-11-11,45,6,0.0,0.0,0.0,0.0,1746.5835113912435,33.799887066859135,0.0010827423486793762,0
2020-11-12,2020-11-12,2020-11-12,23,6,0.0,0.0,0.0,0.0,6973.317483777833,33.799887066859135,0.004322900165511331,0
2020-11-13,2020-11-13,2020-11-13,72,6,0.0,0.0,0.0,0.0,15369.386571942088,33.799887066859135,0.009527792748604597,1
2020-11-14,2020-11-14,2020-11-14,60,6,0.0,0.0,0.0,0.0,8632.022292179014,33.799887066859135,0.005351164733624369,0
2020-11-15,2020-11-15,2020-11-15,31,6,0.0,0.0,0.0,0.0,1681.5550420989243,33.799887066859135,0.0010424298888895172,0
2020-11-16,2020-11-16,2020-11-16,40,6,0.0,0.0,0.0,0.0,5807.435983613472,33.799887066859135,0.0036001467068093942,0
2020-11-17,2020-11-17,2020-11-17,19,6,0.0,0.0,0.0,0.0,5973.4477336134705,33.799887066859135,0.003703060739222419,0
2020-11-18,2020-11-18,2020-11-18,39,6,0.0,0.0,0.0,0.0,4991.3684202326895,33.799887066859135,0.0030942499635427997,0
2020-11-19,2020-11-19,2020-11-19,36,6,0.0,0.0,0.0,0.0,12376.980877497639,33.799887066859135,0.007672740099433821,1
2020-11-20,2020-11-20,2020-11-20,9,6,0.0,0.0,0.0,0.0,15835.784488608753,33.799887066859135,0.009816922224760355,1
2020-11-21,2020-11-21,2020-11-21,15,6,0.0,0.0,0.0,0.0,1642.7155367225803,33.799887066859135,0.0010183524960832434,0
2020-11-22,2020-11-22,2020-11-22,30,6,0.0,0.0,0.0,0.0,2161.6929330531984,33.799887066859135,0.001340077052252289,0
2020-11-23,2020-11-23,2020-11-23,17,6,0.0,0.0,0.0,0.0,2704.8596391935343,33.799887066859135,0.0016767970494898496,0
2020-11-24,2020-11-24,2020-11-24,27,6,0.0,0.0,0.0,0.0,2732.677874487652,33.799887066859135,0.0016940421346644348,0
2020-11-25,2020-11-25,2020-11-25,34,6,0.0,0.0,0.0,0.0,10498.559772571172,33.799887066859135,0.006508268967253643,0
2020-11-26,2020-11-26,2020-11-26,9,6,0.0,0.0,0.0,0.0,11774.484400280138,33.799887066859135,0.007299240380377216,0
2020-11-27,2020-11-27,2020-11-27,49,6,0.0,0.0,0.0,0.0,7871.682737757246,33.799887066859135,0.004879814907189393,0
2020-11-28,2020-11-28,2020-11-28,30,6,0.0,0.0,0.0,0.0,9090.910400280136,33.799887066859135,0.005635638727971581,0
2020-11-29,2020-11-29,2020-11-29,31,6,0.0,0.0,0.0,0.0,4173.396137354268,33.799887066859135,0.002587172446239922,0
2020-11-30,2020-11-30,2020-11-30,68,6,0.0,0.0,0.0,0.0,4305.510795798293,33.799887066859135,0.002669072987866308,0
2020-12-01,2020-12-01,2020-12-01,33,6,0.0,0.0,0.0,0.0,9014.274993659254,33.799887066859135,0.005588130893610658,0
2020-12-02,2020-12-02,2020-12-02,26,6,0.0,0.0,0.0,0.0,2726.672874487652,33.799887066859135,0.0016903195140388451,0
2020-12-03,2020-12-03,2020-12-03,44,6,0.0,0.0,0.0,0.0,2875.445233613469,33.799887066859135,0.0017825465003168438,0
2020-12-04,2020-12-04,2020-12-04,4,6,0.0,0.0,0.0,0.0,12745.437733613471,33.799887066859135,0.007901153936605624,1
2020-12-05,2020-12-05,2020-12-05,22,6,0.0,0.0,0.0,0.0,60129.603175477474,33.799887066859135,0.037275553870032806,1
2020-12-06,2020-12-06,2020-12-06,49,6,0.0,0.0,0.0,0.0,25194.153899039593,33.799887066859135,0.015618364187983687,1
2020-12-07,2020-12-07,2020-12-07,40,6,0.0,0.0,0.0,0.0,4237.449625512349,33.799887066859135,0.002626880495558528,0
2020-12-08,2020-12-08,2020-12-08,8,6,0.0,0.0,0.0,0.0,9351.582733613472,33.799887066859135,0.005797234765371619,0
2020-12-09,2020-12-09,2020-12-09,49,6,0.0,0.0,0.0,0.0,2221.2740601440837,33.799887066859135,0.0013770125947342876,0
2020-12-10,2020-12-10,2020-12-10,27,6,0.0,0.0,0.0,0.0,2729.7426893024667,33.799887066859135,0.0016922225541631366,0
2020-12-11,2020-12-11,2020-12-11,50,6,0.0,0.0,0.0,0.0,4569.387866386527,33.799887066859135,0.0028326557065327376,0
2020-12-12,2020-12-12,2020-12-12,31,6,0.0,0.0,0.0,0.0,5108.999867447831,33.799887066859135,0.003167172070390599,0
2020-12-13,2020-12-13,2020-12-13,12,6,0.0,0.0,0.0,0.0,11700.326066946805,33.799887066859135,0.0072532681337117684,0
2020-12-14,2020-12-14,2020-12-14,42,6,0.0,0.0,0.0,0.0,7792.16545884568,33.799887066859135,0.004830520542065837,0
2020-12-15,2020-12-15,2020-12-15,21,6,0.0,0.0,0.0,0.0,9088.383924089663,33.799887066859135,0.005634072514420087,0
2020-12-16,2020-12-16,2020-12-16,49,6,0.0,0.0,0.0,0.0,36980.8671643457,33.799887066859135,0.02292518548845636,1
2020-12-17,2020-12-17,2020-12-17,64,6,0.0,0.0,0.0,0.0,6523.910094262346,33.799887066859135,0.004044303459848932,0
2020-12-18,2020-12-18,2020-12-18,30,6,0.0,0.0,0.0,0.0,10518.69440028014,33.799887066859135,0.006520750829101764,0
2020-12-19,2020-12-19,2020-12-19,41,6,0.0,0.0,0.0,0.0,25915.475162464405,33.799887066859135,0.016065525788799925,1
2020-12-20,2020-12-20,2020-12-20,25,6,0.0,0.0,0.0,0.0,2470.1858744876517,33.799887066859135,0.0015313180491936184,0
2020-12-21,2020-12-21,2020-12-21,44,6,0.0,0.0,0.0,0.0,2729.6390108512883,33.799887066859135,0.0016921582817999749,0
2020-12-22,2020-12-22,2020-12-22,37,6,0.0,0.0,0.0,0.0,2680.3573339471113,33.799887066859135,0.001661607576236756,0
2020-12-23,2020-12-23,2020-12-23,6,6,0.0,0.0,0.0,0.0,12939.207733613472,33.799887066859135,0.00802127586809946,1
2020-12-24,2020-12-24,2020-12-24,39,6,0.0,0.0,0.0,0.0,10211.337907412175,33.799887066859135,0.0063302143395498655,0
2020-12-25,2020-12-25,2020-12-25,8,6,0.0,0.0,0.0,0.0,9040.65851638653,33.799887066859135,0.005604486571525773,0
2020-12-26,2020-12-26,2020-12-26,55,6,0.0,0.0,0.0,0.0,2486.9584482047103,33.799887066859135,0.001541715705956873,0
2020-12-27,2020-12-27,2020-12-27,8,6,0.0,0.0,0.0,0.0,12394.117733613472,33.799887066859135,0.007683363582203938,1
2020-12-28,2020-12-28,2020-12-28,51,6,0.0,0.0,0.0,0.0,2654.352439495824,33.799887066859135,0.001645486617627157,0
2020-12-29,2020-12-29,2020-12-29,59,6,0.0,0.0,0.0,0.0,18010.41175791195,33.799887066859135,0.011165017532949788,1
2020-12-30,2020-12-30,2020-12-30,37,6,0.0,0.0,0.0,0.0,19253.339422809644,33.799887066859135,0.01193553346325187,1
2020-12-31,2020-12-31,2020-12-31,12,6,0.0,0.0,0.0,0.0,3880.3694002801385,33.799887066859135,0.0024055192613471068,0
2021-01-01,2021-01-01,2021-01-01,73,6,0.0,0.0,0.0,0.0,13859.106512961871,33.799887066859135,0.008591539676501957,1
2021-01-02,2021-01-02,2021-01-02,23,6,0.0,0.0,0.0,0.0,8636.65773361347,33.799887066859135,0.005354038337270101,0
2021-01-03,2021-01-03,2021-01-03,26,6,0.0,0.0,0.0,0.0,2732.677874487652,33.799887066859135,0.0016940421346644348,0
2021-01-04,2021-01-04,2021-01-04,25,6,0.0,0.0,0.0,0.0,12036.449733613472,33.799887066859135,0.007461637974558084,0
2021-01-05,2021-01-05,2021-01-05,70,6,0.0,0.0,0.0,0.0,3930.3796949579573,33.799887066859135,0.002436521651765002,0
2021-01-06,2021-01-06,2021-01-06,32,6,0.0,0.0,0.0,0.0,7286.727438012347,33.799887066859135,0.004517189317867448,0
2021-01-07,2021-01-07,2021-01-07,21,6,0.0,0.0,0.0,0.0,2728.2826363924137,33.799887066859135,0.001691317437913775,0
2021-01-08,2021-01-08,2021-01-08,23,6,0.0,0.0,0.0,0.0,6115.456614212615,33.799887066859135,0.0037910949087370336,0
2021-01-09,2021-01-09,2021-01-09,101,6,0.0,0.0,0.0,0.0,58089.273058465755,33.799887066859135,0.03601071207542842,1
2021-01-10,2021-01-10,2021-01-10,44,6,0.0,0.0,0.0,0.0,22119.070478428934,33.799887066859135,0.013712057948687484,1
2021-01-11,2021-01-11,2021-01-11,53,6,0.0,0.0,0.0,0.0,6969.252691550082,33.799887066859135,0.004320380318819281,0
2021-01-12,2021-01-12,2021-01-12,26,6,0.0,0.0,0.0,0.0,2840.4985028442425,33.799887066859135,0.0017608823170098585,0
2021-01-13,2021-01-13,2021-01-13,32,6,0.0,0.0,0.0,0.0,4612.115391386529,33.799887066859135,0.0028591433611281415,0
2021-01-14,2021-01-14,2021-01-14,20,6,0.0,0.0,0.0,0.0,9956.456233613471,33.799887066859135,0.006172208048797519,0
2021-01-15,2021-01-15,2021-01-15,17,6,0.0,0.0,0.0,0.0,13629.506243159407,33.799887066859135,0.008449205838032752,1
2021-01-16,2021-01-16,2021-01-16,25,6,0.0,0.0,0.0,0.0,6088.836933613473,33.799887066859135,0.003774592831793657,0
2021-01-17,2021-01-17,2021-01-17,33,6,0.0,0.0,0.0,0.0,7546.707733613473,33.799887066859135,0.004678356347118342,0
2021-01-18,2021-01-18,2021-01-18,45,6,0.0,0.0,0.0,0.0,3706.4734588456813,33.799887066859135,0.002297717659633498,0
2021-01-19,2021-01-19,2021-01-19,22,6,0.0,0.0,0.0,0.0,11592.55455179529,33.799887066859135,0.007186458397632824,0
2021-01-20,2021-01-20,2021-01-20,79,6,0.0,0.0,0.0,0.0,2657.316228918032,33.799887066859135,0.0016473239304719556,0
2021-01-21,2021-01-21,2021-01-21,18,6,0.0,0.0,0.0,0.0,31819.972681067913,33.799887066859135,0.019725842898957412,1
2021-01-22,2021-01-22,2021-01-22,16,6,0.0,0.0,0.0,0.0,9067.732108613473,33.799887066859135,0.005621270037442979,0
2021-01-23,2021-01-23,2021-01-23,43,6,0.0,0.0,0.0,0.0,5206.52354756696,33.799887066859135,0.003227628966826047,0
2021-01-24,2021-01-24,2021-01-24,10,6,0.0,0.0,0.0,0.0,64309.98212551235,33.799887066859135,0.03986705510270229,1
2021-01-25,2021-01-25,2021-01-25,53,6,0.0,0.0,0.0,0.0,5838.727155101318,33.799887066859135,0.003619544735182337,0
2021-01-26,2021-01-26,2021-01-26,15,6,0.0,0.0,0.0,0.0,2015.4265411543186,33.799887066859135,0.0012494035656056056,0
2021-01-27,2021-01-27,2021-01-27,36,6,0.0,0.0,0.0,0.0,12350.693289169027,33.799887066859135,0.007656443893187509,1
2021-01-28,2021-01-28,2021-01-28,4,6,0.0,0.0,0.0,0.0,13336.085233613472,33.799887066859135,0.008267308235681876,1
2021-01-29,2021-01-29,2021-01-29,37,6,0.0,0.0,0.0,0.0,21720.613617737894,33.799887066859135,0.013465046503555742,1
2021-01-30,2021-01-30,2021-01-30,36,6,0.0,0.0,0.0,0.0,7868.601433053189,33.799887066859135,0.004877904744251,0
2021-01-31,2021-01-31,2021-01-31,7,6,0.0,0.0,0.0,0.0,2581.4905907563298,33.799887066859135,0.001600318087912548,0
2021-02-01,2021-02-01,2021-02-01,32,6,0.0,0.0,0.0,0.0,4484.9655461134735,33.799887066859135,0.00278032060733064,0
2021-02-02,2021-02-02,2021-02-02,52,6,0.0,0.0,0.0,0.0,2730.9546052568826,33.799887066859135,0.0016929738453085803,0
2021-02-03,2021-02-03,2021-02-03,27,6,0.0,0.0,0.0,0.0,7621.369585465325,33.799887066859135,0.004724640735069785,0
2021-02-04,2021-02-04,2021-02-04,9,6,0.0,0.0,0.0,0.0,12021.35662250236,33.799887066859135,0.007452281450540343,0
2021-02-05,2021-02-05,2021-02-05,19,6,0.0,0.0,0.0,0.0,5206.47647691284,33.799887066859135,0.0032275997867781056,0
2021-02-06,2021-02-06,2021-02-06,39,6,0.0,0.0,0.0,0.0,5090.859528485267,33.799887066859135,0.003155926508362751,0
2021-02-07,2021-02-07,2021-02-07,2,6,0.0,0.0,0.0,0.0,12504.512733613472,33.799887066859135,0.007751799669458221,1
2021-02-08,2021-02-08,2021-02-08,13,6,0.0,0.0,0.0,0.0,23576.955950456904,33.799887066859135,0.014615830559498257,1
2021-02-09,2021-02-09,2021-02-09,15,6,0.0,0.0,0.0,0.0,9534.911066946806,33.799887066859135,0.00591088369708213,0
2021-02-10,2021-02-10,2021-02-10,35,6,0.0,0.0,0.0,0.0,13508.674552100814,33.799887066859135,0.008374299835474953,1
2021-02-11,2021-02-11,2021-02-11,35,6,0.0,0.0,0.0,0.0,8527.597839798063,33.799887066859135,0.0052864299092697945,0
2021-02-12,2021-02-12,2021-02-12,46,6,0.0,0.0,0.0,0.0,6505.786908121045,33.799887066859135,0.004033068531200972,0
2021-02-13,2021-02-13,2021-02-13,19,6,0.0,0.0,0.0,0.0,12347.562996771367,33.799887066859135,0.007654503361789732,1
2021-02-14,2021-02-14,2021-02-14,21,6,0.0,0.0,0.0,0.0,11634.431314005576,33.799887066859135,0.007212418647214326,0
2021-02-15,2021-02-15,2021-02-15,35,6,0.0,0.0,0.0,0.0,2732.677874487652,33.799887066859135,0.0016940421346644348,0
2021-02-16,2021-02-16,2021-02-16,16,6,0.0,0.0,0.0,0.0,7957.760233613473,33.799887066859135,0.004933176083121697,0
2021-02-17,2021-02-17,2021-02-17,30,6,0.0,0.0,0.0,0.0,11846.964066946806,33.799887066859135,0.0073441719877159655,0
2021-02-18,2021-02-18,2021-02-18,21,6,0.0,0.0,0.0,0.0,9263.745599719865,33.799887066859135,0.005742782754326654,0
2021-02-19,2021-02-19,2021-02-19,33,6,0.0,0.0,0.0,0.0,6951.5398548255935,33.799887066859135,0.004309399774051874,0
2021-02-20,2021-02-20,2021-02-20,22,6,0.0,0.0,0.0,0.0,8275.565006340745,33.799887066859135,0.005130189672108432,0
2021-02-21,2021-02-21,2021-02-21,15,6,0.0,0.0,0.0,0.0,10865.322400280138,33.799887066859135,0.0067356325180621054,0
2021-02-22,2021-02-22,2021-02-22,31,6,0.0,0.0,0.0,0.0,11614.42999167799,33.799887066859135,0.007200019424060997,0
2021-02-23,2021-02-23,2021-02-23,23,6,0.0,0.0,0.0,0.0,9398.704255352603,33.799887066859135,0.00582644634717599,0
2021-02-24,2021-02-24,2021-02-24,14,6,0.0,0.0,0.0,0.0,10107.184162184902,33.799887066859135,0.006265647332020233,0
2021-02-25,2021-02-25,2021-02-25,16,6,0.0,0.0,0.0,0.0,6306.899766386528,33.799887066859135,0.003909774380329121,0
2021-02-26,2021-02-26,2021-02-26,59,6,0.0,0.0,0.0,0.0,6802.6280290983905,33.799887066859135,0.004217086329614525,0
2021-02-27,2021-02-27,2021-02-27,18,6,0.0,0.0,0.0,0.0,18063.992821942084,33.799887066859135,0.011198233515314418,1
2021-02-28,2021-02-28,2021-02-28,14,6,0.0,0.0,0.0,0.0,11009.926305042043,33.799887066859135,0.0068252753953989,0
2021-03-01,2021-03-01,2021-03-01,25,6,0.0,0.0,0.0,0.0,11891.383733613471,33.799887066859135,0.0073717086350623675,0
2021-03-02,2021-03-02,2021-03-02,31,6,0.0,0.0,0.0,0.0,3358.4306368392754,33.799887066859135,0.002081958893973308,0
2021-03-03,2021-03-03,2021-03-03,13,6,0.0,0.0,0.0,0.0,12002.213887459626,33.799887066859135,0.007440414482963276,0
2021-03-04,2021-03-04,2021-03-04,7,6,0.0,0.0,0.0,0.0,10042.907733613472,33.799887066859135,0.006225801077442508,0
2021-03-05,2021-03-05,2021-03-05,46,6,0.0,0.0,0.0,0.0,16866.592918560433,33.799887066859135,0.010455941162707014,1
2021-03-06,2021-03-06,2021-03-06,60,6,0.0,0.0,0.0,0.0,16562.60359971987,33.799887066859135,0.01026749205225326,1
2021-03-07,2021-03-07,2021-03-07,12,6,0.0,0.0,0.0,0.0,12966.822733613471,33.799887066859135,0.008038394963615806,1
2021-03-08,2021-03-08,2021-03-08,15,6,0.0,0.0,0.0,0.0,12803.419733613473,33.799887066859135,0.007937098147948329,1
2021-03-09,2021-03-09,2021-03-09,19,6,0.0,0.0,0.0,0.0,55183.0891084918,33.799887066859135,0.034209110024815546,1
2021-03-10,2021-03-10,2021-03-10,39,6,0.0,0.0,0.0,0.0,2579.011323357061,33.799887066859135,0.0015987811400429612,0
2021-03-11,2021-03-11,2021-03-11,11,6,0.0,0.0,0.0,0.0,12375.362279068018,33.799887066859135,0.007671736697618891,1
2021-03-12,2021-03-12,2021-03-12,33,6,0.0,0.0,0.0,0.0,49570.87075123501,33.799887066859135,0.030729982662278256,1
2021-03-13,2021-03-13,2021-03-13,16,6,0.0,0.0,0.0,0.0,12969.761483613473,33.799887066859135,0.008040216754017712,1
2021-03-14,2021-03-14,2021-03-14,31,6,0.0,0.0,0.0,0.0,51055.473415834946,33.799887066859135,0.03165031779967125,1
2021-03-15,2021-03-15,2021-03-15,47,6,0.0,0.0,0.0,0.0,4210.424891469794,33.799887066859135,0.002610127317815333,0
2021-03-16,2021-03-16,2021-03-16,14,6,0.0,0.0,0.0,0.0,8574.626305042046,33.799887066859135,0.005315583803475802,0
2021-03-17,2021-03-17,2021-03-17,39,6,0.0,0.0,0.0,0.0,14606.499189463464,33.799887066859135,0.009054863472165471,1
2021-03-18,2021-03-18,2021-03-18,21,6,0.0,0.0,0.0,0.0,11542.100114565852,33.799887066859135,0.007155180674288474,0
2021-03-19,2021-03-19,2021-03-19,22,6,0.0,0.0,0.0,0.0,10218.714551795289,33.799887066859135,0.006334787270195697,0
2021-03-20,2021-03-20,2021-03-20,21,6,0.0,0.0,0.0,0.0,8159.064400280138,33.799887066859135,0.005057968596502287,0
2021-03-21,2021-03-21,2021-03-21,20,6,0.0,0.0,0.0,0.0,7167.965766386527,33.799887066859135,0.004443566562109951,0
2021-03-22,2021-03-22,2021-03-22,14,6,0.0,0.0,0.0,0.0,12461.83059075633,33.799887066859135,0.007725340148168568,1
2021-03-23,2021-03-23,2021-03-23,14,6,0.0,0.0,0.0,0.0,11173.689162184899,33.799887066859135,0.006926795293767838,0
2021-03-24,2021-03-24,2021-03-24,6,6,0.0,0.0,0.0,0.0,13184.677733613473,33.799887066859135,0.008173447672423102,1
2021-03-25,2021-03-25,2021-03-25,24,6,0.0,0.0,0.0,0.0,11317.323983613473,33.799887066859135,0.007015837416799124,0
2021-03-26,2021-03-26,2021-03-26,25,6,0.0,0.0,0.0,0.0,12160.161333613472,33.799887066859135,0.007538329290758697,0
2021-03-27,2021-03-27,2021-03-27,17,6,0.0,0.0,0.0,0.0,7122.910674789942,33.799887066859135,0.00441563600203247,0
2021-03-28,2021-03-28,2021-03-28,7,6,0.0,0.0,0.0,0.0,11399.3291621849,33.799887066859135,0.007066674081104728,0
2021-03-29,2021-03-29,2021-03-29,46,6,0.0,0.0,0.0,0.0,5071.240527256092,33.799887066859135,0.0031437642937700455,0
2021-03-30,2021-03-30,2021-03-30,30,6,0.0,0.0,0.0,0.0,12606.082066946805,33.799887066859135,0.00781476454792517,1
2021-03-31,2021-03-31,2021-03-31,19,6,0.0,0.0,0.0,0.0,11160.334575718736,33.799887066859135,0.0069185165162449136,0
2021-04-01,2021-04-01,2021-04-01,11,6,0.0,0.0,0.0,0.0,11032.835915431653,33.799887066859135,0.006839477524984343,0
2021-04-02,2021-04-02,2021-04-02,15,6,0.0,0.0,0.0,0.0,9907.978400280139,33.799887066859135,0.006142155662078026,0
2021-04-03,2021-04-03,2021-04-03,44,6,0.0,0.0,0.0,0.0,10687.925006340745,33.799887066859135,0.006625660295313626,0
2021-04-04,2021-04-04,2021-04-04,16,6,0.0,0.0,0.0,0.0,8986.617733613472,33.799887066859135,0.005570985600239514,0
2021-04-05,2021-04-05,2021-04-05,44,6,0.0,0.0,0.0,0.0,7342.090915431656,33.799887066859135,0.004551510254244713,0
2021-04-06,2021-04-06,2021-04-06,10,6,0.0,0.0,0.0,0.0,13139.921733613472,33.799887066859135,0.008145702525259256,1
2021-04-07,2021-04-07,2021-04-07,20,6,0.0,0.0,0.0,0.0,8537.437233613471,33.799887066859135,0.005292529547964306,0
2021-04-08,2021-04-08,2021-04-08,20,6,0.0,0.0,0.0,0.0,9625.317733613472,33.799887066859135,0.005966928613322618,0
2021-04-09,2021-04-09,2021-04-09,18,6,0.0,0.0,0.0,0.0,12409.064400280138,33.799887066859135,0.007692629322356669,1
2021-04-10,2021-04-10,2021-04-10,4,6,0.0,0.0,0.0,0.0,13352.570233613473,33.799887066859135,0.00827752761969734,1
2021-04-11,2021-04-11,2021-04-11,15,6,0.0,0.0,0.0,0.0,9783.309066946806,33.799887066859135,0.006064870627665843,0
2021-04-12,2021-04-12,2021-04-12,29,6,0.0,0.0,0.0,0.0,10511.075319820367,33.799887066859135,0.006516027607441886,0
2021-04-13,2021-04-13,2021-04-13,45,6,0.0,0.0,0.0,0.0,10929.761681067901,33.799887066859135,0.0067755797280135924,0
2021-04-14,2021-04-14,2021-04-14,46,6,0.0,0.0,0.0,0.0,26734.253353343047,33.799887066859135,0.016573102904727938,1
2021-04-15,2021-04-15,2021-04-15,37,6,0.0,0.0,0.0,0.0,17599.13064476492,33.799887066859135,0.01091005607504528,1
2021-04-16,2021-04-16,2021-04-16,46,6,0.0,0.0,0.0,0.0,9584.958429860175,33.799887066859135,0.005941909066846938,0
2021-04-17,2021-04-17,2021-04-17,22,6,0.0,0.0,0.0,0.0,8587.177279068017,33.799887066859135,0.005323364405437553,0
2021-04-18,2021-04-18,2021-04-18,38,6,0.0,0.0,0.0,0.0,13886.746476912844,33.799887066859135,0.008608674247675054,1
2021-04-19,2021-04-19,2021-04-19,30,6,0.0,0.0,0.0,0.0,2454.644874487652,33.799887066859135,0.0015216838698193826,0
2021-04-20,2021-04-20,2021-04-20,16,6,0.0,0.0,0.0,0.0,14804.379796610756,33.799887066859135,0.009177533651944104,1
2021-04-21,2021-04-21,2021-04-21,18,6,0.0,0.0,0.0,0.0,14564.673792179014,33.799887066859135,0.009028935064737566,1
2021-04-22,2021-04-22,2021-04-22,20,6,0.0,0.0,0.0,0.0,9597.092733613474,33.799887066859135,0.005949431366502092,0
2021-04-23,2021-04-23,2021-04-23,12,6,0.0,0.0,0.0,0.0,9020.602733613472,33.799887066859135,0.005592053587243787,0
2021-04-24,2021-04-24,2021-04-24,41,6,0.0,0.0,0.0,0.0,71792.66446150848,33.799887066859135,0.044505720814394835,1
2021-04-25,2021-04-25,2021-04-25,10,6,0.0,0.0,0.0,0.0,3023.0121255123486,33.799887066859135,0.0018740261931456384,0
2021-04-26,2021-04-26,2021-04-26,28,6,0.0,0.0,0.0,0.0,5883.634052100815,33.799887066859135,0.0036473834264398805,0
2021-04-27,2021-04-27,2021-04-27,29,6,0.0,0.0,0.0,0.0,11616.52325085485,33.799887066859135,0.007201317077647424,0
2021-04-28,2021-04-28,2021-04-28,16,6,0.0,0.0,0.0,0.0,3249.9572663865274,33.799887066859135,0.0020147140636361536,0
2021-04-29,2021-04-29,2021-04-29,43,6,0.0,0.0,0.0,0.0,11281.08843128789,33.799887066859135,0.006993374267012806,0
2021-04-30,2021-04-30,2021-04-30,26,6,0.0,0.0,0.0,0.0,2732.677874487652,33.799887066859135,0.0016940421346644348,0
2021-05-01,2021-05-01,2021-05-01,32,6,0.0,0.0,0.0,0.0,4685.322578886529,33.799887066859135,0.0029045259733061434,0
2021-05-02,2021-05-02,2021-05-02,21,6,0.0,0.0,0.0,0.0,11571.4491621849,33.799887066859135,0.007173374740900976,0
2021-05-03,2021-05-03,2021-05-03,21,6,0.0,0.0,0.0,0.0,10813.699162184901,33.799887066859135,0.006703630231485411,0
2021-05-04,2021-05-04,2021-05-04,28,6,0.0,0.0,0.0,0.0,15473.456411226633,33.799887066859135,0.009592307741147884,1
2021-05-05,2021-05-05,2021-05-05,40,6,0.0,0.0,0.0,0.0,10002.575733613472,33.799887066859135,0.006200798457114236,0
2021-05-06,2021-05-06,2021-05-06,33,6,0.0,0.0,0.0,0.0,12285.154400280138,33.799887066859135,0.007615815013994171,0
2021-05-07,2021-05-07,2021-05-07,7,6,0.0,0.0,0.0,0.0,6959.9191621849,33.799887066859135,0.004314594275701151,0
2021-05-08,2021-05-08,2021-05-08,38,6,0.0,0.0,0.0,0.0,3659.8026913475946,33.799887066859135,0.0022687855094752174,0
2021-05-09,2021-05-09,2021-05-09,30,6,0.0,0.0,0.0,0.0,5395.841400280138,33.799887066859135,0.003344990922413457,0
2021-05-10,2021-05-10,2021-05-10,10,6,0.0,0.0,0.0,0.0,12042.847733613471,33.799887066859135,0.0074656042238107935,0
2021-05-11,2021-05-11,2021-05-11,20,6,0.0,0.0,0.0,0.0,5923.658733613472,33.799887066859135,0.003672195533838993,0
2021-05-12,2021-05-12,2021-05-12,26,6,0.0,0.0,0.0,0.0,11045.215425921164,33.799887066859135,0.006847151833241288,0
2021-05-13,2021-05-13,2021-05-13,20,6,0.0,0.0,0.0,0.0,10975.740733613471,33.799887066859135,0.00680408307012037,0
2021-05-14,2021-05-14,2021-05-14,19,6,0.0,0.0,0.0,0.0,11076.007733613471,33.799887066859135,0.006866240605884898,0
2021-05-15,2021-05-15,2021-05-15,20,6,0.0,0.0,0.0,0.0,11146.079733613471,33.799887066859135,0.006909679652092444,0
2021-05-16,2021-05-16,2021-05-16,6,6,0.0,0.0,0.0,0.0,2717.3162078209853,33.799887066859135,0.0016845191276408267,0
2021-05-17,2021-05-17,2021-05-17,22,6,0.0,0.0,0.0,0.0,12208.254097249835,33.799887066859135,0.00756814296500588,0
2021-05-18,2021-05-18,2021-05-18,9,6,0.0,0.0,0.0,0.0,9361.759955835694,33.799887066859135,0.005803543830709779,0
2021-05-19,2021-05-19,2021-05-19,23,6,0.0,0.0,0.0,0.0,8349.926429265646,33.799887066859135,0.005176287818108169,0
2021-05-20,2021-05-20,2021-05-20,28,6,0.0,0.0,0.0,0.0,9958.223805042044,33.799887066859135,0.006173303801979402,0
2021-05-21,2021-05-21,2021-05-21,15,6,0.0,0.0,0.0,0.0,2839.610266386526,33.799887066859135,0.0017603316813132892,0
2021-05-22,2021-05-22,2021-05-22,11,6,0.0,0.0,0.0,0.0,3330.384852785076,33.799887066859135,0.0020645727467325102,0
2021-05-23,2021-05-23,2021-05-23,24,6,0.0,0.0,0.0,0.0,7454.859400280138,33.799887066859135,0.004621417712631632,0
2021-05-24,2021-05-24,2021-05-24,28,6,0.0,0.0,0.0,0.0,65559.16690924365,33.799887066859135,0.040641449947180344,1
2021-05-25,2021-05-25,2021-05-25,16,6,0.0,0.0,0.0,0.0,12518.330858613472,33.799887066859135,0.007760365803868206,1
2021-05-26,2021-05-26,2021-05-26,22,6,0.0,0.0,0.0,0.0,11889.146824522562,33.799887066859135,0.007370321929996692,0
2021-05-27,2021-05-27,2021-05-27,35,6,0.0,0.0,0.0,0.0,10380.255733613472,33.799887066859135,0.006434929907217925,0
2021-05-28,2021-05-28,2021-05-28,21,6,0.0,0.0,0.0,0.0,2732.677874487652,33.799887066859135,0.0016940421346644348,0
2021-05-29,2021-05-29,2021-05-29,13,6,0.0,0.0,0.0,0.0,11355.83004130578,33.799887066859135,0.007039708098660161,0
2021-05-30,2021-05-30,2021-05-30,11,6,0.0,0.0,0.0,0.0,11399.807733613472,33.799887066859135,0.007066970757186464,0
2021-05-31,2021-05-31,2021-05-31,34,6,0.0,0.0,0.0,0.0,11354.444204201707,33.799887066859135,0.007038848990285918,0
2021-06-01,2021-06-01,2021-06-01,30,6,0.0,0.0,0.0,0.0,14668.073266386522,33.799887066859135,0.009093034484447806,1
2021-06-02,2021-06-02,2021-06-02,14,6,0.0,0.0,0.0,0.0,2732.677874487652,33.799887066859135,0.0016940421346644348,0
2021-06-03,2021-06-03,2021-06-03,46,6,0.0,0.0,0.0,0.0,69866.59878812564,33.799887066859135,0.043311713853200005,1
2021-06-04,2021-06-04,2021-06-04,2,6,0.0,0.0,0.0,0.0,12293.907733613472,33.799887066859135,0.007621241381889146,0
2021-06-05,2021-06-05,2021-06-05,15,6,0.0,0.0,0.0,0.0,10344.943733613472,33.799887066859135,0.0064130392861470155,0
2021-06-06,2021-06-06,2021-06-06,23,6,0.0,0.0,0.0,0.0,29195.59617943001,33.799887066859135,0.018098938969846705,1
2021-06-07,2021-06-07,2021-06-07,29,6,0.0,0.0,0.0,0.0,7879.243940510022,33.799887066859135,0.004884502249291265,0
2021-06-08,2021-06-08,2021-06-08,37,6,0.0,0.0,0.0,0.0,11909.783409289148,33.799887066859135,0.007383114965149699,0
2021-06-09,2021-06-09,2021-06-09,22,6,0.0,0.0,0.0,0.0,7186.479551795292,33.799887066859135,0.004455043631122508,0
2021-06-10,2021-06-10,2021-06-10,31,6,0.0,0.0,0.0,0.0,2728.442249742502,33.799887066859135,0.0016914163854490221,0
2021-06-11,2021-06-11,2021-06-11,20,6,0.0,0.0,0.0,0.0,33844.59712551236,33.799887066859135,0.020980948430341536,1
2021-06-12,2021-06-12,2021-06-12,19,6,0.0,0.0,0.0,0.0,11249.461944139788,33.799887066859135,0.00697376836969849,0
2021-06-13,2021-06-13,2021-06-13,15,6,0.0,0.0,0.0,0.0,12401.123066946806,33.799887066859135,0.007687706329640375,1
2021-06-14,2021-06-14,2021-06-14,34,6,0.0,0.0,0.0,0.0,5840.609204201707,33.799887066859135,0.0036207114553820836,0
2021-06-15,2021-06-15,2021-06-15,33,6,0.0,0.0,0.0,0.0,10332.211369977109,33.799887066859135,0.00640514623710701,0
2021-06-16,2021-06-16,2021-06-16,24,6,0.0,0.0,0.0,0.0,10182.085233613472,33.799887066859135,0.0063120800170125314,0
2021-06-17,2021-06-17,2021-06-17,28,6,0.0,0.0,0.0,0.0,8300.194519327757,33.799887066859135,0.005145458004005796,0
2021-06-18,2021-06-18,2021-06-18,18,6,0.0,0.0,0.0,0.0,11603.47551139125,33.799887066859135,0.007193228520770734,0
2021-06-19,2021-06-19,2021-06-19,23,6,0.0,0.0,0.0,0.0,106500.20748377783,33.799887066859135,0.06602162681243587,1
2021-06-20,2021-06-20,2021-06-20,7,6,0.0,0.0,0.0,0.0,2732.677874487652,33.799887066859135,0.0016940421346644348,0
2021-06-21,2021-06-21,2021-06-21,27,6,0.0,0.0,0.0,0.0,10152.964029909768,33.799887066859135,0.006294027195438943,0
2021-06-22,2021-06-22,2021-06-22,44,6,0.0,0.0,0.0,0.0,10933.191142704381,33.799887066859135,0.006777705720456995,0
2021-06-23,2021-06-23,2021-06-23,20,6,0.0,0.0,0.0,0.0,1689.976703389247,33.799887066859135,0.0010476506465949434,0
2021-06-24,2021-06-24,2021-06-24,12,6,0.0,0.0,0.0,0.0,9780.365233613473,33.799887066859135,0.006063045686003067,0
2021-06-25,2021-06-25,2021-06-25,23,6,0.0,0.0,0.0,0.0,11558.874255352603,33.799887066859135,0.007165579302509839,0
2021-06-26,2021-06-26,2021-06-26,13,6,0.0,0.0,0.0,0.0,2725.587874487652,33.799887066859135,0.0016896469006535389,0
2021-06-27,2021-06-27,2021-06-27,19,6,0.0,0.0,0.0,0.0,9275.964371649688,33.799887066859135,0.005750357417508225,0
2021-06-28,2021-06-28,2021-06-28,39,6,0.0,0.0,0.0,0.0,2725.8594129491903,33.799887066859135,0.0016898152328229917,0
2021-06-29,2021-06-29,2021-06-29,26,6,0.0,0.0,0.0,0.0,12223.103502844242,33.799887066859135,0.007577348411058083,0
2021-06-30,2021-06-30,2021-06-30,41,6,0.0,0.0,0.0,0.0,25271.213485898727,33.799887066859135,0.01566613498023035,1
2021-07-01,2021-07-01,2021-07-01,15,6,0.0,0.0,0.0,0.0,11048.538400280138,33.799887066859135,0.006849211812073432,0
2021-07-02,2021-07-02,2021-07-02,33,6,0.0,0.0,0.0,0.0,15812.389842144099,33.799887066859135,0.00980241941152843,1
2021-07-03,2021-07-03,2021-07-03,18,6,0.0,0.0,0.0,0.0,6180.649955835696,33.799887066859135,0.0038315095762103367,0
2021-07-04,2021-07-04,2021-07-04,25,6,0.0,0.0,0.0,0.0,8142.032933613472,33.799887066859135,0.005047410446777496,0
2021-07-05,2021-07-05,2021-07-05,23,6,0.0,0.0,0.0,0.0,11089.212081439558,33.799887066859135,0.006874426247444407,0
2021-07-06,2021-07-06,2021-07-06,35,6,0.0,0.0,0.0,0.0,10713.995733613472,33.799887066859135,0.006641822065017135,0
2021-07-07,2021-07-07,2021-07-07,13,6,0.0,0.0,0.0,0.0,12223.927733613473,33.799887066859135,0.007577859368337315,0
2021-07-08,2021-07-08,2021-07-08,29,6,0.0,0.0,0.0,0.0,10181.402561199679,33.799887066859135,0.006311656814613179,0
2021-07-09,2021-07-09,2021-07-09,16,6,0.0,0.0,0.0,0.0,12472.722733613471,33.799887066859135,0.007732092407228829,1
2021-07-10,2021-07-10,2021-07-10,36,6,0.0,0.0,0.0,0.0,2732.677874487652,33.799887066859135,0.0016940421346644348,0
2021-07-11,2021-07-11,2021-07-11,3,6,0.0,0.0,0.0,0.0,13475.237733613472,33.799887066859135,0.00835357167724763,1
2021-07-12,2021-07-12,2021-07-12,14,6,0.0,0.0,0.0,0.0,12028.474876470615,33.799887066859135,0.007456694199756063,0
2021-07-13,2021-07-13,2021-07-13,53,6,0.0,0.0,0.0,0.0,2654.07994995935,33.799887066859135,0.0016453176958671678,0
2021-07-14,2021-07-14,2021-07-14,3,6,0.0,0.0,0.0,0.0,12837.324400280138,33.799887066859135,0.00795811633469888,1
2021-07-15,2021-07-15,2021-07-15,33,6,0.0,0.0,0.0,0.0,8905.19561240135,33.799887066859135,0.0055205103849516705,0
2021-07-16,2021-07-16,2021-07-16,15,6,0.0,0.0,0.0,0.0,4668.1177336134715,33.799887066859135,0.0028938603426860664,0
2021-07-17,2021-07-17,2021-07-17,59,6,0.0,0.0,0.0,0.0,56893.00602381743,33.799887066859135,0.03526912201099966,1
2021-07-18,2021-07-18,2021-07-18,14,6,0.0,0.0,0.0,0.0,9694.35559075633,33.799887066859135,0.006009726573513543,0
2021-07-19,2021-07-19,2021-07-19,38,6,0.0,0.0,0.0,0.0,9642.707470455578,33.799887066859135,0.005977708861955757,0
2021-07-20,2021-07-20,2021-07-20,39,6,0.0,0.0,0.0,0.0,11334.481579767318,33.799887066859135,0.00702647375673715,0
2021-07-21,2021-07-21,2021-07-21,12,6,0.0,0.0,0.0,0.0,16861.558099719856,33.799887066859135,0.010452819976951471,1
2021-07-22,2021-07-22,2021-07-22,30,6,0.0,0.0,0.0,0.0,9222.582066946805,33.799887066859135,0.005717264650059689,0
2021-07-23,2021-07-23,2021-07-23,45,6,0.0,0.0,0.0,0.0,7132.266844724584,33.799887066859135,0.004421436080496287,0
2021-07-24,2021-07-24,2021-07-24,16,6,0.0,0.0,0.0,0.0,10820.767108613472,33.799887066859135,0.00670801179404254,0
2021-07-25,2021-07-25,2021-07-25,9,6,0.0,0.0,0.0,0.0,10189.961066946806,33.799887066859135,0.006316962404957639,0
2021-07-26,2021-07-26,2021-07-26,25,6,0.0,0.0,0.0,0.0,12456.224133613472,33.799887066859135,0.007721864592299045,1
2021-07-27,2021-07-27,2021-07-27,13,6,0.0,0.0,0.0,0.0,12119.076964382702,33.799887066859135,0.007512860261568388,0
2021-07-28,2021-07-28,2021-07-28,25,6,0.0,0.0,0.0,0.0,2156.662674487652,33.799887066859135,0.0013369586935032213,0
2021-07-29,2021-07-29,2021-07-29,25,6,0.0,0.0,0.0,0.0,10802.368533613473,33.799887066859135,0.006696606146286262,0
2021-07-30,2021-07-30,2021-07-30,7,6,0.0,0.0,0.0,0.0,13227.837733613473,33.799887066859135,0.008200203426994367,1
2021-07-31,2021-07-31,2021-07-31,13,6,0.0,0.0,0.0,0.0,12621.53927207501,33.799887066859135,0.007824346781168173,1
2021-08-01,2021-08-01,2021-08-01,25,6,0.0,0.0,0.0,0.0,106188.67292551236,33.799887066859135,0.06582850025586917,1
2021-08-02,2021-08-02,2021-08-02,36,6,0.0,0.0,0.0,0.0,9011.716066946807,33.799887066859135,0.005586544563326041,0
2021-08-03,2021-08-03,2021-08-03,28,6,0.0,0.0,0.0,0.0,8828.4916621849,33.799887066859135,0.005472960059033278,0
2021-08-04,2021-08-04,2021-08-04,53,6,0.0,0.0,0.0,0.0,44264.32564566734,33.799887066859135,0.027440348314133802,1
2021-08-05,2021-08-05,2021-08-05,32,6,0.0,0.0,0.0,0.0,9528.795858613472,33.799887066859135,0.005907092756087718,0
2021-08-06,2021-08-06,2021-08-06,46,6,0.0,0.0,0.0,0.0,11657.19512491782,33.799887066859135,0.007226530392762859,0
2021-08-07,2021-08-07,2021-08-07,29,6,0.0,0.0,0.0,0.0,3003.7612319037707,33.799887066859135,0.0018620921758919628,0
2021-08-08,2021-08-08,2021-08-08,25,6,0.0,0.0,0.0,0.0,2217.905874487652,33.799887066859135,0.0013749245885069025,0
2021-08-09,2021-08-09,2021-08-09,32,6,0.0,0.0,0.0,0.0,8235.345703886529,33.799887066859135,0.0051052569152619885,0
2021-08-10,2021-08-10,2021-08-10,18,6,0.0,0.0,0.0,0.0,41933.22671083097,33.799887066859135,0.025995253064323362,1
2021-08-11,2021-08-11,2021-08-11,11,6,0.0,0.0,0.0,0.0,12144.09955179529,33.799887066859135,0.00752837226823079,0
2021-08-12,2021-08-12,2021-08-12,24,6,0.0,0.0,0.0,0.0,9444.539816946806,33.799887066859135,0.005854860736347691,0
2021-08-13,2021-08-13,2021-08-13,9,6,0.0,0.0,0.0,0.0,11630.223289169027,33.799887066859135,0.007209810007738966,0
2021-08-14,2021-08-14,2021-08-14,23,6,0.0,0.0,0.0,0.0,11370.042701169144,33.799887066859135,0.007048518813190028,0
2021-08-15,2021-08-15,2021-08-15,27,6,0.0,0.0,0.0,0.0,73873.60249588272,33.799887066859135,0.04579573627606599,1
2021-08-16,2021-08-16,2021-08-16,38,6,0.0,0.0,0.0,0.0,190810.04252954444,33.799887066859135,0.11828699415322237,1
2021-08-17,2021-08-17,2021-08-17,41,6,0.0,0.0,0.0,0.0,12624.572855564691,33.799887066859135,0.0078262273607632,1
2021-08-18,2021-08-18,2021-08-18,27,6,0.0,0.0,0.0,0.0,8675.650326206065,33.799887066859135,0.0053782106319296185,0
2021-08-19,2021-08-19,2021-08-19,8,6,0.0,0.0,0.0,0.0,8608.651483613472,33.799887066859135,0.005336676697986935,0
2021-08-20,2021-08-20,2021-08-20,25,6,0.0,0.0,0.0,0.0,12306.470533613472,33.799887066859135,0.007629029315010739,0
2021-08-21,2021-08-21,2021-08-21,10,6,0.0,0.0,0.0,0.0,10683.224733613471,33.799887066859135,0.006622746501441779,0
2021-08-22,2021-08-22,2021-08-22,13,6,0.0,0.0,0.0,0.0,3460.238258149215,33.799887066859135,0.002145071491963415,0
2021-08-23,2021-08-23,2021-08-23,25,6,0.0,0.0,0.0,0.0,12757.228533613472,33.799887066859135,0.007908463291355366,1
2021-08-24,2021-08-24,2021-08-24,21,6,0.0,0.0,0.0,0.0,10279.062019327757,33.799887066859135,0.0063721978825751245,0
2021-08-25,2021-08-25,2021-08-25,24,6,0.0,0.0,0.0,0.0,9567.396483613473,33.799887066859135,0.005931022062130292,0
2021-08-26,2021-08-26,2021-08-26,34,6,0.0,0.0,0.0,0.0,7416.149204201707,33.799887066859135,0.004597420481267405,0
2021-08-27,2021-08-27,2021-08-27,31,6,0.0,0.0,0.0,0.0,9707.671927161859,33.799887066859135,0.006017981639052346,0
2021-08-28,2021-08-28,2021-08-28,30,6,0.0,0.0,0.0,0.0,9506.463733613473,33.799887066859135,0.005893248621343631,0
2021-08-29,2021-08-29,2021-08-29,21,6,0.0,0.0,0.0,0.0,11137.600114565852,33.799887066859135,0.0069044229652042155,0
2021-08-30,2021-08-30,2021-08-30,27,6,0.0,0.0,0.0,0.0,12038.371437317175,33.799887066859135,0.00746282927744629,0
2021-08-31,2021-08-31,2021-08-31,47,6,0.0,0.0,0.0,0.0,11529.694116592196,33.799887066859135,0.0071474899459058345,0
2021-09-01,2021-09-01,2021-09-01,25,6,0.0,0.0,0.0,0.0,7641.557325512347,33.799887066859135,0.004737155522327584,0
2021-09-02,2021-09-02,2021-09-02,27,6,0.0,0.0,0.0,0.0,20558.860784905046,33.799887066859135,0.01274485248901109,1
2021-09-03,2021-09-03,2021-09-03,31,6,0.0,0.0,0.0,0.0,7907.159346516698,33.799887066859135,0.004901807572550576,0
2021-09-04,2021-09-04,2021-09-04,12,6,0.0,0.0,0.0,0.0,11175.437733613471,33.799887066859135,0.006927879268466475,0
2021-09-05,2021-09-05,2021-09-05,32,6,0.0,0.0,0.0,0.0,5615.5211711134725,33.799887066859135,0.0034811748434674054,0
2021-09-06,2021-09-06,2021-09-06,48,6,0.0,0.0,0.0,0.0,16486.533724719862,33.799887066859135,0.010220334802351337,1
2021-09-07,2021-09-07,2021-09-07,25,6,0.0,0.0,0.0,0.0,2420.672674487652,33.799887066859135,0.0015006238177932953,0
2021-09-08,2021-09-08,2021-09-08,23,6,0.0,0.0,0.0,0.0,22894.770527256092,33.799887066859135,0.014192930055437659,1
2021-09-09,2021-09-09,2021-09-09,12,6,0.0,0.0,0.0,0.0,9976.323566946805,33.799887066859135,0.006184524209470647,0
2021-09-10,2021-09-10,2021-09-10,26,6,0.0,0.0,0.0,0.0,7195.7488048480645,33.799887066859135,0.004460789828058072,0
2021-09-11,2021-09-11,2021-09-11,8,6,0.0,0.0,0.0,0.0,4558.503983613473,33.799887066859135,0.0028259085680652153,0
2021-09-12,2021-09-12,2021-09-12,24,6,0.0,0.0,0.0,0.0,12168.452733613472,33.799887066859135,0.007543469296862779,0
2021-09-13,2021-09-13,2021-09-13,40,6,0.0,0.0,0.0,0.0,10991.203766386529,33.799887066859135,0.006813668916037964,0
2021-09-14,2021-09-14,2021-09-14,58,6,0.0,0.0,0.0,0.0,10658.684457751402,33.799887066859135,0.0066075334894381485,0
2021-09-15,2021-09-15,2021-09-15,25,6,0.0,0.0,0.0,0.0,10954.569733613473,33.799887066859135,0.006790958740184593,0
2021-09-16,2021-09-16,2021-09-16,24,6,0.0,0.0,0.0,0.0,7864.905599719861,33.799887066859135,0.004875613622619794,0
2021-09-17,2021-09-17,2021-09-17,24,6,0.0,0.0,0.0,0.0,12541.329816946805,33.799887066859135,0.007774623322046183,1
2021-09-18,2021-09-18,2021-09-18,17,6,0.0,0.0,0.0,0.0,11486.210086554649,33.799887066859135,0.007120533318578353,0
2021-09-19,2021-09-19,2021-09-19,16,6,0.0,0.0,0.0,0.0,9202.876483613472,33.799887066859135,0.005705048761474187,0
2021-09-20,2021-09-20,2021-09-20,37,6,0.0,0.0,0.0,0.0,84488.29713125141,33.799887066859135,0.05237599958729966,1
2021-09-21,2021-09-21,2021-09-21,23,6,0.0,0.0,0.0,0.0,10491.12512491782,33.799887066859135,0.006503660079210619,0
2021-09-22,2021-09-22,2021-09-22,17,6,0.0,0.0,0.0,0.0,12651.27596890759,33.799887066859135,0.007842781159347334,1
2021-09-23,2021-09-23,2021-09-23,39,6,0.0,0.0,0.0,0.0,18753.367651001914,33.799887066859135,0.01162559087708301,1
2021-09-24,2021-09-24,2021-09-24,32,6,0.0,0.0,0.0,0.0,6084.758983613472,33.799887066859135,0.003772064828333187,0
2021-09-25,2021-09-25,2021-09-25,20,6,0.0,0.0,0.0,0.0,20139.198125512346,33.799887066859135,0.012484695141526489,1
2021-09-26,2021-09-26,2021-09-26,8,6,0.0,0.0,0.0,0.0,12755.371483613471,33.799887066859135,0.007907312068602202,1
2021-09-27,2021-09-27,2021-09-27,39,6,0.0,0.0,0.0,0.0,8822.249784895524,33.799887066859135,0.005469090593398003,0
2021-09-28,2021-09-28,2021-09-28,27,6,0.0,0.0,0.0,0.0,12003.543659539399,33.799887066859135,0.00744123883549808,0
2021-09-29,2021-09-29,2021-09-29,8,6,0.0,0.0,0.0,0.0,12774.397733613472,33.799887066859135,0.007919106824751682,1
2021-09-30,2021-09-30,2021-09-30,22,6,0.0,0.0,0.0,0.0,11636.137733613472,33.799887066859135,0.00721347649114909,0
2021-10-01,2021-10-01,2021-10-01,20,6,0.0,0.0,0.0,0.0,7894.7962336134715,33.799887066859135,0.0048941434294881205,0
2021-10-02,2021-10-02,2021-10-02,35,6,0.0,0.0,0.0,0.0,5544.265733613471,33.799887066859135,0.0034370021604827397,0
2021-10-03,2021-10-03,2021-10-03,23,6,0.0,0.0,0.0,0.0,20088.3709620387,33.799887066859135,0.012453186357665172,1
2021-10-04,2021-10-04,2021-10-04,34,6,0.0,0.0,0.0,0.0,39827.338442857115,33.799887066859135,0.0246897704495779,1
2021-10-05,2021-10-05,2021-10-05,15,6,0.0,0.0,0.0,0.0,9410.342400280137,33.799887066859135,0.0058336610679671375,0
2021-10-06,2021-10-06,2021-10-06,23,6,0.0,0.0,0.0,0.0,11036.249472743906,33.799887066859135,0.006841593658016354,0
2021-10-07,2021-10-07,2021-10-07,25,6,0.0,0.0,0.0,0.0,10828.749066386526,33.799887066859135,0.006712959970668445,0
2021-10-08,2021-10-08,2021-10-08,11,6,0.0,0.0,0.0,0.0,8021.973188158927,33.799887066859135,0.004972982988870398,0
2021-10-09,2021-10-09,2021-10-09,27,6,0.0,0.0,0.0,0.0,7068.495970090235,33.799887066859135,0.004381903229001579,0
2021-10-10,2021-10-10,2021-10-10,8,6,0.0,0.0,0.0,0.0,38534.38976638652,33.799887066859135,0.02388824548523849,1
2021-10-11,2021-10-11,2021-10-11,13,6,0.0,0.0,0.0,0.0,2732.677874487652,33.799887066859135,0.0016940421346644348,0
2021-10-12,2021-10-12,2021-10-12,46,6,0.0,0.0,0.0,0.0,12285.79555970043,33.799887066859135,0.007616212481651501,0
2021-10-13,2021-10-13,2021-10-13,14,6,0.0,0.0,0.0,0.0,2542.253588773366,33.799887066859135,0.0015759942789420106,0
2021-10-14,2021-10-14,2021-10-14,21,6,0.0,0.0,0.0,0.0,53718.33607591035,33.799887066859135,0.03330108007469356,1
2021-10-15,2021-10-15,2021-10-15,29,6,0.0,0.0,0.0,0.0,11167.840492234162,33.799887066859135,0.006923169585293086,0
2021-10-16,2021-10-16,2021-10-16,26,6,0.0,0.0,0.0,0.0,2604.679028333806,33.799887066859135,0.0016146930680959134,0
2021-10-17,2021-10-17,2021-10-17,48,6,0.0,0.0,0.0,0.0,55066.44893305318,33.799887066859135,0.03413680242733674,1
2021-10-18,2021-10-18,2021-10-18,27,6,0.0,0.0,0.0,0.0,7495.2962521319905,33.799887066859135,0.004646485332737812,0
2021-10-19,2021-10-19,2021-10-19,21,6,0.0,0.0,0.0,0.0,8444.220837815099,33.799887066859135,0.005234742823960619,0
2021-10-20,2021-10-20,2021-10-20,49,6,0.0,0.0,0.0,0.0,24589.449001080407,33.799887066859135,0.01524349542436372,1
2021-10-21,2021-10-21,2021-10-21,11,6,0.0,0.0,0.0,0.0,10162.481357295617,33.799887066859135,0.006299927178657435,0
2021-10-22,2021-10-22,2021-10-22,21,6,0.0,0.0,0.0,0.0,8357.497733613473,33.799887066859135,0.005180981422392571,0
2021-10-23,2021-10-23,2021-10-23,30,6,0.0,0.0,0.0,0.0,10611.720733613472,33.799887066859135,0.006578419729549663,0
2021-10-24,2021-10-24,2021-10-24,5,6,0.0,0.0,0.0,0.0,7646.207733613472,33.799887066859135,0.0047400384041118735,0
2021-10-25,2021-10-25,2021-10-25,14,6,0.0,0.0,0.0,0.0,7416.543447899186,33.799887066859135,0.0045976648808876775,0
2021-10-26,2021-10-26,2021-10-26,34,6,0.0,0.0,0.0,0.0,11895.79096890759,33.799887066859135,0.007374440769118605,0
2021-10-27,2021-10-27,2021-10-27,25,6,0.0,0.0,0.0,0.0,12263.279733613472,33.799887066859135,0.007602254466898214,0
2021-10-28,2021-10-28,2021-10-28,12,6,0.0,0.0,0.0,0.0,5934.597125512346,33.799887066859135,0.003678976463613103,0
2021-10-29,2021-10-29,2021-10-29,7,6,0.0,0.0,0.0,0.0,12265.356305042043,33.799887066859135,0.007603541775412869,0
2021-10-30,2021-10-30,2021-10-30,44,6,0.0,0.0,0.0,0.0,5744.409625512348,33.799887066859135,0.00356107539613112,0
2021-10-31,2021-10-31,2021-10-31,21,6,0.0,0.0,0.0,0.0,7420.614647338911,33.799887066859135,0.00460018869953967,0
2021-11-01,2021-11-01,2021-11-01,36,6,0.0,0.0,0.0,0.0,11562.352455835695,33.799887066859135,0.007167735509147358,0
2021-11-02,2021-11-02,2021-11-02,36,6,0.0,0.0,0.0,0.0,6749.581622502361,33.799887066859135,0.004184201792177758,0
2021-11-03,2021-11-03,2021-11-03,15,6,0.0,0.0,0.0,0.0,10342.541066946804,33.799887066859135,0.006411549824616664,0
2021-11-04,2021-11-04,2021-11-04,10,6,0.0,0.0,0.0,0.0,9775.123733613473,33.799887066859135,0.006059796374427876,0
2021-11-05,2021-11-05,2021-11-05,18,6,0.0,0.0,0.0,0.0,12583.074400280138,33.799887066859135,0.00780050163127571,1
2021-11-06,2021-11-06,2021-11-06,43,6,0.0,0.0,0.0,0.0,10485.220059194868,33.799887066859135,0.006499999409859124,0
2021-11-07,2021-11-07,2021-11-07,14,6,0.0,0.0,0.0,0.0,2726.0943030590806,33.799887066859135,0.0016899608459400315,0
2021-11-08,2021-11-08,2021-11-08,31,6,0.0,0.0,0.0,0.0,10045.72063683928,33.799887066859135,0.006227544852890665,0
2021-11-09,2021-11-09,2021-11-09,37,6,0.0,0.0,0.0,0.0,8119.278752873024,33.799887066859135,0.005033304671166707,0
2021-11-10,2021-11-10,2021-11-10,33,6,0.0,0.0,0.0,0.0,21331.23166032593,33.799887066859135,0.013223660774014656,1
2021-11-11,2021-11-11,2021-11-11,32,6,0.0,0.0,0.0,0.0,2638.104124487652,33.799887066859135,0.0016354139594122533,0
2021-11-12,2021-11-12,2021-11-12,30,6,0.0,0.0,0.0,0.0,12196.554733613471,33.799887066859135,0.007560890293502299,0
2021-11-13,2021-11-13,2021-11-13,47,6,0.0,0.0,0.0,0.0,20560.740564258864,33.799887066859135,0.012746017802149151,1
2021-11-14,2021-11-14,2021-11-14,16,6,0.0,0.0,0.0,0.0,8366.044608613473,33.799887066859135,0.005186279802602285,0
2021-11-15,2021-11-15,2021-11-15,22,6,0.0,0.0,0.0,0.0,12724.025006340746,33.799887066859135,0.007887879755057652,1
2021-11-16,2021-11-16,2021-11-16,24,6,0.0,0.0,0.0,0.0,11985.518983613472,33.799887066859135,0.0074300649753196585,0
2021-11-17,2021-11-17,2021-11-17,19,6,0.0,0.0,0.0,0.0,12246.277207297682,33.799887066859135,0.007591714257880679,0
2021-11-18,2021-11-18,2021-11-18,26,6,0.0,0.0,0.0,0.0,10219.675425921165,33.799887066859135,0.0063353829354479176,0
2021-11-19,2021-11-19,2021-11-19,4,6,0.0,0.0,0.0,0.0,13463.700233613472,33.799887066859135,0.00834641934827715,1
2021-11-20,2021-11-20,2021-11-20,14,6,0.0,0.0,0.0,0.0,11708.652733613471,33.799887066859135,0.007258430002333874,0
2021-11-21,2021-11-21,2021-11-21,15,6,0.0,0.0,0.0,0.0,12796.33040028014,33.799887066859135,0.007932703327217546,1
2021-11-22,2021-11-22,2021-11-22,24,6,0.0,0.0,0.0,0.0,22273.923546610753,33.799887066859135,0.013808054489162001,1
2021-11-23,2021-11-23,2021-11-23,34,6,0.0,0.0,0.0,0.0,12565.09391008406,33.799887066859135,0.007789355162722483,1
2021-11-24,2021-11-24,2021-11-24,13,6,0.0,0.0,0.0,0.0,12550.36004130578,33.799887066859135,0.007780221340273063,1
2021-11-25,2021-11-25,2021-11-25,47,6,0.0,0.0,0.0,0.0,26706.28247915249,33.799887066859135,0.016555763195622606,1
2021-11-26,2021-11-26,2021-11-26,12,6,0.0,0.0,0.0,0.0,6062.741066946805,33.799887066859135,0.003758415477672763,0
2021-11-27,2021-11-27,2021-11-27,19,6,0.0,0.0,0.0,0.0,12636.528259929262,33.799887066859135,0.00783363875707874,1
2021-11-28,2021-11-28,2021-11-28,19,6,0.0,0.0,0.0,0.0,10732.967733613472,33.799887066859135,0.006653583190497349,0
2021-11-29,2021-11-29,2021-11-29,39,6,0.0,0.0,0.0,0.0,11837.064143869882,33.799887066859135,0.007338034825711319,0
2021-11-30,2021-11-30,2021-11-30,26,6,0.0,0.0,0.0,0.0,5156.708420232682,33.799887066859135,0.003196747564581092,0
2021-12-01,2021-12-01,2021-12-01,5,6,0.0,0.0,0.0,0.0,12580.177733613473,33.799887066859135,0.007798705929180991,1
2021-12-02,2021-12-02,2021-12-02,24,6,0.0,0.0,0.0,0.0,9430.154400280138,33.799887066859135,0.005845942926390815,0
2021-12-03,2021-12-03,2021-12-03,18,6,0.0,0.0,0.0,0.0,11036.342733613472,33.799887066859135,0.006841651472310542,0
2021-12-04,2021-12-04,2021-12-04,33,6,0.0,0.0,0.0,0.0,5301.007127552866,33.799887066859135,0.003286201243867691,0
2021-12-05,2021-12-05,2021-12-05,5,6,0.0,0.0,0.0,0.0,2732.677874487652,33.799887066859135,0.0016940421346644348,0
2021-12-06,2021-12-06,2021-12-06,14,6,0.0,0.0,0.0,0.0,12619.274876470616,33.799887066859135,0.007822943036658363,1
2021-12-07,2021-12-07,2021-12-07,44,6,0.0,0.0,0.0,0.0,14262.17439823962,33.799887066859135,0.008841409588783008,1
2021-12-08,2021-12-08,2021-12-08,12,6,0.0,0.0,0.0,0.0,7897.280233613471,33.799887066859135,0.004895683311192361,0
2021-12-09,2021-12-09,2021-12-09,21,6,0.0,0.0,0.0,0.0,9136.95297170871,33.799887066859135,0.005664181446715159,0
2021-12-10,2021-12-10,2021-12-10,22,6,0.0,0.0,0.0,0.0,11871.295915431654,33.799887066859135,0.007359255791384312,0
2021-12-11,2021-12-11,2021-12-11,19,6,0.0,0.0,0.0,0.0,11881.752996771367,33.799887066859135,0.007365738347034384,0
2021-12-12,2021-12-12,2021-12-12,22,6,0.0,0.0,0.0,0.0,41674.91772093197,33.799887066859135,0.02583512211118877,1
2021-12-13,2021-12-13,2021-12-13,21,6,0.0,0.0,0.0,0.0,10848.83059075633,33.799887066859135,0.006725408912685482,0
2021-12-14,2021-12-14,2021-12-14,27,6,0.0,0.0,0.0,0.0,8291.913289169028,33.799887066859135,0.005140324302391451,0
2021-12-15,2021-12-15,2021-12-15,36,6,0.0,0.0,0.0,0.0,55227.61948860875,33.799887066859135,0.034236715305662954,1
2021-12-16,2021-12-16,2021-12-16,20,6,0.0,0.0,0.0,0.0,2234.3442663865244,33.799887066859135,0.0013851150792203524,0
2021-12-17,2021-12-17,2021-12-17,20,6,0.0,0.0,0.0,0.0,12143.521733613472,33.799887066859135,0.007528014067084832,0
2021-12-18,2021-12-18,2021-12-18,16,6,0.0,0.0,0.0,0.0,12952.836483613472,33.799887066859135,0.008029724605127103,1
2021-12-19,2021-12-19,2021-12-19,11,6,0.0,0.0,0.0,0.0,9930.98136997711,33.799887066859135,0.0061564156669812325,0
2021-12-20,2021-12-20,2021-12-20,26,6,0.0,0.0,0.0,0.0,10414.151195151933,33.799887066859135,0.006455942387523829,0
2021-12-21,2021-12-21,2021-12-21,53,6,0.0,0.0,0.0,0.0,18039.483964499734,33.799887066859135,0.011183039980222909,1
2021-12-22,2021-12-22,2021-12-22,18,6,0.0,0.0,0.0,0.0,11878.243289169028,33.799887066859135,0.007363562608498121,0
2021-12-23,2021-12-23,2021-12-23,26,6,0.0,0.0,0.0,0.0,6633.1108105365465,33.799887066859135,0.004111999186531945,0
2021-12-24,2021-12-24,2021-12-24,16,6,0.0,0.0,0.0,0.0,27690.970391386523,33.799887066859135,0.017166191094348852,1
2021-12-25,2021-12-25,2021-12-25,26,6,0.0,0.0,0.0,0.0,11690.320425921163,33.799887066859135,0.007247065435018296,0
2021-12-26,2021-12-26,2021-12-26,11,6,0.0,0.0,0.0,0.0,13068.846824522563,33.799887066859135,0.00810164175547679,1
2021-12-27,2021-12-27,2021-12-27,42,6,0.0,0.0,0.0,0.0,12616.665590756329,33.799887066859135,0.007821325487812723,1
2021-12-28,2021-12-28,2021-12-28,27,6,0.0,0.0,0.0,0.0,10333.92402990977,33.799887066859135,0.0064062079495449675,0
2021-12-29,2021-12-29,2021-12-29,14,6,0.0,0.0,0.0,0.0,9014.559162184902,33.799887066859135,0.00558830705541161,0
2021-12-30,2021-12-30,2021-12-30,45,6,0.0,0.0,0.0,0.0,31601.66048860875,33.799887066859135,0.01959050676732275,1
2021-12-31,2021-12-31,2021-12-31,12,6,0.0,0.0,0.0,0.0,5892.636900280139,33.799887066859135,0.003652964473620797,0
2022-01-01,2022-01-01,2022-01-01,33,6,0.0,0.0,0.0,0.0,5743.461660325922,33.799887066859135,0.003560487733390849,0
2022-01-02,2022-01-02,2022-01-02,17,6,0.0,0.0,0.0,0.0,11648.580674789942,33.799887066859135,0.007221190121368329,0
2022-01-03,2022-01-03,2022-01-03,22,6,0.0,0.0,0.0,0.0,9259.409097249836,33.799887066859135,0.0057400944689748054,0
2022-01-04,2022-01-04,2022-01-04,27,6,0.0,0.0,0.0,0.0,10815.883289169027,33.799887066859135,0.006704984215858436,0
2022-01-05,2022-01-05,2022-01-05,3,6,0.0,0.0,0.0,0.0,13510.827733613472,33.799887066859135,0.008375634636126022,1
2022-01-06,2022-01-06,2022-01-06,13,6,0.0,0.0,0.0,0.0,24679.370727924987,33.799887066859135,0.015299239716626879,1
2022-01-07,2022-01-07,2022-01-07,7,6,0.0,0.0,0.0,0.0,12820.957733613472,33.799887066859135,0.00794797030790363,1
2022-01-08,2022-01-08,2022-01-08,22,6,0.0,0.0,0.0,0.0,16485.81070570166,33.799887066859135,0.01021988658827809,1
2022-01-09,2022-01-09,2022-01-09,3,6,0.0,0.0,0.0,0.0,11797.541066946806,33.799887066859135,0.007313533673115047,0
2022-01-10,2022-01-10,2022-01-10,27,6,0.0,0.0,0.0,0.0,11127.462548428288,33.799887066859135,0.006898138483472829,0
2022-01-11,2022-01-11,2022-01-11,16,6,0.0,0.0,0.0,0.0,12695.838358613471,33.799887066859135,0.007870406283584583,1
2022-01-12,2022-01-12,2022-01-12,15,6,0.0,0.0,0.0,0.0,7740.507733613471,33.799887066859135,0.0047984968762173,0
2022-01-13,2022-01-13,2022-01-13,14,6,0.0,0.0,0.0,0.0,11991.541305042043,33.799887066859135,0.007433798333848206,0
2022-01-14,2022-01-14,2022-01-14,19,6,0.0,0.0,0.0,0.0,10039.952470455577,33.799887066859135,0.006223969050200938,0
2022-01-15,2022-01-15,2022-01-15,15,6,0.0,0.0,0.0,0.0,12892.295733613471,33.799887066859135,0.007992194173047393,1
2022-01-16,2022-01-16,2022-01-16,28,6,0.0,0.0,0.0,0.0,15040.344982655204,33.799887066859135,0.0093238132303771,1
2022-01-17,2022-01-17,2022-01-17,14,6,0.0,0.0,0.0,0.0,12614.441305042043,33.799887066859135,0.007819946608232839,1
2022-01-18,2022-01-18,2022-01-18,58,6,0.0,0.0,0.0,0.0,1647.3145137340746,33.799887066859135,0.0010212034946976648,0
2022-01-19,2022-01-19,2022-01-19,6,6,0.0,0.0,0.0,0.0,12024.576066946805,33.799887066859135,0.007454277249090188,0
2022-01-20,2022-01-20,2022-01-20,24,6,0.0,0.0,0.0,0.0,10393.411066946805,33.799887066859135,0.006443085163704715,0
2022-01-21,2022-01-21,2022-01-21,6,6,0.0,0.0,0.0,0.0,13088.884400280138,33.799887066859135,0.008114063452862627,1
2022-01-22,2022-01-22,2022-01-22,44,6,0.0,0.0,0.0,0.0,3926.2336300228944,33.799887066859135,0.0024339514224823544,0
2022-01-23,2022-01-23,2022-01-23,19,6,0.0,0.0,0.0,0.0,26600.56331901811,33.799887066859135,0.016490225755816403,1
2022-01-24,2022-01-24,2022-01-24,47,6,0.0,0.0,0.0,0.0,11952.854116592196,33.799887066859135,0.0074098153653770205,0
2022-01-25,2022-01-25,2022-01-25,19,6,0.0,0.0,0.0,0.0,9879.092470455576,33.799887066859135,0.0061242486915277766,0
2022-01-26,2022-01-26,2022-01-26,20,6,0.0,0.0,0.0,0.0,11776.010233613471,33.799887066859135,0.007300186275237812,0
2022-01-27,2022-01-27,2022-01-27,26,6,0.0,0.0,0.0,0.0,10343.253887459627,33.799887066859135,0.006411991716430716,0
2022-01-28,2022-01-28,2022-01-28,25,6,0.0,0.0,0.0,0.0,11008.513466386523,33.799887066859135,0.006824399548218273,0
2022-01-29,2022-01-29,2022-01-29,22,6,0.0,0.0,0.0,0.0,2444.055006340748,33.799887066859135,0.001515118996949118,0
2022-01-30,2022-01-30,2022-01-30,24,6,0.0,0.0,0.0,0.0,8845.769816946806,33.799887066859135,0.005483671135684202,0
2022-01-31,2022-01-31,2022-01-31,38,6,0.0,0.0,0.0,0.0,47887.876638716014,33.799887066859135,0.02968666066460815,1
2022-02-01,2022-02-01,2022-02-01,27,6,0.0,0.0,0.0,0.0,12058.87699287273,33.799887066859135,0.007475541084948419,0
2022-02-02,2022-02-02,2022-02-02,19,6,0.0,0.0,0.0,0.0,9782.745628350314,33.799887066859135,0.006064521340714876,0
2022-02-03,2022-02-03,2022-02-03,14,6,0.0,0.0,0.0,0.0,11780.237733613472,33.799887066859135,0.007302806987759825,0
2022-02-04,2022-02-04,2022-02-04,24,6,0.0,0.0,0.0,0.0,12097.200233613472,33.799887066859135,0.007499298434893617,0
2022-02-05,2022-02-05,2022-02-05,23,6,0.0,0.0,0.0,0.0,10100.974255352601,33.799887066859135,0.006261797685516168,0
2022-02-06,2022-02-06,2022-02-06,17,6,0.0,0.0,0.0,0.0,88828.65756050417,33.799887066859135,0.05506667656588901,1
2022-02-07,2022-02-07,2022-02-07,26,6,0.0,0.0,0.0,0.0,9942.561195151933,33.799887066859135,0.006163594234181319,0
2022-02-08,2022-02-08,2022-02-08,32,6,0.0,0.0,0.0,0.0,11001.507733613471,33.799887066859135,0.006820056553161098,0
2022-02-09,2022-02-09,2022-02-09,8,6,0.0,0.0,0.0,0.0,9919.463983613472,33.799887066859135,0.006149275806859641,0
2022-02-10,2022-02-10,2022-02-10,51,6,0.0,0.0,0.0,0.0,9088.787168347315,33.799887066859135,0.005634322493669161,0
2022-02-11,2022-02-11,2022-02-11,15,6,0.0,0.0,0.0,0.0,21321.40426638652,33.799887066859135,0.013217568574285325,1
2022-02-12,2022-02-12,2022-02-12,26,6,0.0,0.0,0.0,0.0,11847.010425921164,33.799887066859135,0.007344200726579268,0
2022-02-13,2022-02-13,2022-02-13,50,6,0.0,0.0,0.0,0.0,14618.027396610756,33.799887066859135,0.009062010040309116,1
2022-02-14,2022-02-14,2022-02-14,20,6,0.0,0.0,0.0,0.0,12326.989733613473,33.799887066859135,0.007641749580979198,1
2022-02-15,2022-02-15,2022-02-15,50,6,0.0,0.0,0.0,0.0,12615.574933613472,33.799887066859135,0.007820649367450451,1
2022-02-16,2022-02-16,2022-02-16,12,6,0.0,0.0,0.0,0.0,11495.539400280139,33.799887066859135,0.007126316748336405,0
2022-02-17,2022-02-17,2022-02-17,37,6,0.0,0.0,0.0,0.0,11852.068003883742,33.799887066859135,0.007347336021173609,0
2022-02-18,2022-02-18,2022-02-18,26,6,0.0,0.0,0.0,0.0,10042.461195151933,33.799887066859135,0.0062255242592431665,0
2022-02-19,2022-02-19,2022-02-19,34,6,0.0,0.0,0.0,0.0,20148.088596100584,33.799887066859135,0.012490206523571945,1
2022-02-20,2022-02-20,2022-02-20,4,6,0.0,0.0,0.0,0.0,10898.102733613472,33.799887066859135,0.006755953707900635,0
2022-02-21,2022-02-21,2022-02-21,34,6,0.0,0.0,0.0,0.0,10304.123615966413,33.799887066859135,0.006387734071843613,0
2022-02-22,2022-02-22,2022-02-22,23,6,0.0,0.0,0.0,0.0,11529.072951004777,33.799887066859135,0.007147104872828793,0
2022-02-23,2022-02-23,2022-02-23,17,6,0.0,0.0,0.0,0.0,12310.843615966412,33.799887066859135,0.007631740276969848,0
2022-02-24,2022-02-24,2022-02-24,25,6,0.0,0.0,0.0,0.0,9011.792133613471,33.799887066859135,0.005586591718587031,0
2022-02-25,2022-02-25,2022-02-25,17,6,0.0,0.0,0.0,0.0,8419.911851260531,33.799887066859135,0.005219673192863997,0
2022-02-26,2022-02-26,2022-02-26,16,6,0.0,0.0,0.0,0.0,1500.475828389247,33.799887066859135,0.000930175231800228,0
2022-02-27,2022-02-27,2022-02-27,15,6,0.0,0.0,0.0,0.0,5356.759733613473,33.799887066859135,0.0033207634089387297,0
2022-02-28,2022-02-28,2022-02-28,11,6,0.0,0.0,0.0,0.0,11822.124097249836,33.799887066859135,0.007328773189459021,0
2022-03-01,2022-03-01,2022-03-01,47,6,0.0,0.0,0.0,0.0,8491.594819578013,33.799887066859135,0.0052641109108260515,0
2022-03-02,2022-03-02,2022-03-02,74,6,0.0,0.0,0.0,0.0,51250.592942062205,33.799887066859135,0.03177127632969437,1
2022-03-03,2022-03-03,2022-03-03,20,6,0.0,0.0,0.0,0.0,9765.090233613473,33.799887066859135,0.006053576405394261,0
2022-03-04,2022-03-04,2022-03-04,29,6,0.0,0.0,0.0,0.0,8222.514630165195,33.799887066859135,0.005097302673849249,0
2022-03-05,2022-03-05,2022-03-05,28,6,0.0,0.0,0.0,0.0,7656.114876470615,33.799887066859135,0.004746180041803907,0
2022-03-06,2022-03-06,2022-03-06,13,6,0.0,0.0,0.0,0.0,11368.560810536548,33.799887066859135,0.007047600159295978,0
2022-03-07,2022-03-07,2022-03-07,35,6,0.0,0.0,0.0,0.0,11811.934019327757,33.799887066859135,0.007322456154613209,0
2022-03-08,2022-03-08,2022-03-08,30,6,0.0,0.0,0.0,0.0,7263.077066946805,33.799887066859135,0.004502527975797268,0
2022-03-09,2022-03-09,2022-03-09,31,6,0.0,0.0,0.0,0.0,17574.717215965597,33.799887066859135,0.010894921698094452,1
2022-03-10,2022-03-10,2022-03-10,25,6,0.0,0.0,0.0,0.0,11371.715333613472,33.799887066859135,0.007049555711780584,0
2022-03-11,2022-03-11,2022-03-11,13,6,0.0,0.0,0.0,0.0,4552.29226638653,33.799887066859135,0.0028220577992609944,0
2022-03-12,2022-03-12,2022-03-12,23,6,0.0,0.0,0.0,0.0,9711.275994483036,33.799887066859135,0.006020215873081627,0
2022-03-13,2022-03-13,2022-03-13,10,6,0.0,0.0,0.0,0.0,12792.788733613472,33.799887066859135,0.007930507776612666,1
2022-03-14,2022-03-14,2022-03-14,27,6,0.0,0.0,0.0,0.0,10696.052178057917,33.799887066859135,0.006630698492992568,0
2022-03-15,2022-03-15,2022-03-15,39,6,0.0,0.0,0.0,0.0,12077.923631049369,33.799887066859135,0.0074873484801398415,0
2022-03-16,2022-03-16,2022-03-16,25,6,0.0,0.0,0.0,0.0,12004.954933613471,33.799887066859135,0.007442113712763109,0
2022-03-17,2022-03-17,2022-03-17,23,6,0.0,0.0,0.0,0.0,100917.34791856044,33.799887066859135,0.06256069955727381,1
2022-03-18,2022-03-18,2022-03-18,22,6,0.0,0.0,0.0,0.0,12117.491824522564,33.799887066859135,0.007511877601395567,0
2022-03-19,2022-03-19,2022-03-19,38,6,0.0,0.0,0.0,0.0,10192.694838876629,33.799887066859135,0.006318657125319274,0
2022-03-20,2022-03-20,2022-03-20,12,6,0.0,0.0,0.0,0.0,265789.8289330532,33.799887066859135,0.16476847614622825,1
2022-03-21,2022-03-21,2022-03-21,48,6,0.0,0.0,0.0,0.0,2535.0795411543186,33.799887066859135,0.0015715469421167605,0
2022-03-22,2022-03-22,2022-03-22,47,6,0.0,0.0,0.0,0.0,10919.36539318794,33.799887066859135,0.0067691348594554725,0
2022-03-23,2022-03-23,2022-03-23,62,6,0.0,0.0,0.0,0.0,112446.66081477363,33.799887066859135,0.06970795317697719,1
2022-03-24,2022-03-24,2022-03-24,53,6,0.0,0.0,0.0,0.0,7032.37546946253,33.799887066859135,0.004359511402083459,0
2022-03-25,2022-03-25,2022-03-25,11,6,0.0,0.0,0.0,0.0,11482.369551795291,33.799887066859135,0.007118152493614409,0
2022-03-26,2022-03-26,2022-03-26,23,6,0.0,0.0,0.0,0.0,12186.285994483038,33.799887066859135,0.00755452449498677,0
2022-03-27,2022-03-27,2022-03-27,11,6,0.0,0.0,0.0,0.0,5585.262279068017,33.799887066859135,0.0034624167459426924,0
2022-03-28,2022-03-28,2022-03-28,16,6,0.0,0.0,0.0,0.0,12852.883358613472,33.799887066859135,0.007967761646806184,1
2022-03-29,2022-03-29,2022-03-29,41,6,0.0,0.0,0.0,0.0,98020.83202248407,33.799887066859135,0.06076509092828432,1
2022-03-30,2022-03-30,2022-03-30,45,6,0.0,0.0,0.0,0.0,14077.336569956797,33.799887066859135,0.008726824890705602,1
2022-03-31,2022-03-31,2022-03-31,25,6,0.0,0.0,0.0,0.0,44064.91092551235,33.799887066859135,0.02731672710675743,1
2022-04-01,2022-04-01,2022-04-01,14,6,0.0,0.0,0.0,0.0,11420.344162184902,33.799887066859135,0.0070797017034938655,0
2022-04-02,2022-04-02,2022-04-02,30,6,0.0,0.0,0.0,0.0,12236.330400280138,33.799887066859135,0.007585548031575556,0
2022-04-03,2022-04-03,2022-04-03,16,6,0.0,0.0,0.0,0.0,3731.308516386527,33.799887066859135,0.00231311341274578,0
2022-04-04,2022-04-04,2022-04-04,47,6,0.0,0.0,0.0,0.0,15796.045457875885,33.799887066859135,0.009792287198041434,1
2022-04-05,2022-04-05,2022-04-05,29,6,0.0,0.0,0.0,0.0,10748.717388785886,33.799887066859135,0.006663346719421703,0
2022-04-06,2022-04-06,2022-04-06,32,6,0.0,0.0,0.0,0.0,46176.05820388653,33.799887066859135,0.028625469888128446,1
2022-04-07,2022-04-07,2022-04-07,38,6,0.0,0.0,0.0,0.0,12437.96489796548,33.799887066859135,0.007710545323817659,1
2022-04-08,2022-04-08,2022-04-08,5,6,0.0,0.0,0.0,0.0,8356.43573361347,33.799887066859135,0.005180323067171192,0
2022-04-09,2022-04-09,2022-04-09,22,6,0.0,0.0,0.0,0.0,12518.413642704381,33.799887066859135,0.007760417123395983,1
2022-04-10,2022-04-10,2022-04-10,10,6,0.0,0.0,0.0,0.0,2732.677874487652,33.799887066859135,0.0016940421346644348,0
2022-04-11,2022-04-11,2022-04-11,33,6,0.0,0.0,0.0,0.0,3088.634084568346,33.799887066859135,0.0019147065692111586,0
2022-04-12,2022-04-12,2022-04-12,37,6,0.0,0.0,0.0,0.0,10534.310436316175,33.799887066859135,0.006530431524828274,0
2022-04-13,2022-04-13,2022-04-13,30,6,0.0,0.0,0.0,0.0,7339.729733613474,33.799887066859135,0.004550046510008721,0
2022-04-14,2022-04-14,2022-04-14,27,6,0.0,0.0,0.0,0.0,10679.713659539397,33.799887066859135,0.006620569915802125,0
2022-04-15,2022-04-15,2022-04-15,26,6,0.0,0.0,0.0,0.0,10924.92504130578,33.799887066859135,0.0067725813974662125,0
2022-04-16,2022-04-16,2022-04-16,33,6,0.0,0.0,0.0,0.0,10861.804400280138,33.799887066859135,0.006733451638901268,0
2022-04-17,2022-04-17,2022-04-17,10,6,0.0,0.0,0.0,0.0,10272.473733613471,33.799887066859135,0.006368113671369916,0
2022-04-18,2022-04-18,2022-04-18,41,6,0.0,0.0,0.0,0.0,11992.931392150058,33.799887066859135,0.007434660076885619,0
2022-04-19,2022-04-19,2022-04-19,43,6,0.0,0.0,0.0,0.0,29106.404680331685,33.799887066859135,0.018043647360492722,1
2022-04-20,2022-04-20,2022-04-20,28,6,0.0,0.0,0.0,0.0,6763.010233613473,33.799887066859135,0.0041925264590712205,0
2022-04-21,2022-04-21,2022-04-21,19,6,0.0,0.0,0.0,0.0,12851.538786245052,33.799887066859135,0.007966928119273914,1
2022-04-22,2022-04-22,2022-04-22,11,6,0.0,0.0,0.0,0.0,7686.540448204707,33.799887066859135,0.004765041467429666,0
2022-04-23,2022-04-23,2022-04-23,18,6,0.0,0.0,0.0,0.0,11980.172733613472,33.799887066859135,0.007426750727106576,0
2022-04-24,2022-04-24,2022-04-24,36,6,0.0,0.0,0.0,0.0,28233.618655275415,33.799887066859135,0.01750258969877735,1
2022-04-25,2022-04-25,2022-04-25,54,6,0.0,0.0,0.0,0.0,16173.30453291975,33.799887066859135,0.010026157708274428,1
2022-04-26,2022-04-26,2022-04-26,18,6,0.0,0.0,0.0,0.0,10791.99162250236,33.799887066859135,0.006690173289777996,0
2022-04-27,2022-04-27,2022-04-27,23,6,0.0,0.0,0.0,0.0,6559.777733613472,33.799887066859135,0.00406653853296129,0
2022-04-28,2022-04-28,2022-04-28,11,6,0.0,0.0,0.0,0.0,15617.853943694163,33.799887066859135,0.009681822684136704,1
2022-04-29,2022-04-29,2022-04-29,13,6,0.0,0.0,0.0,0.0,45907.274411995364,33.799887066859135,0.028458845393953887,1
2022-04-30,2022-04-30,2022-04-30,49,6,0.0,0.0,0.0,0.0,37047.07326599851,33.799887066859135,0.02296622798630026,1
2022-05-01,2022-05-01,2022-05-01,14,6,0.0,0.0,0.0,0.0,51040.53069694092,33.799887066859135,0.03164105450682241,1
2022-05-02,2022-05-02,2022-05-02,49,6,0.0,0.0,0.0,0.0,12266.590998919595,33.799887066859135,0.007604307187052313,0
2022-05-03,2022-05-03,2022-05-03,17,6,0.0,0.0,0.0,0.0,2725.0308156641227,33.799887066859135,0.0016893015686525168,0
2022-05-04,2022-05-04,2022-05-04,13,6,0.0,0.0,0.0,0.0,12381.536195151933,33.799887066859135,0.00767556403273207,1
2022-05-05,2022-05-05,2022-05-05,12,6,0.0,0.0,0.0,0.0,9579.162733613472,33.799887066859135,0.005938316197839839,0
2022-05-06,2022-05-06,2022-05-06,26,6,0.0,0.0,0.0,0.0,10468.38927207501,33.799887066859135,0.006489565665433264,0
2022-05-07,2022-05-07,2022-05-07,40,6,0.0,0.0,0.0,0.0,11852.636796610754,33.799887066859135,0.007347688627258081,0
2022-05-08,2022-05-08,2022-05-08,16,6,0.0,0.0,0.0,0.0,21077.127266386524,33.799887066859135,0.013066136334725437,1
2022-05-09,2022-05-09,2022-05-09,24,6,0.0,0.0,0.0,0.0,6906.912266386529,33.799887066859135,0.004281734231804816,0
2022-05-10,2022-05-10,2022-05-10,36,6,0.0,0.0,0.0,0.0,11891.481900280138,33.799887066859135,0.007371769490559133,0
2022-05-11,2022-05-11,2022-05-11,21,6,0.0,0.0,0.0,0.0,10581.23297170871,33.799887066859135,0.00655951975098268,0
2022-05-12,2022-05-12,2022-05-12,27,6,0.0,0.0,0.0,0.0,12636.38625213199,33.799887066859135,0.007833550723580801,1
2022-05-13,2022-05-13,2022-05-13,20,6,0.0,0.0,0.0,0.0,18659.234266386535,33.799887066859135,0.011567235693215272,1
2022-05-14,2022-05-14,2022-05-14,33,6,0.0,0.0,0.0,0.0,2563.1930260028034,33.799887066859135,0.0015889750584455146,0
2022-05-15,2022-05-15,2022-05-15,13,6,0.0,0.0,0.0,0.0,10196.876964382704,33.799887066859135,0.006321249709277262,0
2022-05-16,2022-05-16,2022-05-16,47,6,0.0,0.0,0.0,0.0,9042.561563400708,33.799887066859135,0.005605666308755823,0
2022-05-17,2022-05-17,2022-05-17,29,6,0.0,0.0,0.0,0.0,24599.57157673136,33.799887066859135,0.015249770613190087,1
2022-05-18,2022-05-18,2022-05-18,48,6,0.0,0.0,0.0,0.0,17483.355808053195,33.799887066859135,0.010838284918497849,1
2022-05-19,2022-05-19,2022-05-19,34,6,0.0,0.0,0.0,0.0,63891.959772571165,33.799887066859135,0.03960791461427326,1
2022-05-20,2022-05-20,2022-05-20,8,6,0.0,0.0,0.0,0.0,12878.940233613472,33.799887066859135,0.007983914829206419,1
2022-05-21,2022-05-21,2022-05-21,24,6,0.0,0.0,0.0,0.0,11260.906483613471,33.799887066859135,0.00698086307056362,0
2022-05-22,2022-05-22,2022-05-22,53,6,0.0,0.0,0.0,0.0,14119.23622865067,33.799887066859135,0.008752799334279122,1
2022-05-23,2022-05-23,2022-05-23,30,6,0.0,0.0,0.0,0.0,7221.337266386525,33.799887066859135,0.0044766526315052286,0
2022-05-24,2022-05-24,2022-05-24,33,6,0.0,0.0,0.0,0.0,7534.638945734685,33.799887066859135,0.0046708746620753045,0
2022-05-25,2022-05-25,2022-05-25,30,6,0.0,0.0,0.0,0.0,12008.346400280137,33.799887066859135,0.007444216151358336,0
2022-05-26,2022-05-26,2022-05-26,20,6,0.0,0.0,0.0,0.0,16901.067766386535,33.799887066859135,0.010477312816259306,1
2022-05-27,2022-05-27,2022-05-27,27,6,0.0,0.0,0.0,0.0,11297.91477065051,33.799887066859135,0.00700380525418424,0
2022-05-28,2022-05-28,2022-05-28,22,6,0.0,0.0,0.0,0.0,10076.691369977108,33.799887066859135,0.006246744235066937,0
2022-05-29,2022-05-29,2022-05-29,24,6,0.0,0.0,0.0,0.0,7612.303546610756,33.799887066859135,0.004719020514714678,0
2022-05-30,2022-05-30,2022-05-30,27,6,0.0,0.0,0.0,0.0,12714.252548428287,33.799887066859135,0.00788182161127953,1
2022-05-31,2022-05-31,2022-05-31,31,6,0.0,0.0,0.0,0.0,11807.49708845218,33.799887066859135,0.007319705611667043,0
2022-06-01,2022-06-01,2022-06-01,21,6,0.0,0.0,0.0,0.0,8146.190114565853,33.799887066859135,0.0050499875671034975,0
2022-06-02,2022-06-02,2022-06-02,24,6,0.0,0.0,0.0,0.0,2626.365374487652,33.799887066859135,0.0016281368715074008,0
2022-06-03,2022-06-03,2022-06-03,24,6,0.0,0.0,0.0,0.0,7357.508566946805,33.799887066859135,0.004561067967405154,0
2022-06-04,2022-06-04,2022-06-04,27,6,0.0,0.0,0.0,0.0,10667.508103983842,33.799887066859135,0.006613003445717547,0
2022-06-05,2022-06-05,2022-06-05,23,6,0.0,0.0,0.0,0.0,12753.632951004776,33.799887066859135,0.007906234317170496,1
2022-06-06,2022-06-06,2022-06-06,41,6,0.0,0.0,0.0,0.0,10381.902855564691,33.799887066859135,0.006435950991339236,0
2022-06-07,2022-06-07,2022-06-07,70,6,0.0,0.0,0.0,0.0,131601.90369694092,33.799887066859135,0.08158267461600022,1
2022-06-08,2022-06-08,2022-06-08,44,6,0.0,0.0,0.0,0.0,18764.521614792575,33.799887066859135,0.011632505444221094,1
2022-06-09,2022-06-09,2022-06-09,68,6,0.0,0.0,0.0,0.0,4612.379061316635,33.799887066859135,0.0028593068154362444,0
2022-06-10,2022-06-10,2022-06-10,42,6,0.0,0.0,0.0,0.0,17586.821939467896,33.799887066859135,0.010902425660355356,1
2022-06-11,2022-06-11,2022-06-11,40,6,0.0,0.0,0.0,0.0,9265.579733613471,33.799887066859135,0.005743919770923228,0
2022-06-12,2022-06-12,2022-06-12,15,6,0.0,0.0,0.0,0.0,12372.214400280138,33.799887066859135,0.007669785264063084,1
2022-06-13,2022-06-13,2022-06-13,29,6,0.0,0.0,0.0,0.0,3891.3884732830793,33.799887066859135,0.002412350206965029,0
2022-06-14,2022-06-14,2022-06-14,27,6,0.0,0.0,0.0,0.0,30364.313377497638,33.799887066859135,0.018823450334877142,1
2022-06-15,2022-06-15,2022-06-15,23,6,0.0,0.0,0.0,0.0,11124.642951004776,33.799887066859135,0.00689639055815649,0
2022-06-16,2022-06-16,2022-06-16,68,6,0.0,0.0,0.0,0.0,93531.11638403356,33.799887066859135,0.057981825642900844,1
2022-06-17,2022-06-17,2022-06-17,11,6,0.0,0.0,0.0,0.0,11920.701369977109,33.799887066859135,0.0073898832292040514,0
2022-06-18,2022-06-18,2022-06-18,47,6,0.0,0.0,0.0,0.0,9164.274542124112,33.799887066859135,0.005681118639313306,0
2022-06-19,2022-06-19,2022-06-19,13,6,0.0,0.0,0.0,0.0,12931.67004130578,33.799887066859135,0.008016603100596719,1
2022-06-20,2022-06-20,2022-06-20,40,6,0.0,0.0,0.0,0.0,7598.18801638653,33.799887066859135,0.004710270012807295,0
2022-06-21,2022-06-21,2022-06-21,37,6,0.0,0.0,0.0,0.0,8040.0053011810405,33.799887066859135,0.004984161459454758,0
2022-06-22,2022-06-22,2022-06-22,21,6,0.0,0.0,0.0,0.0,11030.255458845682,33.799887066859135,0.0068378778478968534,0
2022-06-23,2022-06-23,2022-06-23,53,6,0.0,0.0,0.0,0.0,24477.15603997142,33.799887066859135,0.015173882752734609,1
2022-06-24,2022-06-24,2022-06-24,13,6,0.0,0.0,0.0,0.0,8795.32850284424,33.799887066859135,0.005452401547630905,0
2022-06-25,2022-06-25,2022-06-25,22,6,0.0,0.0,0.0,0.0,11881.961369977109,33.799887066859135,0.0073658675217876755,0
2022-06-26,2022-06-26,2022-06-26,48,6,0.0,0.0,0.0,0.0,148423.97962551235,33.799887066859135,0.09201101879867021,1
2022-06-27,2022-06-27,2022-06-27,64,6,0.0,0.0,0.0,0.0,39765.633844262346,33.799887066859135,0.02465151852427855,1
2022-06-28,2022-06-28,2022-06-28,30,6,0.0,0.0,0.0,0.0,8940.295599719864,33.799887066859135,0.005542269575084865,0
2022-06-29,2022-06-29,2022-06-29,35,6,0.0,0.0,0.0,0.0,11111.121447899186,33.799887066859135,0.006888008305641945,0
2022-06-30,2022-06-30,2022-06-30,54,6,0.0,0.0,0.0,0.0,47926.34008847533,33.799887066859135,0.02971050493295209,1
2022-07-01,2022-07-01,2022-07-01,21,6,0.0,0.0,0.0,0.0,9858.423447899186,33.799887066859135,0.006111435547534572,0
2022-07-02,2022-07-02,2022-07-02,30,6,0.0,0.0,0.0,0.0,12597.561400280138,33.799887066859135,0.007809482414789933,1
2022-07-03,2022-07-03,2022-07-03,9,6,0.0,0.0,0.0,0.0,10944.524400280137,33.799887066859135,0.006784731435428956,0
2022-07-04,2022-07-04,2022-07-04,27,6,0.0,0.0,0.0,0.0,12182.011437317176,33.799887066859135,0.00755187461077846,0
2022-07-05,2022-07-05,2022-07-05,32,6,0.0,0.0,0.0,0.0,9393.383358613472,33.799887066859135,0.005823147815960716,0
2022-07-06,2022-07-06,2022-07-06,30,6,0.0,0.0,0.0,0.0,10862.58393305319,33.799887066859135,0.006733934886991075,0
2022-07-07,2022-07-07,2022-07-07,33,6,0.0,0.0,0.0,0.0,10892.30258209832,33.799887066859135,0.006752358076982758,0
2022-07-08,2022-07-08,2022-07-08,37,6,0.0,0.0,0.0,0.0,43847.33199611623,33.799887066859135,0.027181845539686035,1
2022-07-09,2022-07-09,2022-07-09,56,6,0.0,0.0,0.0,0.0,19905.517304083776,33.799887066859135,0.012339831686796312,1
2022-07-10,2022-07-10,2022-07-10,23,6,0.0,0.0,0.0,0.0,11459.452516222167,33.799887066859135,0.007103945761007934,0
2022-07-11,2022-07-11,2022-07-11,40,6,0.0,0.0,0.0,0.0,9452.988483613472,33.799887066859135,0.005860098235230631,0
2022-07-12,2022-07-12,2022-07-12,26,6,0.0,0.0,0.0,0.0,12490.355425921163,33.799887066859135,0.0077430232688556885,1
2022-07-13,2022-07-13,2022-07-13,14,6,0.0,0.0,0.0,0.0,6764.929162184901,33.799887066859135,0.004193716041598953,0
2022-07-14,2022-07-14,2022-07-14,59,6,0.0,0.0,0.0,0.0,25578.604130793305,33.799887066859135,0.015856692641312422,1
2022-07-15,2022-07-15,2022-07-15,5,6,0.0,0.0,0.0,0.0,12554.947733613471,33.799887066859135,0.007783065343271976,1
2022-07-16,2022-07-16,2022-07-16,49,6,0.0,0.0,0.0,0.0,36244.920000692386,33.799887066859135,0.02246895699707252,1
2022-07-17,2022-07-17,2022-07-17,10,6,0.0,0.0,0.0,0.0,12861.704733613473,33.799887066859135,0.00797323019510278,1
2022-07-18,2022-07-18,2022-07-18,14,6,0.0,0.0,0.0,0.0,9915.908447899186,33.799887066859135,0.006147071658552394,0
2022-07-19,2022-07-19,2022-07-19,16,6,0.0,0.0,0.0,0.0,9686.327108613472,33.799887066859135,0.006004749555492364,0
2022-07-20,2022-07-20,2022-07-20,30,6,0.0,0.0,0.0,0.0,65909.88345884568,33.799887066859135,0.04085886621050826,1
2022-07-21,2022-07-21,2022-07-21,28,6,0.0,0.0,0.0,0.0,8905.834519327756,33.799887066859135,0.005520906456242607,0
2022-07-22,2022-07-22,2022-07-22,23,6,0.0,0.0,0.0,0.0,8957.543820569994,33.799887066859135,0.005552962095100089,0
2022-07-23,2022-07-23,2022-07-23,49,6,0.0,0.0,0.0,0.0,3250.99940924367,33.799887066859135,0.00201536010901414,0
2022-07-24,2022-07-24,2022-07-24,16,6,0.0,0.0,0.0,0.0,10887.765858613471,33.799887066859135,0.006749545670585207,0
2022-07-25,2022-07-25,2022-07-25,38,6,0.0,0.0,0.0,0.0,4875.745365192419,33.799887066859135,0.0030225728995150586,0
2022-07-26,2022-07-26,2022-07-26,28,6,0.0,0.0,0.0,0.0,11163.910233613471,33.799887066859135,0.006920733138697702,0
2022-07-27,2022-07-27,2022-07-27,21,6,0.0,0.0,0.0,0.0,12136.549638375376,33.799887066859135,0.007523691924614072,0
2022-07-28,2022-07-28,2022-07-28,22,6,0.0,0.0,0.0,0.0,6595.594551795288,33.799887066859135,0.004088742101005689,0
2022-07-29,2022-07-29,2022-07-29,38,6,0.0,0.0,0.0,0.0,17400.34068743915,33.799887066859135,0.0107868221707487,1
2022-07-30,2022-07-30,2022-07-30,51,6,0.0,0.0,0.0,0.0,37290.532854621815,33.799887066859135,0.023117153496059906,1
2022-07-31,2022-07-31,2022-07-31,33,6,0.0,0.0,0.0,0.0,43304.57014517441,33.799887066859135,0.02684537652035229,1
2022-08-01,2022-08-01,2022-08-01,35,6,0.0,0.0,0.0,0.0,9667.694019327759,33.799887066859135,0.005993198527600034,0
2022-08-02,2022-08-02,2022-08-02,42,6,0.0,0.0,0.0,0.0,6668.0908288515675,33.799887066859135,0.004133684005460005,0
2022-08-03,2022-08-03,2022-08-03,31,6,0.0,0.0,0.0,0.0,9231.929669097342,33.799887066859135,0.00572305941718132,0
2022-08-04,2022-08-04,2022-08-04,30,6,0.0,0.0,0.0,0.0,14709.35145884568,33.799887066859135,0.009118623668566958,1
2022-08-05,2022-08-05,2022-08-05,13,6,0.0,0.0,0.0,0.0,12551.465425921164,33.799887066859135,0.007780906590492621,1
2022-08-06,2022-08-06,2022-08-06,51,6,0.0,0.0,0.0,0.0,3001.790501680649,33.799887066859135,0.0018608704804754655,0
2022-08-07,2022-08-07,2022-08-07,50,6,0.0,0.0,0.0,0.0,62130.25706638653,33.799887066859135,0.038515799571775367,1
2022-08-08,2022-08-08,2022-08-08,51,6,0.0,0.0,0.0,0.0,9287.939498319356,33.799887066859135,0.005757781040078509,0
2022-08-09,2022-08-09,2022-08-09,19,6,0.0,0.0,0.0,0.0,3166.105950597046,33.799887066859135,0.001962732941631033,0
2022-08-10,2022-08-10,2022-08-10,27,6,0.0,0.0,0.0,0.0,10918.13551139125,33.799887066859135,0.0067683724309220185,0
2022-08-11,2022-08-11,2022-08-11,17,6,0.0,0.0,0.0,0.0,11506.766557142884,33.799887066859135,0.007133276689336235,0
2022-08-12,2022-08-12,2022-08-12,33,6,0.0,0.0,0.0,0.0,10006.705296689559,33.799887066859135,0.006203358456561649,0
2022-08-13,2022-08-13,2022-08-13,34,6,0.0,0.0,0.0,0.0,6802.676263025238,33.799887066859135,0.004217116230798694,0
2022-08-14,2022-08-14,2022-08-14,6,6,0.0,0.0,0.0,0.0,5017.644400280138,33.799887066859135,0.0031105389735814693,0
2022-08-15,2022-08-15,2022-08-15,15,6,0.0,0.0,0.0,0.0,11252.72973361347,33.799887066859135,0.00697579413830712,0
2022-08-16,2022-08-16,2022-08-16,30,6,0.0,0.0,0.0,0.0,6732.589129944086,33.799887066859135,0.004173667803288896,0
2022-08-17,2022-08-17,2022-08-17,46,6,0.0,0.0,0.0,0.0,1611.1112903457686,33.799887066859135,0.0009987603862716642,0
2022-08-18,2022-08-18,2022-08-18,33,6,0.0,0.0,0.0,0.0,10072.541673007412,33.799887066859135,0.006244171754212758,0
2022-08-19,2022-08-19,2022-08-19,43,6,0.0,0.0,0.0,0.0,44983.85180127024,33.799887066859135,0.027886397091402493,1
2022-08-20,2022-08-20,2022-08-20,49,6,0.0,0.0,0.0,0.0,47399.65655210081,33.799887066859135,0.029384003185130902,1
2022-08-21,2022-08-21,2022-08-21,15,6,0.0,0.0,0.0,0.0,12630.883733613473,33.799887066859135,0.00783013960136103,1
2022-08-22,2022-08-22,2022-08-22,42,6,0.0,0.0,0.0,0.0,12125.430352661091,33.799887066859135,0.007516798855115019,0
2022-08-23,2022-08-23,2022-08-23,34,6,0.0,0.0,0.0,0.0,36304.084502493104,33.799887066859135,0.022505634265133485,1
2022-08-24,2022-08-24,2022-08-24,27,6,0.0,0.0,0.0,0.0,8563.347081201342,33.799887066859135,0.005308591585106102,0
2022-08-25,2022-08-25,2022-08-25,44,6,0.0,0.0,0.0,0.0,7769.454539113796,33.799887066859135,0.004816441584826865,0
2022-08-26,2022-08-26,2022-08-26,14,6,0.0,0.0,0.0,0.0,6806.332733613472,33.799887066859135,0.004219382950670238,0
2022-08-27,2022-08-27,2022-08-27,16,6,0.0,0.0,0.0,0.0,12423.138983613473,33.799887066859135,0.007701354440460458,1
2022-08-28,2022-08-28,2022-08-28,16,6,0.0,0.0,0.0,0.0,59056.956016386524,33.799887066859135,0.03661059825997253,1
2022-08-29,2022-08-29,2022-08-29,42,6,0.0,0.0,0.0,0.0,28012.885510896474,33.799887066859135,0.01736575277021511,1
2022-08-30,2022-08-30,2022-08-30,19,6,0.0,0.0,0.0,0.0,8963.256680981893,33.799887066859135,0.0055565036125023275,0
2022-08-31,2022-08-31,2022-08-31,13,6,0.0,0.0,0.0,0.0,10698.478420232683,33.799887066859135,0.006632202569455925,0
2022-09-01,2022-09-01,2022-09-01,8,6,0.0,0.0,0.0,0.0,13153.416483613471,33.799887066859135,0.008154068192984016,1
2022-09-02,2022-09-02,2022-09-02,22,6,0.0,0.0,0.0,0.0,3523.0595517952897,33.799887066859135,0.002184015679049692,0
2022-09-03,2022-09-03,2022-09-03,33,6,0.0,0.0,0.0,0.0,9392.120157855896,33.799887066859135,0.005822364732331339,0
2022-09-04,2022-09-04,2022-09-04,20,6,0.0,0.0,0.0,0.0,6439.043766386529,33.799887066859135,0.0039916931113778975,0
2022-09-05,2022-09-05,2022-09-05,31,6,0.0,0.0,0.0,0.0,9769.346137354265,33.799887066859135,0.006056214725968116,0
2022-09-06,2022-09-06,2022-09-06,46,6,0.0,0.0,0.0,0.0,22307.960962038705,33.799887066859135,0.013829154969547322,1
2022-09-07,2022-09-07,2022-09-07,36,6,0.0,0.0,0.0,0.0,41591.86156995679,33.799887066859135,0.02578363392789114,1
2022-09-08,2022-09-08,2022-09-08,35,6,0.0,0.0,0.0,0.0,6574.663162184902,33.799887066859135,0.004075766310383563,0
2022-09-09,2022-09-09,2022-09-09,19,6,0.0,0.0,0.0,0.0,9023.211417823997,33.799887066859135,0.005593670763205111,0
2022-09-10,2022-09-10,2022-09-10,30,6,0.0,0.0,0.0,0.0,3392.797066946803,33.799887066859135,0.0021032633371949844,0
2022-09-11,2022-09-11,2022-09-11,57,6,0.0,0.0,0.0,0.0,61022.89981024618,33.799887066859135,0.0378293264724241,1
2022-09-12,2022-09-12,2022-09-12,25,6,0.0,0.0,0.0,0.0,6252.952533613473,33.799887066859135,0.0038763314025748404,0
2022-09-13,2022-09-13,2022-09-13,56,6,0.0,0.0,0.0,0.0,9487.192376470615,33.799887066859135,0.005881301918332291,0
2022-09-14,2022-09-14,2022-09-14,22,6,0.0,0.0,0.0,0.0,12250.701824522563,33.799887066859135,0.007594457167346404,0
2022-09-15,2022-09-15,2022-09-15,51,6,0.0,0.0,0.0,0.0,10136.672149551929,33.799887066859135,0.006283927530185031,0
2022-09-16,2022-09-16,2022-09-16,7,6,0.0,0.0,0.0,0.0,65612.49551089646,33.799887066859135,0.04067450942302491,1
2022-09-17,2022-09-17,2022-09-17,29,6,0.0,0.0,0.0,0.0,2563.1692537979966,33.799887066859135,0.0015889603215762504,0
2022-09-18,2022-09-18,2022-09-18,27,6,0.0,0.0,0.0,0.0,28538.662266386527,33.799887066859135,0.01769169238627553,1
2022-09-19,2022-09-19,2022-09-19,32,6,0.0,0.0,0.0,0.0,8231.561483613472,33.799887066859135,0.005102911000784011,0
2022-09-20,2022-09-20,2022-09-20,29,6,0.0,0.0,0.0,0.0,11166.286699130713,33.799887066859135,0.006922206357607025,0
2022-09-21,2022-09-21,2022-09-21,26,6,0.0,0.0,0.0,0.0,6867.593887459625,33.799887066859135,0.004257359975625293,0
2022-09-22,2022-09-22,2022-09-22,39,6,0.0,0.0,0.0,0.0,10293.496112540366,33.799887066859135,0.006381145868104674,0
2022-09-23,2022-09-23,2022-09-23,21,6,0.0,0.0,0.0,0.0,17091.41646327742,33.799887066859135,0.010595313812945418,1
2022-09-24,2022-09-24,2022-09-24,15,6,0.0,0.0,0.0,0.0,12436.579066946804,33.799887066859135,0.007709686219215878,1
2022-09-25,2022-09-25,2022-09-25,50,6,0.0,0.0,0.0,0.0,22824.157396610757,33.799887066859135,0.014149155551428039,1
2022-09-26,2022-09-26,2022-09-26,20,6,0.0,0.0,0.0,0.0,6642.138233613471,33.799887066859135,0.00411759546818758,0
2022-09-27,2022-09-27,2022-09-27,29,6,0.0,0.0,0.0,0.0,12470.451871544507,33.799887066859135,0.007730684654027197,1
2022-09-28,2022-09-28,2022-09-28,39,6,0.0,0.0,0.0,0.0,62733.4443176686,33.799887066859135,0.038889727515608055,1
2022-09-29,2022-09-29,2022-09-29,36,6,0.0,0.0,0.0,0.0,6703.6930113912495,33.799887066859135,0.004155754516540475,0
2022-09-30,2022-09-30,2022-09-30,53,6,0.0,0.0,0.0,0.0,83764.24887016008,33.799887066859135,0.05192714746562425,1
2022-10-01,2022-10-01,2022-10-01,35,6,0.0,0.0,0.0,0.0,3143.819447899188,33.799887066859135,0.001948917089072282,0
2022-10-02,2022-10-02,2022-10-02,27,6,0.0,0.0,0.0,0.0,6118.186992872731,33.799887066859135,0.0037927875255423316,0
2022-10-03,2022-10-03,2022-10-03,51,6,0.0,0.0,0.0,0.0,10686.693615966413,33.799887066859135,0.006624896931582461,0
2022-10-04,2022-10-04,2022-10-04,35,6,0.0,0.0,0.0,0.0,4459.626552100812,33.799887066859135,0.0027646124538346826,0
2022-10-05,2022-10-05,2022-10-05,28,6,0.0,0.0,0.0,0.0,11356.106662184902,33.799887066859135,0.007039879581522791,0
2022-10-06,2022-10-06,2022-10-06,38,6,0.0,0.0,0.0,0.0,22094.394897965474,33.799887066859135,0.013696761058632254,1
2022-10-07,2022-10-07,2022-10-07,7,6,0.0,0.0,0.0,0.0,12030.099268369491,33.799887066859135,0.007457701193059444,0
2022-10-08,2022-10-08,2022-10-08,28,6,0.0,0.0,0.0,0.0,16168.914082325038,33.799887066859135,0.010023435979391912,1
2022-10-09,2022-10-09,2022-10-09,19,6,0.0,0.0,0.0,0.0,16195.519634807586,33.799887066859135,0.010039929298030837,1
2022-10-10,2022-10-10,2022-10-10,24,6,0.0,0.0,0.0,0.0,2559.885374487652,33.799887066859135,0.0015869245785533302,0
2022-10-11,2022-10-11,2022-10-11,44,6,0.0,0.0,0.0,0.0,11130.829324522563,33.799887066859135,0.006900225615884202,0
2022-10-12,2022-10-12,2022-10-12,29,6,0.0,0.0,0.0,0.0,6325.21531982037,33.799887066859135,0.003921128561341928,0
2022-10-13,2022-10-13,2022-10-13,33,6,0.0,0.0,0.0,0.0,13881.795761875988,33.799887066859135,0.008605605199563878,1
2022-10-14,2022-10-14,2022-10-14,38,6,0.0,0.0,0.0,0.0,9738.601154666103,33.799887066859135,0.006037155291049158,0
2022-10-15,2022-10-15,2022-10-15,18,6,0.0,0.0,0.0,0.0,11397.884400280138,33.799887066859135,0.007065778444057979,0
2022-10-16,2022-10-16,2022-10-16,30,6,0.0,0.0,0.0,0.0,9458.376733613472,33.799887066859135,0.005863438520090887,0
2022-10-17,2022-10-17,2022-10-17,42,6,0.0,0.0,0.0,0.0,23656.900599719862,33.799887066859135,0.014665389860123036,1
2022-10-18,2022-10-18,2022-10-18,21,6,0.0,0.0,0.0,0.0,5908.336075910336,33.799887066859135,0.0036626967092587195,0
2022-10-19,2022-10-19,2022-10-19,22,6,0.0,0.0,0.0,0.0,45340.742720931994,33.799887066859135,0.028107640971272347,1
2022-10-20,2022-10-20,2022-10-20,16,6,0.0,0.0,0.0,0.0,12558.156483613471,33.799887066859135,0.007785054512119996,1
2022-10-21,2022-10-21,2022-10-21,20,6,0.0,0.0,0.0,0.0,9875.633766386529,33.799887066859135,0.006122104571110583,0
2022-10-22,2022-10-22,2022-10-22,29,6,0.0,0.0,0.0,0.0,34804.719796610756,33.799887066859135,0.021576147840587503,1
2022-10-23,2022-10-23,2022-10-23,20,6,0.0,0.0,0.0,0.0,2665.623233613469,33.799887066859135,0.0016524736102414982,0
2022-10-24,2022-10-24,2022-10-24,46,6,0.0,0.0,0.0,0.0,4392.393709654232,33.799887066859135,0.002722933458662551,0
2022-10-25,2022-10-25,2022-10-25,25,6,0.0,0.0,0.0,0.0,7676.782666386529,33.799887066859135,0.004758992421658417,0
2022-10-26,2022-10-26,2022-10-26,16,6,0.0,0.0,0.0,0.0,21391.05476638653,33.799887066859135,0.013260746324140888,1
2022-10-27,2022-10-27,2022-10-27,26,6,0.0,0.0,0.0,0.0,7109.08787353383,33.799887066859135,0.004407066968716995,0
2022-10-28,2022-10-28,2022-10-28,22,6,0.0,0.0,0.0,0.0,9107.426357295624,33.799887066859135,0.00564587730286537,0
2022-10-29,2022-10-29,2022-10-29,88,6,0.0,0.0,0.0,0.0,17440.64843297439,33.799887066859135,0.010811809755245035,1
2022-10-30,2022-10-30,2022-10-30,24,6,0.0,0.0,0.0,0.0,40637.14312994408,33.799887066859135,0.0251917847095028,1
2022-10-31,2022-10-31,2022-10-31,39,6,0.0,0.0,0.0,0.0,6422.323118228857,33.799887066859135,0.003981327644316287,0
2022-11-01,2022-11-01,2022-11-01,44,6,0.0,0.0,0.0,0.0,6470.153188158927,33.799887066859135,0.004010978469436199,0
2022-11-02,2022-11-02,2022-11-02,40,6,0.0,0.0,0.0,0.0,7166.883983613472,33.799887066859135,0.004442895943148522,0
2022-11-03,2022-11-03,2022-11-03,34,6,0.0,0.0,0.0,0.0,12135.280086554649,33.799887066859135,0.0075229049038325405,0
2022-11-04,2022-11-04,2022-11-04,25,6,0.0,0.0,0.0,0.0,3605.4269336134694,33.799887066859135,0.002235076880453883,0
2022-11-05,2022-11-05,2022-11-05,21,6,0.0,0.0,0.0,0.0,10355.471543137282,33.799887066859135,0.006419565687625053,0
2022-11-06,2022-11-06,2022-11-06,40,6,0.0,0.0,0.0,0.0,45712.58437551236,33.799887066859135,0.02833815311328637,1
2022-11-07,2022-11-07,2022-11-07,17,6,0.0,0.0,0.0,0.0,4096.618321848766,33.799887066859135,0.002539576329738925,0
2022-11-08,2022-11-08,2022-11-08,40,6,0.0,0.0,0.0,0.0,18388.616516386523,33.799887066859135,0.011399474291416658,1
2022-11-09,2022-11-09,2022-11-09,43,6,0.0,0.0,0.0,0.0,8591.55308245068,33.799887066859135,0.005326077054217874,0
2022-11-10,2022-11-10,2022-11-10,23,6,0.0,0.0,0.0,0.0,8184.320342309124,33.799887066859135,0.005073625264398339,0
2022-11-11,2022-11-11,2022-11-11,42,6,0.0,0.0,0.0,0.0,6460.759638375376,33.799887066859135,0.0040051552184500626,0
2022-11-12,2022-11-12,2022-11-12,22,6,0.0,0.0,0.0,0.0,9631.074551795291,33.799887066859135,0.005970497381033094,0
2022-11-13,2022-11-13,2022-11-13,23,6,0.0,0.0,0.0,0.0,18042.30357073436,33.799887066859135,0.011184787911001436,1
2022-11-14,2022-11-14,2022-11-14,27,6,0.0,0.0,0.0,0.0,3170.5718960161557,33.799887066859135,0.0019655014712779834,0
2022-11-15,2022-11-15,2022-11-15,42,6,0.0,0.0,0.0,0.0,58895.6322663865,33.799887066859135,0.03651059041332015,1
2022-11-16,2022-11-16,2022-11-16,15,6,0.0,0.0,0.0,0.0,12579.481066946806,33.799887066859135,0.0077982740514620065,1
2022-11-17,2022-11-17,2022-11-17,23,6,0.0,0.0,0.0,0.0,11863.571211874341,33.799887066859135,0.007354467091835766,0
2022-11-18,2022-11-18,2022-11-18,22,6,0.0,0.0,0.0,0.0,12490.92455179529,33.799887066859135,0.007743376081464777,1
2022-11-19,2022-11-19,2022-11-19,10,6,0.0,0.0,0.0,0.0,8044.243733613472,33.799887066859135,0.00498678894921215,0
2022-11-20,2022-11-20,2022-11-20,25,6,0.0,0.0,0.0,0.0,11936.781733613472,33.799887066859135,0.0073998517709758585,0
2022-11-21,2022-11-21,2022-11-21,27,6,0.0,0.0,0.0,0.0,7451.645599719863,33.799887066859135,0.004619425412839422,0
2022-11-22,2022-11-22,2022-11-22,36,6,0.0,0.0,0.0,0.0,17044.501155275415,33.799887066859135,0.010566230067196184,1
2022-11-23,2022-11-23,2022-11-23,21,6,0.0,0.0,0.0,0.0,7320.437733613471,33.799887066859135,0.004538087010073854,0
2022-11-24,2022-11-24,2022-11-24,39,6,0.0,0.0,0.0,0.0,5315.825682331419,33.799887066859135,0.0032953875648768617,0
2022-11-25,2022-11-25,2022-11-25,50,6,0.0,0.0,0.0,0.0,3361.8313336134725,33.799887066859135,0.002084067054498371,0
2022-11-26,2022-11-26,2022-11-26,64,6,0.0,0.0,0.0,0.0,92207.20648513654,33.799887066859135,0.057161107192267,1
2022-11-27,2022-11-27,2022-11-27,24,6,0.0,0.0,0.0,0.0,6410.77896327742,33.799887066859135,0.003974171189807175,0
2022-11-28,2022-11-28,2022-11-28,31,6,0.0,0.0,0.0,0.0,31917.661086933327,33.799887066859135,0.01978640191220563,1
2022-11-29,2022-11-29,2022-11-29,27,6,0.0,0.0,0.0,0.0,12476.308844724583,33.799887066859135,0.007734315509841299,1
2022-11-30,2022-11-30,2022-11-30,29,6,0.0,0.0,0.0,0.0,63202.84502500722,33.799887066859135,0.03918071848227001,1
2022-12-01,2022-12-01,2022-12-01,33,6,0.0,0.0,0.0,0.0,32584.13888751985,33.799887066859135,0.020199564944172483,1
2022-12-02,2022-12-02,2022-12-02,43,6,0.0,0.0,0.0,0.0,29204.72319661909,33.799887066859135,0.018104596991901353,1
2022-12-03,2022-12-03,2022-12-03,21,6,0.0,0.0,0.0,0.0,2724.790731630509,33.799887066859135,0.0016891527357173954,0
2022-12-04,2022-12-04,2022-12-04,29,6,0.0,0.0,0.0,0.0,9644.037388785886,33.799887066859135,0.005978533305154217,0
2022-12-05,2022-12-05,2022-12-05,19,6,0.0,0.0,0.0,0.0,12386.177207297682,33.799887066859135,0.007678441089774098,1
2022-12-06,2022-12-06,2022-12-06,54,6,0.0,0.0,0.0,0.0,2730.233985598763,33.799887066859135,0.0016925271186470445,0
2022-12-07,2022-12-07,2022-12-07,41,6,0.0,0.0,0.0,0.0,4581.967733613474,33.799887066859135,0.0028404542199725723,0
2022-12-08,2022-12-08,2022-12-08,35,6,0.0,0.0,0.0,0.0,37785.05351089646,33.799887066859135,0.023423716825756502,1
2022-12-09,2022-12-09,2022-12-09,24,6,0.0,0.0,0.0,0.0,9501.356900280138,33.799887066859135,0.005890082792351438,0
2022-12-10,2022-12-10,2022-12-10,35,6,0.0,0.0,0.0,0.0,9011.639447899186,33.799887066859135,0.005586497065632953,0
2022-12-11,2022-12-11,2022-12-11,26,6,0.0,0.0,0.0,0.0,12541.988887459625,33.799887066859135,0.007775031893151052,1
2022-12-12,2022-12-12,2022-12-12,33,6,0.0,0.0,0.0,0.0,4852.657733613472,33.799887066859135,0.003008260411003518,0
2022-12-13,2022-12-13,2022-12-13,22,6,0.0,0.0,0.0,0.0,10769.839097249835,33.799887066859135,0.006676440492540035,0
2022-12-14,2022-12-14,2022-12-14,8,6,0.0,0.0,0.0,0.0,10796.755233613472,33.799887066859135,0.00669312634839157,0
2022-12-15,2022-12-15,2022-12-15,17,6,0.0,0.0,0.0,0.0,3058.8053806722946,33.799887066859135,0.0018962151539974959,0
2022-12-16,2022-12-16,2022-12-16,43,6,0.0,0.0,0.0,0.0,62607.11142451774,33.799887066859135,0.038811411206909674,1
2022-12-17,2022-12-17,2022-12-17,23,6,0.0,0.0,0.0,0.0,9239.82860317869,33.799887066859135,0.005727956125746083,0
2022-12-18,2022-12-18,2022-12-18,25,6,0.0,0.0,0.0,0.0,12874.076133613471,33.799887066859135,0.007980899475503681,1
2022-12-19,2022-12-19,2022-12-19,37,6,0.0,0.0,0.0,0.0,28679.715239359495,33.799887066859135,0.017779133969371263,1
2022-12-20,2022-12-20,2022-12-20,39,6,0.0,0.0,0.0,0.0,50684.02072792501,33.799887066859135,0.03142004678594199,1
2022-12-21,2022-12-21,2022-12-21,20,6,0.0,0.0,0.0,0.0,8837.152733613471,33.799887066859135,0.005478329231912496,0
2022-12-22,2022-12-22,2022-12-22,21,6,0.0,0.0,0.0,0.0,2732.677874487652,33.799887066859135,0.0016940421346644348,0
2022-12-23,2022-12-23,2022-12-23,22,6,0.0,0.0,0.0,0.0,38988.558630022904,33.799887066859135,0.024169793924751125,1
2022-12-24,2022-12-24,2022-12-24,32,6,0.0,0.0,0.0,0.0,12644.743358613472,33.799887066859135,0.007838731462458106,1
2022-12-25,2022-12-25,2022-12-25,54,6,0.0,0.0,0.0,0.0,65091.58578490505,33.799887066859135,0.04035158697672253,1
2022-12-26,2022-12-26,2022-12-26,15,6,0.0,0.0,0.0,0.0,12253.757066946806,33.799887066859135,0.007596351173751844,0
2022-12-27,2022-12-27,2022-12-27,41,6,0.0,0.0,0.0,0.0,13028.092266386526,33.799887066859135,0.008076377182836656,1
2022-12-28,2022-12-28,2022-12-28,15,6,0.0,0.0,0.0,0.0,227324.9995997199,33.799887066859135,0.14092335257652827,1
2022-12-29,2022-12-29,2022-12-29,55,6,0.0,0.0,0.0,0.0,1392.417112480156,33.799887066859135,0.0008631874541785954,0
2022-12-30,2022-12-30,2022-12-30,18,6,0.0,0.0,0.0,0.0,12557.088289169027,33.799887066859135,0.007784392316837561,1
2022-12-31,2022-12-31,2022-12-31,27,6,0.0,0.0,0.0,0.0,5562.335141020879,33.799887066859135,0.003448203750608801,0
2023-01-01,2023-01-01,2023-01-01,39,6,0.0,0.0,0.0,0.0,10932.816881771147,33.799887066859135,0.006777473708555345,0
2023-01-02,2023-01-02,2023-01-02,42,6,0.0,0.0,0.0,0.0,2732.677874487652,33.799887066859135,0.0016940421346644348,0
2023-01-03,2023-01-03,2023-01-03,28,6,0.0,0.0,0.0,0.0,5732.930233613472,33.799887066859135,0.0035539590895446124,0
2023-01-04,2023-01-04,2023-01-04,33,6,0.0,0.0,0.0,0.0,5920.247430583168,33.799887066859135,0.003670080798281833,0
2023-01-05,2023-01-05,2023-01-05,24,6,0.0,0.0,0.0,0.0,12720.193566946806,33.799887066859135,0.00788550456849419,1
2023-01-06,2023-01-06,2023-01-06,16,6,0.0,0.0,0.0,0.0,6699.734608613472,33.799887066859135,0.004153300622814423,0
2023-01-07,2023-01-07,2023-01-07,57,6,0.0,0.0,0.0,0.0,11238.397515909,33.799887066859135,0.0069669093074599744,0
2023-01-08,2023-01-08,2023-01-08,34,6,0.0,0.0,0.0,0.0,6657.169796610751,33.799887066859135,0.004126913837288083,0
2023-01-09,2023-01-09,2023-01-09,43,6,0.0,0.0,0.0,0.0,38258.045754758634,33.799887066859135,0.023716934258353542,1
2023-01-10,2023-01-10,2023-01-10,38,6,0.0,0.0,0.0,0.0,12464.02089150821,33.799887066859135,0.007726697959784754,1
2023-01-11,2023-01-11,2023-01-11,26,6,0.0,0.0,0.0,0.0,16319.234796610755,33.799887066859135,0.01011662282226508,1
2023-01-12,2023-01-12,2023-01-12,25,6,0.0,0.0,0.0,0.0,17635.933466386523,33.799887066859135,0.010932870886510473,1
2023-01-13,2023-01-13,2023-01-13,22,6,0.0,0.0,0.0,0.0,28190.232720931977,33.799887066859135,0.01747569388294932,1
2023-01-14,2023-01-14,2023-01-14,34,6,0.0,0.0,0.0,0.0,45391.065678963685,33.799887066859135,0.028138837188009976,1
2023-01-15,2023-01-15,2023-01-15,80,6,0.0,0.0,0.0,0.0,107354.34612551235,33.799887066859135,0.06655112458509764,1
2023-01-16,2023-01-16,2023-01-16,35,6,0.0,0.0,0.0,0.0,5990.053447899186,33.799887066859135,0.0037133549564584973,0
2023-01-17,2023-01-17,2023-01-17,19,6,0.0,0.0,0.0,0.0,12222.174575718735,33.799887066859135,0.007576772550395787,0
2023-01-18,2023-01-18,2023-01-18,31,6,0.0,0.0,0.0,0.0,11786.898701355407,33.799887066859135,0.007306936256020026,0
2023-01-19,2023-01-19,2023-01-19,31,6,0.0,0.0,0.0,0.0,10985.631604581215,33.799887066859135,0.0068102146205399495,0
2023-01-20,2023-01-20,2023-01-20,11,6,0.0,0.0,0.0,0.0,34123.129398239624,33.799887066859135,0.021153616204420946,1
2023-01-21,2023-01-21,2023-01-21,21,6,0.0,0.0,0.0,0.0,18783.98265375361,33.799887066859135,0.011644569734817554,1
2023-01-22,2023-01-22,2023-01-22,28,6,0.0,0.0,0.0,0.0,2732.677874487652,33.799887066859135,0.0016940421346644348,0
2023-01-23,2023-01-23,2023-01-23,23,6,0.0,0.0,0.0,0.0,12375.146429265646,33.799887066859135,0.00767160288797254,1
2023-01-24,2023-01-24,2023-01-24,44,6,0.0,0.0,0.0,0.0,7213.669398239621,33.799887066859135,0.00447189916537401,0
2023-01-25,2023-01-25,2023-01-25,21,6,0.0,0.0,0.0,0.0,12257.571066946806,33.799887066859135,0.007598715549283235,0
2023-01-26,2023-01-26,2023-01-26,42,6,0.0,0.0,0.0,0.0,10145.75821876748,33.799887066859135,0.0062895601677649396,0
2023-01-27,2023-01-27,2023-01-27,10,6,0.0,0.0,0.0,0.0,12052.737733613472,33.799887066859135,0.007471735234299899,0
2023-01-28,2023-01-28,2023-01-28,29,6,0.0,0.0,0.0,0.0,25238.567727645233,33.799887066859135,0.015645897216198298,1
2023-01-29,2023-01-29,2023-01-29,26,6,0.0,0.0,0.0,0.0,26406.03479661076,33.799887066859135,0.016369633600982255,1
2023-01-30,2023-01-30,2023-01-30,32,6,0.0,0.0,0.0,0.0,79059.73445388654,33.799887066859135,0.049010724085207395,1
2023-01-31,2023-01-31,2023-01-31,38,6,0.0,0.0,0.0,0.0,6623.3756874391565,33.799887066859135,0.004105964187358756,0
2023-02-01,2023-02-01,2023-02-01,40,6,0.0,0.0,0.0,0.0,15101.610516386527,33.799887066859135,0.009361792970511316,1
2023-02-02,2023-02-02,2023-02-02,27,6,0.0,0.0,0.0,0.0,12020.440326206064,33.799887066859135,0.0074517134199838485,0
2023-02-03,2023-02-03,2023-02-03,30,6,0.0,0.0,0.0,0.0,9454.609733613474,33.799887066859135,0.005861103280807525,0
2023-02-04,2023-02-04,2023-02-04,36,6,0.0,0.0,0.0,0.0,12464.756344724583,33.799887066859135,0.007727153882068256,1
2023-02-05,2023-02-05,2023-02-05,42,6,0.0,0.0,0.0,0.0,36970.4608378151,33.799887066859135,0.022918734396736223,1
2023-02-06,2023-02-06,2023-02-06,20,6,0.0,0.0,0.0,0.0,10399.15823361347,33.799887066859135,0.0064466479482462695,0
2023-02-07,2023-02-07,2023-02-07,20,6,0.0,0.0,0.0,0.0,12230.745733613472,33.799887066859135,0.007582085984061755,0
2023-02-08,2023-02-08,2023-02-08,48,6,0.0,0.0,0.0,0.0,35025.82768305319,33.799887066859135,0.02171321707931375,1
2023-02-09,2023-02-09,2023-02-09,31,6,0.0,0.0,0.0,0.0,64229.60850628816,33.799887066859135,0.039817229874945875,1
2023-02-10,2023-02-10,2023-02-10,20,6,0.0,0.0,0.0,0.0,2723.8198744876518,33.799887066859135,0.0016885508817915834,0
2023-02-11,2023-02-11,2023-02-11,27,6,0.0,0.0,0.0,0.0,2643.913007127272,33.799887066859135,0.0016390150029303016,0
2023-02-12,2023-02-12,2023-02-12,32,6,0.0,0.0,0.0,0.0,12542.758671113472,33.799887066859135,0.007775509097565216,1
2023-02-13,2023-02-13,2023-02-13,20,6,0.0,0.0,0.0,0.0,10451.840233613471,33.799887066859135,0.006479306582683789,0
2023-02-14,2023-02-14,2023-02-14,45,6,0.0,0.0,0.0,0.0,6446.871377497644,33.799887066859135,0.003996545605394772,0
2023-02-15,2023-02-15,2023-02-15,56,6,0.0,0.0,0.0,0.0,44413.44798067224,33.799887066859135,0.02753279225751853,1
2023-02-16,2023-02-16,2023-02-16,25,6,0.0,0.0,0.0,0.0,7672.348933613472,33.799887066859135,0.004756243861280509,0
2023-02-17,2023-02-17,2023-02-17,10,6,0.0,0.0,0.0,0.0,11144.79273361347,33.799887066859135,0.0069088818148326375,0
2023-02-18,2023-02-18,2023-02-18,34,6,0.0,0.0,0.0,0.0,12425.262439495826,33.799887066859135,0.00770267081359371,1
2023-02-19,2023-02-19,2023-02-19,35,6,0.0,0.0,0.0,0.0,28154.64369495795,33.799887066859135,0.017453631527889275,1
2023-02-20,2023-02-20,2023-02-20,43,6,0.0,0.0,0.0,0.0,33182.626917549314,33.799887066859135,0.020570579745963682,1
2023-02-21,2023-02-21,2023-02-21,18,6,0.0,0.0,0.0,0.0,11704.616066946804,33.799887066859135,0.007255927591244455,0
2023-02-22,2023-02-22,2023-02-22,30,6,0.0,0.0,0.0,0.0,13410.126266386536,33.799887066859135,0.008313207765363968,1
2023-02-23,2023-02-23,2023-02-23,36,6,0.0,0.0,0.0,0.0,5680.804766386531,33.799887066859135,0.0035216454609988167,0
2023-02-24,2023-02-24,2023-02-24,19,6,0.0,0.0,0.0,0.0,3978.467733613472,33.799887066859135,0.002466332396901249,0
2023-02-25,2023-02-25,2023-02-25,18,6,0.0,0.0,0.0,0.0,6998.309955835694,33.799887066859135,0.004338393503057887,0
2023-02-26,2023-02-26,2023-02-26,16,6,0.0,0.0,0.0,0.0,9742.307733613472,33.799887066859135,0.006039453074103255,0
2023-02-27,2023-02-27,2023-02-27,23,6,0.0,0.0,0.0,0.0,6937.071646656949,33.799887066859135,0.004300430639972953,0
2023-02-28,2023-02-28,2023-02-28,35,6,0.0,0.0,0.0,0.0,11808.227447899186,33.799887066859135,0.007320158376220166,0
2023-03-01,2023-03-01,2023-03-01,25,6,0.0,0.0,0.0,0.0,13022.630933613473,33.799887066859135,0.008072991592491249,1
2023-03-02,2023-03-02,2023-03-02,20,6,0.0,0.0,0.0,0.0,11408.336233613472,33.799887066859135,0.007072257746363039,0
