row_key,CLM_ID,injection_type
batch-2-R000000,BATCH-2-CLM-0000000,none
batch-2-R000001,BATCH-2-CLM-0000001,none
batch-2-R000002,BATCH-2-CLM-0000002,none
batch-2-R000003,BATCH-2-CLM-0000003,none
batch-2-R000004,BATCH-2-CLM-0000004,none
batch-2-R000005,BATCH-2-CLM-0000005,none
batch-2-R000006,BATCH-2-CLM-0000006,none
batch-2-R000007,BATCH-2-CLM-0000007,none
batch-2-R000008,BATCH-2-CLM-0000008,none
batch-2-R000009,BATCH-2-CLM-0000009,none
batch-2-R000010,BATCH-2-CLM-0000010,none
batch-2-R000011,BATCH-2-CLM-0000011,none
batch-2-R000012,BATCH-2-CLM-0000012,none
batch-2-R000013,BATCH-2-CLM-0000013,none
batch-2-R000014,BATCH-2-CLM-0000014,none
batch-2-R000015,BATCH-2-CLM-0000015,none
batch-2-R000016,BATCH-2-CLM-0000016,none
batch-2-R000017,BATCH-2-CLM-0000017,none
batch-2-R000018,BATCH-2-CLM-0000018,none
batch-2-R000019,BATCH-2-CLM-0000019,none
batch-2-R000020,BATCH-2-CLM-0000020,none
batch-2-R000021,BATCH-2-CLM-0000021,none
batch-2-R000022,BATCH-2-CLM-0000022,none
batch-2-R000023,BATCH-2-CLM-0000023,none
batch-2-R000024,BATCH-2-CLM-0000024,none
batch-2-R000025,BATCH-2-CLM-0000025,none
batch-2-R000026,BATCH-2-CLM-0000026,none
batch-2-R000027,BATCH-2-CLM-0000027,none
batch-2-R000028,BATCH-2-CLM-0000028,none
batch-2-R000029,BATCH-2-CLM-0000029,none
batch-2-R000030,BATCH-2-CLM-0000030,none
batch-2-R000031,BATCH-2-CLM-0000031,none
batch-2-R000032,BATCH-2-CLM-0000032,none
batch-2-R000033,BATCH-2-CLM-0000033,none
batch-2-R000034,BATCH-2-CLM-0000034,none
batch-2-R000035,BATCH-2-CLM-0000035,none
batch-2-R000036,BATCH-2-CLM-0000036,none
batch-2-R000037,BATCH-2-CLM-0000037,none
batch-2-R000038,BATCH-2-CLM-0000038,none
batch-2-R000039,BATCH-2-CLM-0000039,none
batch-2-R000040,BATCH-2-CLM-0000040,none
batch-2-R000041,BATCH-2-CLM-0000041,none
batch-2-R000042,BATCH-2-CLM-0000042,none
batch-2-R000043,BATCH-2-CLM-0000043,none
batch-2-R000044,BATCH-2-CLM-0000044,none
batch-2-R000045,BATCH-2-CLM-0000045,none
batch-2-R000046,BATCH-2-CLM-0000046,none
batch-2-R000047,BATCH-2-CLM-0000047,none
batch-2-R000048,BATCH-2-CLM-0000048,none
batch-2-R000049,BATCH-2-CLM-0000049,none
batch-2-R000050,BATCH-2-CLM-0000050,none
batch-2-R000051,BATCH-2-CLM-0000051,none
batch-2-R000052,BATCH-2-CLM-0000052,none
batch-2-R000053,BATCH-2-CLM-0000053,none
batch-2-R000054,BATCH-2-CLM-0000054,none
batch-2-R000055,BATCH-2-CLM-0000055,none
batch-2-R000056,BATCH-2-CLM-0000056,none
batch-2-R000057,BATCH-2-CLM-0000057,none
batch-2-R000058,BATCH-2-CLM-0000026,none
batch-2-R000059,BATCH-2-CLM-0000045,none
batch-2-R000060,BATCH-2-CLM-0000058,none
batch-2-R000061,BATCH-2-CLM-0000059,none
batch-2-R000062,BATCH-2-CLM-0000060,none
batch-2-R000063,BATCH-2-CLM-0000061,none
batch-2-R000064,BATCH-2-CLM-0000062,none
batch-2-R000065,BATCH-2-CLM-0000063,none
batch-2-R000066,BATCH-2-CLM-0000064,none
batch-2-R000067,BATCH-2-CLM-0000065,none
batch-2-R000068,BATCH-2-CLM-0000066,none
batch-2-R000069,BATCH-2-CLM-0000067,none
batch-2-R000070,BATCH-2-CLM-0000068,none
batch-2-R000071,BATCH-2-CLM-0000069,none
batch-2-R000072,BATCH-2-CLM-0000070,none
batch-2-R000073,BATCH-2-CLM-0000071,none
batch-2-R000074,BATCH-2-CLM-0000072,none
batch-2-R000075,BATCH-2-CLM-0000073,none
batch-2-R000076,BATCH-2-CLM-0000074,none
batch-2-R000077,BATCH-2-CLM-0000075,none
batch-2-R000078,BATCH-2-CLM-0000076,none
batch-2-R000079,BATCH-2-CLM-0000077,none
batch-2-R000080,BATCH-2-CLM-0000078,none
batch-2-R000081,BATCH-2-CLM-0000079,none
batch-2-R000082,BATCH-2-CLM-0000080,none
batch-2-R000083,BATCH-2-CLM-0000081,none
batch-2-R000084,BATCH-2-CLM-0000082,none
batch-2-R000085,BATCH-2-CLM-0000083,none
batch-2-R000086,BATCH-2-CLM-0000084,none
batch-2-R000087,BATCH-2-CLM-0000085,none
batch-2-R000088,BATCH-2-CLM-0000086,none
batch-2-R000089,BATCH-2-CLM-0000087,none
batch-2-R000090,BATCH-2-CLM-0000088,none
batch-2-R000091,BATCH-2-CLM-0000089,none
batch-2-R000092,BATCH-2-CLM-0000090,none
batch-2-R000093,BATCH-2-CLM-0000091,none
batch-2-R000094,BATCH-2-CLM-0000092,none
batch-2-R000095,BATCH-2-CLM-0000093,none
batch-2-R000096,BATCH-2-CLM-0000094,none
batch-2-R000097,BATCH-2-CLM-0000095,none
batch-2-R000098,BATCH-2-CLM-0000096,none
batch-2-R000099,BATCH-2-CLM-0000097,none
batch-2-R000100,BATCH-2-CLM-0000098,none
batch-2-R000101,BATCH-2-CLM-0000099,none
batch-2-R000102,BATCH-2-CLM-0000100,none
batch-2-R000103,BATCH-2-CLM-0000101,none
batch-2-R000104,BATCH-2-CLM-0000102,none
batch-2-R000105,BATCH-2-CLM-0000103,none
batch-2-R000106,BATCH-2-CLM-0000104,none
batch-2-R000107,BATCH-2-CLM-0000105,none
batch-2-R000108,BATCH-2-CLM-0000106,none
batch-2-R000109,BATCH-2-CLM-0000107,none
batch-2-R000110,BATCH-2-CLM-0000108,none
batch-2-R000111,BATCH-2-CLM-0000077,none
batch-2-R000112,BATCH-2-CLM-0000088,none
batch-2-R000113,BATCH-2-CLM-0000109,none
batch-2-R000114,BATCH-2-CLM-0000110,none
batch-2-R000115,BATCH-2-CLM-0000111,none
batch-2-R000116,BATCH-2-CLM-0000112,none
batch-2-R000117,BATCH-2-CLM-0000113,none
batch-2-R000118,BATCH-2-CLM-0000114,none
batch-2-R000119,BATCH-2-CLM-0000115,none
batch-2-R000120,BATCH-2-CLM-0000116,none
batch-2-R000121,BATCH-2-CLM-0000117,none
batch-2-R000122,BATCH-2-CLM-0000118,none
batch-2-R000123,BATCH-2-CLM-0000119,none
batch-2-R000124,BATCH-2-CLM-0000120,none
batch-2-R000125,BATCH-2-CLM-0000121,none
batch-2-R000126,BATCH-2-CLM-0000122,none
batch-2-R000127,BATCH-2-CLM-0000123,none
batch-2-R000128,BATCH-2-CLM-0000124,none
batch-2-R000129,BATCH-2-CLM-0000125,none
batch-2-R000130,BATCH-2-CLM-0000126,none
batch-2-R000131,BATCH-2-CLM-0000127,none
batch-2-R000132,BATCH-2-CLM-0000128,none
batch-2-R000133,BATCH-2-CLM-0000129,none
batch-2-R000134,BATCH-2-CLM-0000130,none
batch-2-R000135,BATCH-2-CLM-0000131,none
batch-2-R000136,BATCH-2-CLM-0000132,none
batch-2-R000137,BATCH-2-CLM-0000133,none
batch-2-R000138,BATCH-2-CLM-0000134,none
batch-2-R000139,BATCH-2-CLM-0000135,none
batch-2-R000140,BATCH-2-CLM-0000136,none
batch-2-R000141,BATCH-2-CLM-0000137,none
batch-2-R000142,BATCH-2-CLM-0000138,none
batch-2-R000143,BATCH-2-CLM-0000139,none
batch-2-R000144,BATCH-2-CLM-0000140,none
batch-2-R000145,BATCH-2-CLM-0000141,none
batch-2-R000146,BATCH-2-CLM-0000142,none
batch-2-R000147,BATCH-2-CLM-0000143,none
batch-2-R000148,BATCH-2-CLM-0000144,none
batch-2-R000149,BATCH-2-CLM-0000145,none
batch-2-R000150,BATCH-2-CLM-0000146,none
batch-2-R000151,BATCH-2-CLM-0000147,none
batch-2-R000152,BATCH-2-CLM-0000148,none
batch-2-R000153,BATCH-2-CLM-0000149,none
batch-2-R000154,BATCH-2-CLM-0000150,none
batch-2-R000155,BATCH-2-CLM-0000151,none
batch-2-R000156,BATCH-2-CLM-0000152,none
batch-2-R000157,BATCH-2-CLM-0000153,none
batch-2-R000158,BATCH-2-CLM-0000154,none
batch-2-R000159,BATCH-2-CLM-0000155,none
batch-2-R000160,BATCH-2-CLM-0000156,none
batch-2-R000161,BATCH-2-CLM-0000157,none
batch-2-R000162,BATCH-2-CLM-0000158,none
batch-2-R000163,BATCH-2-CLM-0000159,none
batch-2-R000164,BATCH-2-CLM-0000160,none
batch-2-R000165,BATCH-2-CLM-0000161,none
batch-2-R000166,BATCH-2-CLM-0000162,none
batch-2-R000167,BATCH-2-CLM-0000163,none
batch-2-R000168,BATCH-2-CLM-0000164,none
batch-2-R000169,BATCH-2-CLM-0000165,none
batch-2-R000170,BATCH-2-CLM-0000166,none
batch-2-R000171,BATCH-2-CLM-0000167,none
batch-2-R000172,BATCH-2-CLM-0000168,none
batch-2-R000173,BATCH-2-CLM-0000169,none
batch-2-R000174,BATCH-2-CLM-0000170,none
batch-2-R000175,BATCH-2-CLM-0000171,none
batch-2-R000176,BATCH-2-CLM-0000172,none
batch-2-R000177,BATCH-2-CLM-0000173,none
batch-2-R000178,BATCH-2-CLM-0000174,none
batch-2-R000179,BATCH-2-CLM-0000175,none
batch-2-R000180,BATCH-2-CLM-0000176,none
batch-2-R000181,BATCH-2-CLM-0000111,none
batch-2-R000182,BATCH-2-CLM-0000122,none
batch-2-R000183,BATCH-2-CLM-0000177,none
batch-2-R000184,BATCH-2-CLM-0000178,none
batch-2-R000185,BATCH-2-CLM-0000179,none
batch-2-R000186,BATCH-2-CLM-0000180,none
batch-2-R000187,BATCH-2-CLM-0000181,none
batch-2-R000188,BATCH-2-CLM-0000182,none
batch-2-R000189,BATCH-2-CLM-0000183,none
batch-2-R000190,BATCH-2-CLM-0000184,none
batch-2-R000191,BATCH-2-CLM-0000185,none
batch-2-R000192,BATCH-2-CLM-0000186,none
batch-2-R000193,BATCH-2-CLM-0000187,none
batch-2-R000194,BATCH-2-CLM-0000188,none
batch-2-R000195,BATCH-2-CLM-0000189,none
batch-2-R000196,BATCH-2-CLM-0000190,none
batch-2-R000197,BATCH-2-CLM-0000191,none
batch-2-R000198,BATCH-2-CLM-0000192,none
batch-2-R000199,BATCH-2-CLM-0000193,none
batch-2-R000200,BATCH-2-CLM-0000194,none
batch-2-R000201,BATCH-2-CLM-0000195,none
batch-2-R000202,BATCH-2-CLM-0000196,none
batch-2-R000203,BATCH-2-CLM-0000197,none
batch-2-R000204,BATCH-2-CLM-0000198,none
batch-2-R000205,BATCH-2-CLM-0000199,none
batch-2-R000206,BATCH-2-CLM-0000200,none
batch-2-R000207,BATCH-2-CLM-0000201,none
batch-2-R000208,BATCH-2-CLM-0000202,none
batch-2-R000209,BATCH-2-CLM-0000203,none
batch-2-R000210,BATCH-2-CLM-0000204,none
batch-2-R000211,BATCH-2-CLM-0000205,none
batch-2-R000212,BATCH-2-CLM-0000206,none
batch-2-R000213,BATCH-2-CLM-0000207,none
batch-2-R000214,BATCH-2-CLM-0000208,none
batch-2-R000215,BATCH-2-CLM-0000209,none
batch-2-R000216,BATCH-2-CLM-0000210,none
batch-2-R000217,BATCH-2-CLM-0000211,none
batch-2-R000218,BATCH-2-CLM-0000212,none
batch-2-R000219,BATCH-2-CLM-0000213,none
batch-2-R000220,BATCH-2-CLM-0000214,none
batch-2-R000221,BATCH-2-CLM-0000215,none
batch-2-R000222,BATCH-2-CLM-0000216,none
batch-2-R000223,BATCH-2-CLM-0000217,none
batch-2-R000224,BATCH-2-CLM-0000218,none
batch-2-R000225,BATCH-2-CLM-0000219,none
batch-2-R000226,BATCH-2-CLM-0000220,none
batch-2-R000227,BATCH-2-CLM-0000221,none
batch-2-R000228,BATCH-2-CLM-0000222,none
batch-2-R000229,BATCH-2-CLM-0000223,none
batch-2-R000230,BATCH-2-CLM-0000222,none
batch-2-R000231,BATCH-2-CLM-0000182,none
batch-2-R000232,BATCH-2-CLM-0000224,none
batch-2-R000233,BATCH-2-CLM-0000225,none
batch-2-R000234,BATCH-2-CLM-0000226,none
batch-2-R000235,BATCH-2-CLM-0000227,none
batch-2-R000236,BATCH-2-CLM-0000228,none
batch-2-R000237,BATCH-2-CLM-0000229,none
batch-2-R000238,BATCH-2-CLM-0000230,none
batch-2-R000239,BATCH-2-CLM-0000231,none
batch-2-R000240,BATCH-2-CLM-0000232,none
batch-2-R000241,BATCH-2-CLM-0000233,none
batch-2-R000242,BATCH-2-CLM-0000234,none
batch-2-R000243,BATCH-2-CLM-0000235,none
batch-2-R000244,BATCH-2-CLM-0000236,none
batch-2-R000245,BATCH-2-CLM-0000237,none
batch-2-R000246,BATCH-2-CLM-0000238,none
batch-2-R000247,BATCH-2-CLM-0000239,none
batch-2-R000248,BATCH-2-CLM-0000240,none
batch-2-R000249,BATCH-2-CLM-0000241,none
batch-2-R000250,BATCH-2-CLM-0000242,none
batch-2-R000251,BATCH-2-CLM-0000243,none
batch-2-R000252,BATCH-2-CLM-0000244,none
batch-2-R000253,BATCH-2-CLM-0000245,none
batch-2-R000254,BATCH-2-CLM-0000246,none
batch-2-R000255,BATCH-2-CLM-0000247,none
batch-2-R000256,BATCH-2-CLM-0000248,none
batch-2-R000257,BATCH-2-CLM-0000249,none
batch-2-R000258,BATCH-2-CLM-0000250,none
batch-2-R000259,BATCH-2-CLM-0000251,none
batch-2-R000260,BATCH-2-CLM-0000252,none
batch-2-R000261,BATCH-2-CLM-0000253,none
batch-2-R000262,BATCH-2-CLM-0000254,none
batch-2-R000263,BATCH-2-CLM-0000255,none
batch-2-R000264,BATCH-2-CLM-0000256,none
batch-2-R000265,BATCH-2-CLM-0000257,none
batch-2-R000266,BATCH-2-CLM-0000258,none
batch-2-R000267,BATCH-2-CLM-0000259,none
batch-2-R000268,BATCH-2-CLM-0000260,none
batch-2-R000269,BATCH-2-CLM-0000261,none
batch-2-R000270,BATCH-2-CLM-0000262,none
batch-2-R000271,BATCH-2-CLM-0000263,none
batch-2-R000272,BATCH-2-CLM-0000264,none
batch-2-R000273,BATCH-2-CLM-0000265,none
batch-2-R000274,BATCH-2-CLM-0000266,none
batch-2-R000275,BATCH-2-CLM-0000267,none
batch-2-R000276,BATCH-2-CLM-0000268,none
batch-2-R000277,BATCH-2-CLM-0000269,none
batch-2-R000278,BATCH-2-CLM-0000270,none
batch-2-R000279,BATCH-2-CLM-0000271,none
batch-2-R000280,BATCH-2-CLM-0000272,none
batch-2-R000281,BATCH-2-CLM-0000273,none
batch-2-R000282,BATCH-2-CLM-0000274,none
batch-2-R000283,BATCH-2-CLM-0000275,none
batch-2-R000284,BATCH-2-CLM-0000276,none
batch-2-R000285,BATCH-2-CLM-0000277,none
batch-2-R000286,BATCH-2-CLM-0000278,none
batch-2-R000287,BATCH-2-CLM-0000279,none
batch-2-R000288,BATCH-2-CLM-0000245,none
batch-2-R000289,BATCH-2-CLM-0000225,none
batch-2-R000290,BATCH-2-CLM-0000259,none
batch-2-R000291,BATCH-2-CLM-0000240,duplicate_spike
batch-2-R000292,BATCH-2-CLM-0000238,duplicate_spike
batch-2-R000293,BATCH-2-CLM-0000266,duplicate_spike
batch-2-R000294,BATCH-2-CLM-0000246,duplicate_spike
batch-2-R000295,BATCH-2-CLM-0000263,duplicate_spike
batch-2-R000296,BATCH-2-CLM-0000260,duplicate_spike
batch-2-R000297,BATCH-2-CLM-0000269,duplicate_spike
batch-2-R000298,BATCH-2-CLM-0000271,duplicate_spike
batch-2-R000299,BATCH-2-CLM-0000242,duplicate_spike
batch-2-R000300,BATCH-2-CLM-0000248,duplicate_spike
batch-2-R000301,BATCH-2-CLM-0000278,duplicate_spike
batch-2-R000302,BATCH-2-CLM-0000245,duplicate_spike
batch-2-R000303,BATCH-2-CLM-0000251,duplicate_spike
batch-2-R000304,BATCH-2-CLM-0000279,duplicate_spike
batch-2-R000305,BATCH-2-CLM-0000265,duplicate_spike
batch-2-R000306,BATCH-2-CLM-0000277,duplicate_spike
batch-2-R000307,BATCH-2-CLM-0000225,duplicate_spike
batch-2-R000308,BATCH-2-CLM-0000257,duplicate_spike
batch-2-R000309,BATCH-2-CLM-0000252,duplicate_spike
batch-2-R000310,BATCH-2-CLM-0000267,duplicate_spike
batch-2-R000311,BATCH-2-CLM-0000276,duplicate_spike
batch-2-R000312,BATCH-2-CLM-0000245,duplicate_spike
batch-2-R000313,BATCH-2-CLM-0000254,duplicate_spike
batch-2-R000314,BATCH-2-CLM-0000258,duplicate_spike
batch-2-R000315,BATCH-2-CLM-0000241,duplicate_spike
batch-2-R000316,BATCH-2-CLM-0000268,duplicate_spike
batch-2-R000317,BATCH-2-CLM-0000261,duplicate_spike
batch-2-R000318,BATCH-2-CLM-0000244,duplicate_spike
batch-2-R000319,BATCH-2-CLM-0000275,duplicate_spike
batch-2-R000320,BATCH-2-CLM-0000235,duplicate_spike
batch-2-R000321,BATCH-2-CLM-0000249,duplicate_spike
batch-2-R000322,BATCH-2-CLM-0000259,duplicate_spike
batch-2-R000323,BATCH-2-CLM-0000253,duplicate_spike
batch-2-R000324,BATCH-2-CLM-0000250,duplicate_spike
batch-2-R000325,BATCH-2-CLM-0000273,duplicate_spike
batch-2-R000326,BATCH-2-CLM-0000280,none
batch-2-R000327,BATCH-2-CLM-0000281,none
batch-2-R000328,BATCH-2-CLM-0000282,none
batch-2-R000329,BATCH-2-CLM-0000283,none
batch-2-R000330,BATCH-2-CLM-0000284,none
batch-2-R000331,BATCH-2-CLM-0000285,none
batch-2-R000332,BATCH-2-CLM-0000286,none
batch-2-R000333,BATCH-2-CLM-0000287,none
batch-2-R000334,BATCH-2-CLM-0000288,none
batch-2-R000335,BATCH-2-CLM-0000289,none
batch-2-R000336,BATCH-2-CLM-0000290,none
batch-2-R000337,BATCH-2-CLM-0000291,none
batch-2-R000338,BATCH-2-CLM-0000292,none
batch-2-R000339,BATCH-2-CLM-0000293,none
batch-2-R000340,BATCH-2-CLM-0000294,none
batch-2-R000341,BATCH-2-CLM-0000295,none
batch-2-R000342,BATCH-2-CLM-0000296,none
batch-2-R000343,BATCH-2-CLM-0000297,none
batch-2-R000344,BATCH-2-CLM-0000298,none
batch-2-R000345,BATCH-2-CLM-0000299,none
batch-2-R000346,BATCH-2-CLM-0000300,none
batch-2-R000347,BATCH-2-CLM-0000301,none
batch-2-R000348,BATCH-2-CLM-0000302,none
batch-2-R000349,BATCH-2-CLM-0000303,none
batch-2-R000350,BATCH-2-CLM-0000304,none
batch-2-R000351,BATCH-2-CLM-0000305,none
batch-2-R000352,BATCH-2-CLM-0000306,none
batch-2-R000353,BATCH-2-CLM-0000307,none
batch-2-R000354,BATCH-2-CLM-0000308,none
batch-2-R000355,BATCH-2-CLM-0000309,none
batch-2-R000356,BATCH-2-CLM-0000310,none
batch-2-R000357,BATCH-2-CLM-0000311,none
batch-2-R000358,BATCH-2-CLM-0000312,none
batch-2-R000359,BATCH-2-CLM-0000313,none
batch-2-R000360,BATCH-2-CLM-0000314,none
batch-2-R000361,BATCH-2-CLM-0000315,none
batch-2-R000362,BATCH-2-CLM-0000316,none
batch-2-R000363,BATCH-2-CLM-0000317,none
batch-2-R000364,BATCH-2-CLM-0000318,none
batch-2-R000365,BATCH-2-CLM-0000319,none
batch-2-R000366,BATCH-2-CLM-0000320,none
batch-2-R000367,BATCH-2-CLM-0000321,none
batch-2-R000368,BATCH-2-CLM-0000322,none
batch-2-R000369,BATCH-2-CLM-0000323,none
batch-2-R000370,BATCH-2-CLM-0000324,none
batch-2-R000371,BATCH-2-CLM-0000325,none
batch-2-R000372,BATCH-2-CLM-0000326,none
batch-2-R000373,BATCH-2-CLM-0000327,none
batch-2-R000374,BATCH-2-CLM-0000328,none
batch-2-R000375,BATCH-2-CLM-0000329,none
batch-2-R000376,BATCH-2-CLM-0000330,none
batch-2-R000377,BATCH-2-CLM-0000331,none
batch-2-R000378,BATCH-2-CLM-0000332,none
batch-2-R000379,BATCH-2-CLM-0000333,none
batch-2-R000380,BATCH-2-CLM-0000334,none
batch-2-R000381,BATCH-2-CLM-0000335,none
batch-2-R000382,BATCH-2-CLM-0000336,none
batch-2-R000383,BATCH-2-CLM-0000337,none
batch-2-R000384,BATCH-2-CLM-0000325,none
batch-2-R000385,BATCH-2-CLM-0000318,none
batch-2-R000386,BATCH-2-CLM-0000337,duplicate_spike
batch-2-R000387,BATCH-2-CLM-0000329,duplicate_spike
batch-2-R000388,BATCH-2-CLM-0000284,duplicate_spike
batch-2-R000389,BATCH-2-CLM-0000292,duplicate_spike
batch-2-R000390,BATCH-2-CLM-0000295,duplicate_spike
batch-2-R000391,BATCH-2-CLM-0000310,duplicate_spike
batch-2-R000392,BATCH-2-CLM-0000317,duplicate_spike
batch-2-R000393,BATCH-2-CLM-0000327,duplicate_spike
batch-2-R000394,BATCH-2-CLM-0000328,duplicate_spike
batch-2-R000395,BATCH-2-CLM-0000333,duplicate_spike
batch-2-R000396,BATCH-2-CLM-0000309,duplicate_spike
batch-2-R000397,BATCH-2-CLM-0000280,duplicate_spike
batch-2-R000398,BATCH-2-CLM-0000334,duplicate_spike
batch-2-R000399,BATCH-2-CLM-0000290,duplicate_spike
batch-2-R000400,BATCH-2-CLM-0000286,duplicate_spike
batch-2-R000401,BATCH-2-CLM-0000324,duplicate_spike
batch-2-R000402,BATCH-2-CLM-0000315,duplicate_spike
batch-2-R000403,BATCH-2-CLM-0000318,duplicate_spike
batch-2-R000404,BATCH-2-CLM-0000300,duplicate_spike
batch-2-R000405,BATCH-2-CLM-0000307,duplicate_spike
batch-2-R000406,BATCH-2-CLM-0000316,duplicate_spike
batch-2-R000407,BATCH-2-CLM-0000297,duplicate_spike
batch-2-R000408,BATCH-2-CLM-0000311,duplicate_spike
batch-2-R000409,BATCH-2-CLM-0000287,duplicate_spike
batch-2-R000410,BATCH-2-CLM-0000285,duplicate_spike
batch-2-R000411,BATCH-2-CLM-0000325,duplicate_spike
batch-2-R000412,BATCH-2-CLM-0000308,duplicate_spike
batch-2-R000413,BATCH-2-CLM-0000312,duplicate_spike
batch-2-R000414,BATCH-2-CLM-0000283,duplicate_spike
batch-2-R000415,BATCH-2-CLM-0000296,duplicate_spike
batch-2-R000416,BATCH-2-CLM-0000293,duplicate_spike
batch-2-R000417,BATCH-2-CLM-0000304,duplicate_spike
batch-2-R000418,BATCH-2-CLM-0000313,duplicate_spike
batch-2-R000419,BATCH-2-CLM-0000319,duplicate_spike
batch-2-R000420,BATCH-2-CLM-0000318,duplicate_spike
batch-2-R000421,BATCH-2-CLM-0000322,duplicate_spike
batch-2-R000422,BATCH-2-CLM-0000298,duplicate_spike
batch-2-R000423,BATCH-2-CLM-0000314,duplicate_spike
batch-2-R000424,BATCH-2-CLM-0000294,duplicate_spike
batch-2-R000425,BATCH-2-CLM-0000288,duplicate_spike
batch-2-R000426,BATCH-2-CLM-0000301,duplicate_spike
batch-2-R000427,BATCH-2-CLM-0000291,duplicate_spike
batch-2-R000428,BATCH-2-CLM-0000289,duplicate_spike
batch-2-R000429,BATCH-2-CLM-0000320,duplicate_spike
batch-2-R000430,BATCH-2-CLM-0000330,duplicate_spike
batch-2-R000431,BATCH-2-CLM-0000323,duplicate_spike
batch-2-R000432,BATCH-2-CLM-0000336,duplicate_spike
batch-2-R000433,BATCH-2-CLM-0000321,duplicate_spike
batch-2-R000434,BATCH-2-CLM-0000332,duplicate_spike
batch-2-R000435,BATCH-2-CLM-0000305,duplicate_spike
batch-2-R000436,BATCH-2-CLM-0000299,duplicate_spike
batch-2-R000437,BATCH-2-CLM-0000338,none
batch-2-R000438,BATCH-2-CLM-0000339,none
batch-2-R000439,BATCH-2-CLM-0000340,none
batch-2-R000440,BATCH-2-CLM-0000341,none
batch-2-R000441,BATCH-2-CLM-0000342,none
batch-2-R000442,BATCH-2-CLM-0000343,none
batch-2-R000443,BATCH-2-CLM-0000344,none
batch-2-R000444,BATCH-2-CLM-0000345,none
batch-2-R000445,BATCH-2-CLM-0000346,none
batch-2-R000446,BATCH-2-CLM-0000347,none
batch-2-R000447,BATCH-2-CLM-0000348,none
batch-2-R000448,BATCH-2-CLM-0000349,none
batch-2-R000449,BATCH-2-CLM-0000350,none
batch-2-R000450,BATCH-2-CLM-0000351,none
batch-2-R000451,BATCH-2-CLM-0000352,none
batch-2-R000452,BATCH-2-CLM-0000353,none
batch-2-R000453,BATCH-2-CLM-0000354,none
batch-2-R000454,BATCH-2-CLM-0000355,none
batch-2-R000455,BATCH-2-CLM-0000356,none
batch-2-R000456,BATCH-2-CLM-0000357,none
batch-2-R000457,BATCH-2-CLM-0000358,none
batch-2-R000458,BATCH-2-CLM-0000359,none
batch-2-R000459,BATCH-2-CLM-0000360,none
batch-2-R000460,BATCH-2-CLM-0000361,none
batch-2-R000461,BATCH-2-CLM-0000362,none
batch-2-R000462,BATCH-2-CLM-0000363,none
batch-2-R000463,BATCH-2-CLM-0000364,none
batch-2-R000464,BATCH-2-CLM-0000365,none
batch-2-R000465,BATCH-2-CLM-0000366,none
batch-2-R000466,BATCH-2-CLM-0000367,none
batch-2-R000467,BATCH-2-CLM-0000368,none
batch-2-R000468,BATCH-2-CLM-0000369,none
batch-2-R000469,BATCH-2-CLM-0000370,none
batch-2-R000470,BATCH-2-CLM-0000371,none
batch-2-R000471,BATCH-2-CLM-0000372,none
batch-2-R000472,BATCH-2-CLM-0000373,none
batch-2-R000473,BATCH-2-CLM-0000374,none
batch-2-R000474,BATCH-2-CLM-0000375,none
batch-2-R000475,BATCH-2-CLM-0000376,none
batch-2-R000476,BATCH-2-CLM-0000377,none
batch-2-R000477,BATCH-2-CLM-0000378,none
batch-2-R000478,BATCH-2-CLM-0000379,none
batch-2-R000479,BATCH-2-CLM-0000380,none
batch-2-R000480,BATCH-2-CLM-0000381,none
batch-2-R000481,BATCH-2-CLM-0000382,none
batch-2-R000482,BATCH-2-CLM-0000383,none
batch-2-R000483,BATCH-2-CLM-0000384,none
batch-2-R000484,BATCH-2-CLM-0000385,none
batch-2-R000485,BATCH-2-CLM-0000386,none
batch-2-R000486,BATCH-2-CLM-0000387,none
batch-2-R000487,BATCH-2-CLM-0000388,none
batch-2-R000488,BATCH-2-CLM-0000389,none
batch-2-R000489,BATCH-2-CLM-0000350,none
batch-2-R000490,BATCH-2-CLM-0000351,duplicate_spike
batch-2-R000491,BATCH-2-CLM-0000342,duplicate_spike
batch-2-R000492,BATCH-2-CLM-0000350,duplicate_spike
batch-2-R000493,BATCH-2-CLM-0000338,duplicate_spike
batch-2-R000494,BATCH-2-CLM-0000343,duplicate_spike
batch-2-R000495,BATCH-2-CLM-0000340,duplicate_spike
batch-2-R000496,BATCH-2-CLM-0000345,duplicate_spike
batch-2-R000497,BATCH-2-CLM-0000349,duplicate_spike
batch-2-R000498,BATCH-2-CLM-0000344,duplicate_spike
batch-2-R000499,BATCH-2-CLM-0000347,duplicate_spike
batch-2-R000500,BATCH-2-CLM-0000352,duplicate_spike
batch-2-R000501,BATCH-2-CLM-0000348,duplicate_spike
batch-2-R000502,BATCH-2-CLM-0000339,duplicate_spike
batch-2-R000503,BATCH-2-CLM-0000390,none
batch-2-R000504,BATCH-2-CLM-0000391,none
batch-2-R000505,BATCH-2-CLM-0000392,none
batch-2-R000506,BATCH-2-CLM-0000393,none
batch-2-R000507,BATCH-2-CLM-0000394,none
batch-2-R000508,BATCH-2-CLM-0000395,none
batch-2-R000509,BATCH-2-CLM-0000396,none
batch-2-R000510,BATCH-2-CLM-0000397,none
batch-2-R000511,BATCH-2-CLM-0000398,none
batch-2-R000512,BATCH-2-CLM-0000399,none
batch-2-R000513,BATCH-2-CLM-0000400,none
batch-2-R000514,BATCH-2-CLM-0000401,none
batch-2-R000515,BATCH-2-CLM-0000402,none
batch-2-R000516,BATCH-2-CLM-0000403,none
batch-2-R000517,BATCH-2-CLM-0000404,none
batch-2-R000518,BATCH-2-CLM-0000405,none
batch-2-R000519,BATCH-2-CLM-0000406,none
batch-2-R000520,BATCH-2-CLM-0000407,none
batch-2-R000521,BATCH-2-CLM-0000408,none
batch-2-R000522,BATCH-2-CLM-0000409,none
batch-2-R000523,BATCH-2-CLM-0000410,none
batch-2-R000524,BATCH-2-CLM-0000411,none
batch-2-R000525,BATCH-2-CLM-0000412,none
batch-2-R000526,BATCH-2-CLM-0000413,none
batch-2-R000527,BATCH-2-CLM-0000414,none
batch-2-R000528,BATCH-2-CLM-0000415,none
batch-2-R000529,BATCH-2-CLM-0000416,none
batch-2-R000530,BATCH-2-CLM-0000417,none
batch-2-R000531,BATCH-2-CLM-0000418,none
batch-2-R000532,BATCH-2-CLM-0000419,none
batch-2-R000533,BATCH-2-CLM-0000420,none
batch-2-R000534,BATCH-2-CLM-0000421,none
batch-2-R000535,BATCH-2-CLM-0000422,none
batch-2-R000536,BATCH-2-CLM-0000423,none
batch-2-R000537,BATCH-2-CLM-0000424,none
batch-2-R000538,BATCH-2-CLM-0000425,none
batch-2-R000539,BATCH-2-CLM-0000426,none
batch-2-R000540,BATCH-2-CLM-0000427,none
batch-2-R000541,BATCH-2-CLM-0000428,none
batch-2-R000542,BATCH-2-CLM-0000429,none
batch-2-R000543,BATCH-2-CLM-0000430,none
batch-2-R000544,BATCH-2-CLM-0000431,none
batch-2-R000545,BATCH-2-CLM-0000432,none
batch-2-R000546,BATCH-2-CLM-0000433,none
batch-2-R000547,BATCH-2-CLM-0000434,none
batch-2-R000548,BATCH-2-CLM-0000435,none
batch-2-R000549,BATCH-2-CLM-0000436,none
batch-2-R000550,BATCH-2-CLM-0000397,none
batch-2-R000551,BATCH-2-CLM-0000428,none
batch-2-R000552,BATCH-2-CLM-0000405,none
batch-2-R000553,BATCH-2-CLM-0000437,none
batch-2-R000554,BATCH-2-CLM-0000438,none
batch-2-R000555,BATCH-2-CLM-0000439,none
batch-2-R000556,BATCH-2-CLM-0000440,none
batch-2-R000557,BATCH-2-CLM-0000441,none
batch-2-R000558,BATCH-2-CLM-0000442,none
batch-2-R000559,BATCH-2-CLM-0000443,none
batch-2-R000560,BATCH-2-CLM-0000444,none
batch-2-R000561,BATCH-2-CLM-0000445,none
batch-2-R000562,BATCH-2-CLM-0000446,none
batch-2-R000563,BATCH-2-CLM-0000447,none
batch-2-R000564,BATCH-2-CLM-0000448,none
batch-2-R000565,BATCH-2-CLM-0000449,none
batch-2-R000566,BATCH-2-CLM-0000450,none
batch-2-R000567,BATCH-2-CLM-0000451,none
batch-2-R000568,BATCH-2-CLM-0000452,none
batch-2-R000569,BATCH-2-CLM-0000453,none
batch-2-R000570,BATCH-2-CLM-0000454,none
batch-2-R000571,BATCH-2-CLM-0000455,none
batch-2-R000572,BATCH-2-CLM-0000456,none
batch-2-R000573,BATCH-2-CLM-0000457,none
batch-2-R000574,BATCH-2-CLM-0000458,none
batch-2-R000575,BATCH-2-CLM-0000459,none
batch-2-R000576,BATCH-2-CLM-0000460,none
batch-2-R000577,BATCH-2-CLM-0000461,none
batch-2-R000578,BATCH-2-CLM-0000462,none
batch-2-R000579,BATCH-2-CLM-0000463,none
batch-2-R000580,BATCH-2-CLM-0000464,none
batch-2-R000581,BATCH-2-CLM-0000465,none
batch-2-R000582,BATCH-2-CLM-0000466,none
batch-2-R000583,BATCH-2-CLM-0000467,none
batch-2-R000584,BATCH-2-CLM-0000468,none
batch-2-R000585,BATCH-2-CLM-0000469,none
batch-2-R000586,BATCH-2-CLM-0000470,none
batch-2-R000587,BATCH-2-CLM-0000471,none
batch-2-R000588,BATCH-2-CLM-0000472,none
batch-2-R000589,BATCH-2-CLM-0000473,none
batch-2-R000590,BATCH-2-CLM-0000474,none
batch-2-R000591,BATCH-2-CLM-0000475,none
batch-2-R000592,BATCH-2-CLM-0000476,none
batch-2-R000593,BATCH-2-CLM-0000477,none
batch-2-R000594,BATCH-2-CLM-0000478,none
batch-2-R000595,BATCH-2-CLM-0000479,none
batch-2-R000596,BATCH-2-CLM-0000480,none
batch-2-R000597,BATCH-2-CLM-0000481,none
batch-2-R000598,BATCH-2-CLM-0000482,none
batch-2-R000599,BATCH-2-CLM-0000483,none
batch-2-R000600,BATCH-2-CLM-0000484,none
batch-2-R000601,BATCH-2-CLM-0000485,none
batch-2-R000602,BATCH-2-CLM-0000486,none
batch-2-R000603,BATCH-2-CLM-0000487,none
batch-2-R000604,BATCH-2-CLM-0000488,none
batch-2-R000605,BATCH-2-CLM-0000489,none
batch-2-R000606,BATCH-2-CLM-0000490,none
batch-2-R000607,BATCH-2-CLM-0000491,none
batch-2-R000608,BATCH-2-CLM-0000492,none
batch-2-R000609,BATCH-2-CLM-0000493,none
batch-2-R000610,BATCH-2-CLM-0000494,none
batch-2-R000611,BATCH-2-CLM-0000495,none
batch-2-R000612,BATCH-2-CLM-0000496,none
batch-2-R000613,BATCH-2-CLM-0000497,none
batch-2-R000614,BATCH-2-CLM-0000498,none
batch-2-R000615,BATCH-2-CLM-0000499,none
batch-2-R000616,BATCH-2-CLM-0000500,none
batch-2-R000617,BATCH-2-CLM-0000501,none
batch-2-R000618,BATCH-2-CLM-0000502,none
batch-2-R000619,BATCH-2-CLM-0000503,none
batch-2-R000620,BATCH-2-CLM-0000504,none
batch-2-R000621,BATCH-2-CLM-0000505,none
batch-2-R000622,BATCH-2-CLM-0000506,none
batch-2-R000623,BATCH-2-CLM-0000507,none
batch-2-R000624,BATCH-2-CLM-0000508,none
batch-2-R000625,BATCH-2-CLM-0000509,none
batch-2-R000626,BATCH-2-CLM-0000510,none
batch-2-R000627,BATCH-2-CLM-0000511,none
batch-2-R000628,BATCH-2-CLM-0000512,none
batch-2-R000629,BATCH-2-CLM-0000513,none
batch-2-R000630,BATCH-2-CLM-0000514,none
batch-2-R000631,BATCH-2-CLM-0000515,none
batch-2-R000632,BATCH-2-CLM-0000516,none
batch-2-R000633,BATCH-2-CLM-0000517,none
batch-2-R000634,BATCH-2-CLM-0000518,none
batch-2-R000635,BATCH-2-CLM-0000519,none
batch-2-R000636,BATCH-2-CLM-0000520,none
batch-2-R000637,BATCH-2-CLM-0000521,none
batch-2-R000638,BATCH-2-CLM-0000522,none
batch-2-R000639,BATCH-2-CLM-0000523,none
batch-2-R000640,BATCH-2-CLM-0000524,none
batch-2-R000641,BATCH-2-CLM-0000525,none
batch-2-R000642,BATCH-2-CLM-0000526,none
batch-2-R000643,BATCH-2-CLM-0000527,none
batch-2-R000644,BATCH-2-CLM-0000528,none
batch-2-R000645,BATCH-2-CLM-0000529,none
batch-2-R000646,BATCH-2-CLM-0000530,none
batch-2-R000647,BATCH-2-CLM-0000531,none
batch-2-R000648,BATCH-2-CLM-0000532,none
batch-2-R000649,BATCH-2-CLM-0000533,none
batch-2-R000650,BATCH-2-CLM-0000534,none
batch-2-R000651,BATCH-2-CLM-0000535,none
batch-2-R000652,BATCH-2-CLM-0000536,none
batch-2-R000653,BATCH-2-CLM-0000537,none
batch-2-R000654,BATCH-2-CLM-0000538,none
batch-2-R000655,BATCH-2-CLM-0000539,none
batch-2-R000656,BATCH-2-CLM-0000540,none
batch-2-R000657,BATCH-2-CLM-0000541,none
batch-2-R000658,BATCH-2-CLM-0000542,none
batch-2-R000659,BATCH-2-CLM-0000543,none
batch-2-R000660,BATCH-2-CLM-0000544,none
batch-2-R000661,BATCH-2-CLM-0000545,none
batch-2-R000662,BATCH-2-CLM-0000546,none
batch-2-R000663,BATCH-2-CLM-0000547,none
batch-2-R000664,BATCH-2-CLM-0000548,none
batch-2-R000665,BATCH-2-CLM-0000549,none
batch-2-R000666,BATCH-2-CLM-0000529,none
batch-2-R000667,BATCH-2-CLM-0000550,none
batch-2-R000668,BATCH-2-CLM-0000551,none
batch-2-R000669,BATCH-2-CLM-0000552,none
batch-2-R000670,BATCH-2-CLM-0000553,none
batch-2-R000671,BATCH-2-CLM-0000554,none
batch-2-R000672,BATCH-2-CLM-0000555,none
batch-2-R000673,BATCH-2-CLM-0000556,none
batch-2-R000674,BATCH-2-CLM-0000557,none
batch-2-R000675,BATCH-2-CLM-0000558,none
batch-2-R000676,BATCH-2-CLM-0000559,none
batch-2-R000677,BATCH-2-CLM-0000560,none
batch-2-R000678,BATCH-2-CLM-0000561,none
batch-2-R000679,BATCH-2-CLM-0000562,none
batch-2-R000680,BATCH-2-CLM-0000563,none
batch-2-R000681,BATCH-2-CLM-0000564,none
batch-2-R000682,BATCH-2-CLM-0000565,none
batch-2-R000683,BATCH-2-CLM-0000566,none
batch-2-R000684,BATCH-2-CLM-0000567,none
batch-2-R000685,BATCH-2-CLM-0000568,none
batch-2-R000686,BATCH-2-CLM-0000569,none
batch-2-R000687,BATCH-2-CLM-0000570,none
batch-2-R000688,BATCH-2-CLM-0000571,none
batch-2-R000689,BATCH-2-CLM-0000572,none
batch-2-R000690,BATCH-2-CLM-0000573,none
batch-2-R000691,BATCH-2-CLM-0000574,none
batch-2-R000692,BATCH-2-CLM-0000575,none
batch-2-R000693,BATCH-2-CLM-0000576,none
batch-2-R000694,BATCH-2-CLM-0000577,none
batch-2-R000695,BATCH-2-CLM-0000578,none
batch-2-R000696,BATCH-2-CLM-0000579,none
batch-2-R000697,BATCH-2-CLM-0000580,none
batch-2-R000698,BATCH-2-CLM-0000581,none
batch-2-R000699,BATCH-2-CLM-0000582,none
batch-2-R000700,BATCH-2-CLM-0000583,none
batch-2-R000701,BATCH-2-CLM-0000584,none
batch-2-R000702,BATCH-2-CLM-0000585,none
batch-2-R000703,BATCH-2-CLM-0000586,none
batch-2-R000704,BATCH-2-CLM-0000587,none
batch-2-R000705,BATCH-2-CLM-0000588,none
batch-2-R000706,BATCH-2-CLM-0000589,none
batch-2-R000707,BATCH-2-CLM-0000590,none
batch-2-R000708,BATCH-2-CLM-0000591,none
batch-2-R000709,BATCH-2-CLM-0000592,none
batch-2-R000710,BATCH-2-CLM-0000593,none
batch-2-R000711,BATCH-2-CLM-0000594,none
batch-2-R000712,BATCH-2-CLM-0000595,none
batch-2-R000713,BATCH-2-CLM-0000596,none
batch-2-R000714,BATCH-2-CLM-0000597,none
batch-2-R000715,BATCH-2-CLM-0000598,none
batch-2-R000716,BATCH-2-CLM-0000599,none
batch-2-R000717,BATCH-2-CLM-0000600,none
batch-2-R000718,BATCH-2-CLM-0000601,none
batch-2-R000719,BATCH-2-CLM-0000602,none
batch-2-R000720,BATCH-2-CLM-0000603,none
batch-2-R000721,BATCH-2-CLM-0000604,none
batch-2-R000722,BATCH-2-CLM-0000605,none
batch-2-R000723,BATCH-2-CLM-0000602,none
batch-2-R000724,BATCH-2-CLM-0000588,none
batch-2-R000725,BATCH-2-CLM-0000558,none
batch-2-R000726,BATCH-2-CLM-0000606,none
batch-2-R000727,BATCH-2-CLM-0000607,none
batch-2-R000728,BATCH-2-CLM-0000608,none
batch-2-R000729,BATCH-2-CLM-0000609,none
batch-2-R000730,BATCH-2-CLM-0000610,none
batch-2-R000731,BATCH-2-CLM-0000611,none
batch-2-R000732,BATCH-2-CLM-0000612,none
batch-2-R000733,BATCH-2-CLM-0000613,none
batch-2-R000734,BATCH-2-CLM-0000614,none
batch-2-R000735,BATCH-2-CLM-0000615,none
batch-2-R000736,BATCH-2-CLM-0000616,none
batch-2-R000737,BATCH-2-CLM-0000617,none
batch-2-R000738,BATCH-2-CLM-0000618,none
batch-2-R000739,BATCH-2-CLM-0000619,none
batch-2-R000740,BATCH-2-CLM-0000620,none
batch-2-R000741,BATCH-2-CLM-0000621,none
batch-2-R000742,BATCH-2-CLM-0000622,none
batch-2-R000743,BATCH-2-CLM-0000623,none
batch-2-R000744,BATCH-2-CLM-0000624,none
batch-2-R000745,BATCH-2-CLM-0000625,none
batch-2-R000746,BATCH-2-CLM-0000626,none
batch-2-R000747,BATCH-2-CLM-0000627,none
batch-2-R000748,BATCH-2-CLM-0000628,none
batch-2-R000749,BATCH-2-CLM-0000629,none
batch-2-R000750,BATCH-2-CLM-0000630,none
batch-2-R000751,BATCH-2-CLM-0000631,none
batch-2-R000752,BATCH-2-CLM-0000632,none
batch-2-R000753,BATCH-2-CLM-0000633,none
batch-2-R000754,BATCH-2-CLM-0000634,none
batch-2-R000755,BATCH-2-CLM-0000635,none
batch-2-R000756,BATCH-2-CLM-0000636,none
batch-2-R000757,BATCH-2-CLM-0000637,none
batch-2-R000758,BATCH-2-CLM-0000638,none
batch-2-R000759,BATCH-2-CLM-0000639,none
batch-2-R000760,BATCH-2-CLM-0000640,none
batch-2-R000761,BATCH-2-CLM-0000641,none
batch-2-R000762,BATCH-2-CLM-0000642,none
batch-2-R000763,BATCH-2-CLM-0000643,none
batch-2-R000764,BATCH-2-CLM-0000644,none
batch-2-R000765,BATCH-2-CLM-0000645,none
batch-2-R000766,BATCH-2-CLM-0000646,none
batch-2-R000767,BATCH-2-CLM-0000647,none
batch-2-R000768,BATCH-2-CLM-0000648,none
batch-2-R000769,BATCH-2-CLM-0000649,none
batch-2-R000770,BATCH-2-CLM-0000650,none
batch-2-R000771,BATCH-2-CLM-0000651,none
batch-2-R000772,BATCH-2-CLM-0000652,none
batch-2-R000773,BATCH-2-CLM-0000653,none
batch-2-R000774,BATCH-2-CLM-0000654,none
batch-2-R000775,BATCH-2-CLM-0000655,none
batch-2-R000776,BATCH-2-CLM-0000656,none
batch-2-R000777,BATCH-2-CLM-0000657,none
batch-2-R000778,BATCH-2-CLM-0000658,none
batch-2-R000779,BATCH-2-CLM-0000659,none
batch-2-R000780,BATCH-2-CLM-0000660,none
batch-2-R000781,BATCH-2-CLM-0000661,none
batch-2-R000782,BATCH-2-CLM-0000662,none
batch-2-R000783,BATCH-2-CLM-0000663,none
batch-2-R000784,BATCH-2-CLM-0000624,none
batch-2-R000785,BATCH-2-CLM-0000664,none
batch-2-R000786,BATCH-2-CLM-0000665,none
batch-2-R000787,BATCH-2-CLM-0000666,none
batch-2-R000788,BATCH-2-CLM-0000667,none
batch-2-R000789,BATCH-2-CLM-0000668,none
batch-2-R000790,BATCH-2-CLM-0000669,none
batch-2-R000791,BATCH-2-CLM-0000670,none
batch-2-R000792,BATCH-2-CLM-0000671,none
batch-2-R000793,BATCH-2-CLM-0000672,none
batch-2-R000794,BATCH-2-CLM-0000673,none
batch-2-R000795,BATCH-2-CLM-0000674,none
batch-2-R000796,BATCH-2-CLM-0000675,none
batch-2-R000797,BATCH-2-CLM-0000676,none
batch-2-R000798,BATCH-2-CLM-0000677,none
batch-2-R000799,BATCH-2-CLM-0000678,none
batch-2-R000800,BATCH-2-CLM-0000679,none
batch-2-R000801,BATCH-2-CLM-0000680,none
batch-2-R000802,BATCH-2-CLM-0000681,none
batch-2-R000803,BATCH-2-CLM-0000682,none
batch-2-R000804,BATCH-2-CLM-0000683,none
batch-2-R000805,BATCH-2-CLM-0000684,none
batch-2-R000806,BATCH-2-CLM-0000685,none
batch-2-R000807,BATCH-2-CLM-0000686,none
batch-2-R000808,BATCH-2-CLM-0000687,none
batch-2-R000809,BATCH-2-CLM-0000688,none
batch-2-R000810,BATCH-2-CLM-0000689,none
batch-2-R000811,BATCH-2-CLM-0000690,none
batch-2-R000812,BATCH-2-CLM-0000691,none
batch-2-R000813,BATCH-2-CLM-0000692,none
batch-2-R000814,BATCH-2-CLM-0000693,none
batch-2-R000815,BATCH-2-CLM-0000694,none
batch-2-R000816,BATCH-2-CLM-0000695,none
batch-2-R000817,BATCH-2-CLM-0000696,none
batch-2-R000818,BATCH-2-CLM-0000697,none
batch-2-R000819,BATCH-2-CLM-0000698,none
batch-2-R000820,BATCH-2-CLM-0000699,none
batch-2-R000821,BATCH-2-CLM-0000700,none
batch-2-R000822,BATCH-2-CLM-0000701,none
batch-2-R000823,BATCH-2-CLM-0000702,none
batch-2-R000824,BATCH-2-CLM-0000703,none
batch-2-R000825,BATCH-2-CLM-0000704,none
batch-2-R000826,BATCH-2-CLM-0000705,none
batch-2-R000827,BATCH-2-CLM-0000706,none
batch-2-R000828,BATCH-2-CLM-0000707,none
batch-2-R000829,BATCH-2-CLM-0000708,none
batch-2-R000830,BATCH-2-CLM-0000709,none
batch-2-R000831,BATCH-2-CLM-0000710,none
batch-2-R000832,BATCH-2-CLM-0000711,none
batch-2-R000833,BATCH-2-CLM-0000712,none
batch-2-R000834,BATCH-2-CLM-0000713,none
batch-2-R000835,BATCH-2-CLM-0000714,none
batch-2-R000836,BATCH-2-CLM-0000715,none
batch-2-R000837,BATCH-2-CLM-0000716,none
batch-2-R000838,BATCH-2-CLM-0000717,none
batch-2-R000839,BATCH-2-CLM-0000718,none
batch-2-R000840,BATCH-2-CLM-0000719,none
batch-2-R000841,BATCH-2-CLM-0000720,none
batch-2-R000842,BATCH-2-CLM-0000721,none
batch-2-R000843,BATCH-2-CLM-0000722,none
batch-2-R000844,BATCH-2-CLM-0000723,none
batch-2-R000845,BATCH-2-CLM-0000724,none
batch-2-R000846,BATCH-2-CLM-0000712,none
batch-2-R000847,BATCH-2-CLM-0000725,none
batch-2-R000848,BATCH-2-CLM-0000726,none
batch-2-R000849,BATCH-2-CLM-0000727,none
batch-2-R000850,BATCH-2-CLM-0000728,none
batch-2-R000851,BATCH-2-CLM-0000729,none
batch-2-R000852,BATCH-2-CLM-0000730,none
batch-2-R000853,BATCH-2-CLM-0000731,none
batch-2-R000854,BATCH-2-CLM-0000732,none
batch-2-R000855,BATCH-2-CLM-0000733,none
batch-2-R000856,BATCH-2-CLM-0000734,none
batch-2-R000857,BATCH-2-CLM-0000735,none
batch-2-R000858,BATCH-2-CLM-0000736,none
batch-2-R000859,BATCH-2-CLM-0000737,none
batch-2-R000860,BATCH-2-CLM-0000738,none
batch-2-R000861,BATCH-2-CLM-0000739,none
batch-2-R000862,BATCH-2-CLM-0000740,none
batch-2-R000863,BATCH-2-CLM-0000741,none
batch-2-R000864,BATCH-2-CLM-0000742,none
batch-2-R000865,BATCH-2-CLM-0000743,none
batch-2-R000866,BATCH-2-CLM-0000744,none
batch-2-R000867,BATCH-2-CLM-0000745,none
batch-2-R000868,BATCH-2-CLM-0000746,none
batch-2-R000869,BATCH-2-CLM-0000747,none
batch-2-R000870,BATCH-2-CLM-0000748,none
batch-2-R000871,BATCH-2-CLM-0000749,none
batch-2-R000872,BATCH-2-CLM-0000750,none
batch-2-R000873,BATCH-2-CLM-0000751,none
batch-2-R000874,BATCH-2-CLM-0000752,none
batch-2-R000875,BATCH-2-CLM-0000753,none
batch-2-R000876,BATCH-2-CLM-0000754,none
batch-2-R000877,BATCH-2-CLM-0000755,none
batch-2-R000878,BATCH-2-CLM-0000756,none
batch-2-R000879,BATCH-2-CLM-0000757,none
batch-2-R000880,BATCH-2-CLM-0000758,none
batch-2-R000881,BATCH-2-CLM-0000759,none
batch-2-R000882,BATCH-2-CLM-0000760,none
batch-2-R000883,BATCH-2-CLM-0000761,none
batch-2-R000884,BATCH-2-CLM-0000762,none
batch-2-R000885,BATCH-2-CLM-0000763,none
batch-2-R000886,BATCH-2-CLM-0000764,none
batch-2-R000887,BATCH-2-CLM-0000765,none
batch-2-R000888,BATCH-2-CLM-0000766,none
batch-2-R000889,BATCH-2-CLM-0000767,none
batch-2-R000890,BATCH-2-CLM-0000768,none
batch-2-R000891,BATCH-2-CLM-0000769,none
batch-2-R000892,BATCH-2-CLM-0000770,none
batch-2-R000893,BATCH-2-CLM-0000771,none
batch-2-R000894,BATCH-2-CLM-0000772,none
batch-2-R000895,BATCH-2-CLM-0000773,none
batch-2-R000896,BATCH-2-CLM-0000774,none
batch-2-R000897,BATCH-2-CLM-0000775,none
batch-2-R000898,BATCH-2-CLM-0000776,none
batch-2-R000899,BATCH-2-CLM-0000777,none
batch-2-R000900,BATCH-2-CLM-0000778,none
batch-2-R000901,BATCH-2-CLM-0000779,none
batch-2-R000902,BATCH-2-CLM-0000780,none
batch-2-R000903,BATCH-2-CLM-0000781,none
batch-2-R000904,BATCH-2-CLM-0000782,none
batch-2-R000905,BATCH-2-CLM-0000783,none
batch-2-R000906,BATCH-2-CLM-0000784,none
batch-2-R000907,BATCH-2-CLM-0000785,none
batch-2-R000908,BATCH-2-CLM-0000786,none
batch-2-R000909,BATCH-2-CLM-0000787,none
batch-2-R000910,BATCH-2-CLM-0000788,none
batch-2-R000911,BATCH-2-CLM-0000789,none
batch-2-R000912,BATCH-2-CLM-0000790,none
batch-2-R000913,BATCH-2-CLM-0000791,none
batch-2-R000914,BATCH-2-CLM-0000792,none
batch-2-R000915,BATCH-2-CLM-0000793,none
batch-2-R000916,BATCH-2-CLM-0000794,none
batch-2-R000917,BATCH-2-CLM-0000795,none
batch-2-R000918,BATCH-2-CLM-0000796,none
batch-2-R000919,BATCH-2-CLM-0000797,none
batch-2-R000920,BATCH-2-CLM-0000798,none
batch-2-R000921,BATCH-2-CLM-0000799,none
batch-2-R000922,BATCH-2-CLM-0000800,none
batch-2-R000923,BATCH-2-CLM-0000801,none
batch-2-R000924,BATCH-2-CLM-0000802,none
batch-2-R000925,BATCH-2-CLM-0000803,none
batch-2-R000926,BATCH-2-CLM-0000804,none
batch-2-R000927,BATCH-2-CLM-0000805,none
batch-2-R000928,BATCH-2-CLM-0000806,none
batch-2-R000929,BATCH-2-CLM-0000807,none
batch-2-R000930,BATCH-2-CLM-0000808,none
batch-2-R000931,BATCH-2-CLM-0000809,none
batch-2-R000932,BATCH-2-CLM-0000810,none
batch-2-R000933,BATCH-2-CLM-0000811,none
batch-2-R000934,BATCH-2-CLM-0000812,none
batch-2-R000935,BATCH-2-CLM-0000813,none
batch-2-R000936,BATCH-2-CLM-0000814,none
batch-2-R000937,BATCH-2-CLM-0000815,none
batch-2-R000938,BATCH-2-CLM-0000816,none
batch-2-R000939,BATCH-2-CLM-0000817,none
batch-2-R000940,BATCH-2-CLM-0000818,none
batch-2-R000941,BATCH-2-CLM-0000819,none
batch-2-R000942,BATCH-2-CLM-0000820,none
batch-2-R000943,BATCH-2-CLM-0000821,none
batch-2-R000944,BATCH-2-CLM-0000822,none
batch-2-R000945,BATCH-2-CLM-0000823,none
batch-2-R000946,BATCH-2-CLM-0000824,none
batch-2-R000947,BATCH-2-CLM-0000825,none
batch-2-R000948,BATCH-2-CLM-0000826,none
batch-2-R000949,BATCH-2-CLM-0000827,none
batch-2-R000950,BATCH-2-CLM-0000828,none
batch-2-R000951,BATCH-2-CLM-0000829,none
batch-2-R000952,BATCH-2-CLM-0000830,none
batch-2-R000953,BATCH-2-CLM-0000831,none
batch-2-R000954,BATCH-2-CLM-0000832,none
batch-2-R000955,BATCH-2-CLM-0000833,none
batch-2-R000956,BATCH-2-CLM-0000834,none
batch-2-R000957,BATCH-2-CLM-0000835,none
batch-2-R000958,BATCH-2-CLM-0000836,none
batch-2-R000959,BATCH-2-CLM-0000837,none
batch-2-R000960,BATCH-2-CLM-0000838,none
batch-2-R000961,BATCH-2-CLM-0000839,none
batch-2-R000962,BATCH-2-CLM-0000840,none
batch-2-R000963,BATCH-2-CLM-0000841,none
batch-2-R000964,BATCH-2-CLM-0000842,none
batch-2-R000965,BATCH-2-CLM-0000843,none
batch-2-R000966,BATCH-2-CLM-0000844,none
batch-2-R000967,BATCH-2-CLM-0000845,none
batch-2-R000968,BATCH-2-CLM-0000846,none
batch-2-R000969,BATCH-2-CLM-0000847,none
batch-2-R000970,BATCH-2-CLM-0000848,none
batch-2-R000971,BATCH-2-CLM-0000849,none
batch-2-R000972,BATCH-2-CLM-0000850,none
batch-2-R000973,BATCH-2-CLM-0000851,none
batch-2-R000974,BATCH-2-CLM-0000852,none
batch-2-R000975,BATCH-2-CLM-0000853,none
batch-2-R000976,BATCH-2-CLM-0000854,none
batch-2-R000977,BATCH-2-CLM-0000855,none
batch-2-R000978,BATCH-2-CLM-0000856,none
batch-2-R000979,BATCH-2-CLM-0000857,none
batch-2-R000980,BATCH-2-CLM-0000858,none
batch-2-R000981,BATCH-2-CLM-0000859,none
batch-2-R000982,BATCH-2-CLM-0000860,none
batch-2-R000983,BATCH-2-CLM-0000861,none
batch-2-R000984,BATCH-2-CLM-0000862,none
batch-2-R000985,BATCH-2-CLM-0000863,none
batch-2-R000986,BATCH-2-CLM-0000864,none
batch-2-R000987,BATCH-2-CLM-0000865,none
batch-2-R000988,BATCH-2-CLM-0000866,none
batch-2-R000989,BATCH-2-CLM-0000867,none
batch-2-R000990,BATCH-2-CLM-0000868,none
batch-2-R000991,BATCH-2-CLM-0000869,none
batch-2-R000992,BATCH-2-CLM-0000870,none
batch-2-R000993,BATCH-2-CLM-0000871,none
batch-2-R000994,BATCH-2-CLM-0000872,none
batch-2-R000995,BATCH-2-CLM-0000873,none
batch-2-R000996,BATCH-2-CLM-0000874,none
batch-2-R000997,BATCH-2-CLM-0000875,none
batch-2-R000998,BATCH-2-CLM-0000876,none
batch-2-R000999,BATCH-2-CLM-0000877,none
batch-2-R001000,BATCH-2-CLM-0000878,none
batch-2-R001001,BATCH-2-CLM-0000879,none
batch-2-R001002,BATCH-2-CLM-0000880,none
batch-2-R001003,BATCH-2-CLM-0000881,none
batch-2-R001004,BATCH-2-CLM-0000882,none
batch-2-R001005,BATCH-2-CLM-0000883,none
batch-2-R001006,BATCH-2-CLM-0000884,none
batch-2-R001007,BATCH-2-CLM-0000885,none
batch-2-R001008,BATCH-2-CLM-0000886,none
batch-2-R001009,BATCH-2-CLM-0000887,none
batch-2-R001010,BATCH-2-CLM-0000888,none
batch-2-R001011,BATCH-2-CLM-0000889,none
batch-2-R001012,BATCH-2-CLM-0000872,none
batch-2-R001013,BATCH-2-CLM-0000890,none
batch-2-R001014,BATCH-2-CLM-0000891,none
batch-2-R001015,BATCH-2-CLM-0000892,none
batch-2-R001016,BATCH-2-CLM-0000893,none
batch-2-R001017,BATCH-2-CLM-0000894,none
batch-2-R001018,BATCH-2-CLM-0000895,none
batch-2-R001019,BATCH-2-CLM-0000896,none
batch-2-R001020,BATCH-2-CLM-0000897,none
batch-2-R001021,BATCH-2-CLM-0000898,none
batch-2-R001022,BATCH-2-CLM-0000899,none
batch-2-R001023,BATCH-2-CLM-0000900,none
batch-2-R001024,BATCH-2-CLM-0000901,none
batch-2-R001025,BATCH-2-CLM-0000902,none
batch-2-R001026,BATCH-2-CLM-0000903,none
batch-2-R001027,BATCH-2-CLM-0000904,none
batch-2-R001028,BATCH-2-CLM-0000905,none
batch-2-R001029,BATCH-2-CLM-0000906,none
batch-2-R001030,BATCH-2-CLM-0000907,none
batch-2-R001031,BATCH-2-CLM-0000908,none
batch-2-R001032,BATCH-2-CLM-0000909,none
batch-2-R001033,BATCH-2-CLM-0000910,none
batch-2-R001034,BATCH-2-CLM-0000911,none
batch-2-R001035,BATCH-2-CLM-0000912,none
batch-2-R001036,BATCH-2-CLM-0000913,none
batch-2-R001037,BATCH-2-CLM-0000914,none
batch-2-R001038,BATCH-2-CLM-0000915,none
batch-2-R001039,BATCH-2-CLM-0000916,none
batch-2-R001040,BATCH-2-CLM-0000917,none
batch-2-R001041,BATCH-2-CLM-0000918,none
batch-2-R001042,BATCH-2-CLM-0000919,none
batch-2-R001043,BATCH-2-CLM-0000920,none
batch-2-R001044,BATCH-2-CLM-0000921,none
batch-2-R001045,BATCH-2-CLM-0000922,none
batch-2-R001046,BATCH-2-CLM-0000923,none
batch-2-R001047,BATCH-2-CLM-0000924,none
batch-2-R001048,BATCH-2-CLM-0000925,none
batch-2-R001049,BATCH-2-CLM-0000926,none
batch-2-R001050,BATCH-2-CLM-0000927,none
batch-2-R001051,BATCH-2-CLM-0000928,none
batch-2-R001052,BATCH-2-CLM-0000929,none
batch-2-R001053,BATCH-2-CLM-0000930,none
batch-2-R001054,BATCH-2-CLM-0000931,none
batch-2-R001055,BATCH-2-CLM-0000932,none
batch-2-R001056,BATCH-2-CLM-0000933,none
batch-2-R001057,BATCH-2-CLM-0000934,none
batch-2-R001058,BATCH-2-CLM-0000935,none
batch-2-R001059,BATCH-2-CLM-0000936,none
batch-2-R001060,BATCH-2-CLM-0000937,none
batch-2-R001061,BATCH-2-CLM-0000938,none
batch-2-R001062,BATCH-2-CLM-0000939,none
batch-2-R001063,BATCH-2-CLM-0000940,none
batch-2-R001064,BATCH-2-CLM-0000941,none
batch-2-R001065,BATCH-2-CLM-0000942,none
batch-2-R001066,BATCH-2-CLM-0000943,none
batch-2-R001067,BATCH-2-CLM-0000944,none
batch-2-R001068,BATCH-2-CLM-0000945,none
batch-2-R001069,BATCH-2-CLM-0000946,none
batch-2-R001070,BATCH-2-CLM-0000947,none
batch-2-R001071,BATCH-2-CLM-0000948,none
batch-2-R001072,BATCH-2-CLM-0000949,none
batch-2-R001073,BATCH-2-CLM-0000950,none
batch-2-R001074,BATCH-2-CLM-0000951,none
batch-2-R001075,BATCH-2-CLM-0000952,none
batch-2-R001076,BATCH-2-CLM-0000921,none
batch-2-R001077,BATCH-2-CLM-0000899,none
batch-2-R001078,BATCH-2-CLM-0000904,none
batch-2-R001079,BATCH-2-CLM-0000946,none
batch-2-R001080,BATCH-2-CLM-0000953,none
batch-2-R001081,BATCH-2-CLM-0000954,none
batch-2-R001082,BATCH-2-CLM-0000955,none
batch-2-R001083,BATCH-2-CLM-0000956,none
batch-2-R001084,BATCH-2-CLM-0000957,none
batch-2-R001085,BATCH-2-CLM-0000958,none
batch-2-R001086,BATCH-2-CLM-0000959,none
batch-2-R001087,BATCH-2-CLM-0000960,none
batch-2-R001088,BATCH-2-CLM-0000961,none
batch-2-R001089,BATCH-2-CLM-0000962,none
batch-2-R001090,BATCH-2-CLM-0000963,none
batch-2-R001091,BATCH-2-CLM-0000964,none
batch-2-R001092,BATCH-2-CLM-0000965,none
batch-2-R001093,BATCH-2-CLM-0000966,none
batch-2-R001094,BATCH-2-CLM-0000967,none
batch-2-R001095,BATCH-2-CLM-0000968,none
batch-2-R001096,BATCH-2-CLM-0000969,none
batch-2-R001097,BATCH-2-CLM-0000970,none
batch-2-R001098,BATCH-2-CLM-0000971,none
batch-2-R001099,BATCH-2-CLM-0000972,none
batch-2-R001100,BATCH-2-CLM-0000973,none
batch-2-R001101,BATCH-2-CLM-0000974,none
batch-2-R001102,BATCH-2-CLM-0000975,none
batch-2-R001103,BATCH-2-CLM-0000976,none
batch-2-R001104,BATCH-2-CLM-0000977,none
batch-2-R001105,BATCH-2-CLM-0000978,none
batch-2-R001106,BATCH-2-CLM-0000979,none
batch-2-R001107,BATCH-2-CLM-0000980,none
batch-2-R001108,BATCH-2-CLM-0000981,none
batch-2-R001109,BATCH-2-CLM-0000982,none
batch-2-R001110,BATCH-2-CLM-0000983,none
batch-2-R001111,BATCH-2-CLM-0000984,none
batch-2-R001112,BATCH-2-CLM-0000985,none
batch-2-R001113,BATCH-2-CLM-0000986,none
batch-2-R001114,BATCH-2-CLM-0000987,none
batch-2-R001115,BATCH-2-CLM-0000988,none
batch-2-R001116,BATCH-2-CLM-0000989,none
batch-2-R001117,BATCH-2-CLM-0000990,none
batch-2-R001118,BATCH-2-CLM-0000991,none
batch-2-R001119,BATCH-2-CLM-0000992,none
batch-2-R001120,BATCH-2-CLM-0000993,none
batch-2-R001121,BATCH-2-CLM-0000994,none
batch-2-R001122,BATCH-2-CLM-0000995,none
batch-2-R001123,BATCH-2-CLM-0000996,none
batch-2-R001124,BATCH-2-CLM-0000997,none
batch-2-R001125,BATCH-2-CLM-0000998,none
batch-2-R001126,BATCH-2-CLM-0000999,none
batch-2-R001127,BATCH-2-CLM-0001000,none
batch-2-R001128,BATCH-2-CLM-0001001,none
batch-2-R001129,BATCH-2-CLM-0001002,none
batch-2-R001130,BATCH-2-CLM-0001003,none
batch-2-R001131,BATCH-2-CLM-0001004,none
batch-2-R001132,BATCH-2-CLM-0001005,none
batch-2-R001133,BATCH-2-CLM-0001006,none
batch-2-R001134,BATCH-2-CLM-0001007,none
batch-2-R001135,BATCH-2-CLM-0001008,none
batch-2-R001136,BATCH-2-CLM-0001009,none
batch-2-R001137,BATCH-2-CLM-0001010,none
batch-2-R001138,BATCH-2-CLM-0001011,none
batch-2-R001139,BATCH-2-CLM-0001012,none
batch-2-R001140,BATCH-2-CLM-0001013,none
batch-2-R001141,BATCH-2-CLM-0001014,none
batch-2-R001142,BATCH-2-CLM-0001015,none
batch-2-R001143,BATCH-2-CLM-0001016,none
batch-2-R001144,BATCH-2-CLM-0001017,none
batch-2-R001145,BATCH-2-CLM-0001018,none
batch-2-R001146,BATCH-2-CLM-0001019,none
batch-2-R001147,BATCH-2-CLM-0001020,none
batch-2-R001148,BATCH-2-CLM-0000955,none
batch-2-R001149,BATCH-2-CLM-0001021,none
batch-2-R001150,BATCH-2-CLM-0001022,none
batch-2-R001151,BATCH-2-CLM-0001023,none
batch-2-R001152,BATCH-2-CLM-0001024,none
batch-2-R001153,BATCH-2-CLM-0001025,none
batch-2-R001154,BATCH-2-CLM-0001026,none
batch-2-R001155,BATCH-2-CLM-0001027,none
batch-2-R001156,BATCH-2-CLM-0001028,none
batch-2-R001157,BATCH-2-CLM-0001029,none
batch-2-R001158,BATCH-2-CLM-0001030,none
batch-2-R001159,BATCH-2-CLM-0001031,none
batch-2-R001160,BATCH-2-CLM-0001032,none
batch-2-R001161,BATCH-2-CLM-0001033,none
batch-2-R001162,BATCH-2-CLM-0001034,none
batch-2-R001163,BATCH-2-CLM-0001035,none
batch-2-R001164,BATCH-2-CLM-0001036,none
batch-2-R001165,BATCH-2-CLM-0001037,none
batch-2-R001166,BATCH-2-CLM-0001038,none
batch-2-R001167,BATCH-2-CLM-0001039,none
batch-2-R001168,BATCH-2-CLM-0001040,none
batch-2-R001169,BATCH-2-CLM-0001041,none
batch-2-R001170,BATCH-2-CLM-0001042,none
batch-2-R001171,BATCH-2-CLM-0001043,none
batch-2-R001172,BATCH-2-CLM-0001044,none
batch-2-R001173,BATCH-2-CLM-0001045,none
batch-2-R001174,BATCH-2-CLM-0001046,none
batch-2-R001175,BATCH-2-CLM-0001047,none
batch-2-R001176,BATCH-2-CLM-0001048,none
batch-2-R001177,BATCH-2-CLM-0001049,none
batch-2-R001178,BATCH-2-CLM-0001050,none
batch-2-R001179,BATCH-2-CLM-0001051,none
batch-2-R001180,BATCH-2-CLM-0001052,none
batch-2-R001181,BATCH-2-CLM-0001053,none
batch-2-R001182,BATCH-2-CLM-0001054,none
batch-2-R001183,BATCH-2-CLM-0001055,none
batch-2-R001184,BATCH-2-CLM-0001056,none
batch-2-R001185,BATCH-2-CLM-0001057,none
batch-2-R001186,BATCH-2-CLM-0001058,none
batch-2-R001187,BATCH-2-CLM-0001059,none
batch-2-R001188,BATCH-2-CLM-0001060,none
batch-2-R001189,BATCH-2-CLM-0001061,none
batch-2-R001190,BATCH-2-CLM-0001062,none
batch-2-R001191,BATCH-2-CLM-0001063,none
batch-2-R001192,BATCH-2-CLM-0001064,none
batch-2-R001193,BATCH-2-CLM-0001065,none
batch-2-R001194,BATCH-2-CLM-0001066,none
batch-2-R001195,BATCH-2-CLM-0001067,none
batch-2-R001196,BATCH-2-CLM-0001068,none
batch-2-R001197,BATCH-2-CLM-0001069,none
batch-2-R001198,BATCH-2-CLM-0001070,none
batch-2-R001199,BATCH-2-CLM-0001071,none
batch-2-R001200,BATCH-2-CLM-0001072,none
batch-2-R001201,BATCH-2-CLM-0001073,none
batch-2-R001202,BATCH-2-CLM-0001074,none
batch-2-R001203,BATCH-2-CLM-0001075,none
batch-2-R001204,BATCH-2-CLM-0001076,none
batch-2-R001205,BATCH-2-CLM-0001077,none
batch-2-R001206,BATCH-2-CLM-0001078,none
batch-2-R001207,BATCH-2-CLM-0001079,none
batch-2-R001208,BATCH-2-CLM-0001080,none
batch-2-R001209,BATCH-2-CLM-0001071,none
batch-2-R001210,BATCH-2-CLM-0001065,none
batch-2-R001211,BATCH-2-CLM-0001033,none
batch-2-R001212,BATCH-2-CLM-0001081,none
batch-2-R001213,BATCH-2-CLM-0001082,none
batch-2-R001214,BATCH-2-CLM-0001083,none
batch-2-R001215,BATCH-2-CLM-0001084,none
batch-2-R001216,BATCH-2-CLM-0001085,none
batch-2-R001217,BATCH-2-CLM-0001086,none
batch-2-R001218,BATCH-2-CLM-0001087,none
batch-2-R001219,BATCH-2-CLM-0001088,none
batch-2-R001220,BATCH-2-CLM-0001089,none
batch-2-R001221,BATCH-2-CLM-0001090,none
batch-2-R001222,BATCH-2-CLM-0001091,none
batch-2-R001223,BATCH-2-CLM-0001092,none
batch-2-R001224,BATCH-2-CLM-0001093,none
batch-2-R001225,BATCH-2-CLM-0001094,none
batch-2-R001226,BATCH-2-CLM-0001095,none
batch-2-R001227,BATCH-2-CLM-0001096,none
batch-2-R001228,BATCH-2-CLM-0001097,none
batch-2-R001229,BATCH-2-CLM-0001098,none
batch-2-R001230,BATCH-2-CLM-0001099,none
batch-2-R001231,BATCH-2-CLM-0001100,none
batch-2-R001232,BATCH-2-CLM-0001101,none
batch-2-R001233,BATCH-2-CLM-0001102,none
batch-2-R001234,BATCH-2-CLM-0001103,none
batch-2-R001235,BATCH-2-CLM-0001104,none
batch-2-R001236,BATCH-2-CLM-0001105,none
batch-2-R001237,BATCH-2-CLM-0001106,none
batch-2-R001238,BATCH-2-CLM-0001107,none
batch-2-R001239,BATCH-2-CLM-0001108,none
batch-2-R001240,BATCH-2-CLM-0001109,none
batch-2-R001241,BATCH-2-CLM-0001110,none
batch-2-R001242,BATCH-2-CLM-0001111,none
batch-2-R001243,BATCH-2-CLM-0001112,none
batch-2-R001244,BATCH-2-CLM-0001113,none
batch-2-R001245,BATCH-2-CLM-0001114,none
batch-2-R001246,BATCH-2-CLM-0001115,none
batch-2-R001247,BATCH-2-CLM-0001116,none
batch-2-R001248,BATCH-2-CLM-0001117,none
batch-2-R001249,BATCH-2-CLM-0001118,none
batch-2-R001250,BATCH-2-CLM-0001119,none
batch-2-R001251,BATCH-2-CLM-0001120,none
batch-2-R001252,BATCH-2-CLM-0001121,none
batch-2-R001253,BATCH-2-CLM-0001122,none
batch-2-R001254,BATCH-2-CLM-0001123,none
batch-2-R001255,BATCH-2-CLM-0001124,none
batch-2-R001256,BATCH-2-CLM-0001125,none
batch-2-R001257,BATCH-2-CLM-0001126,none
batch-2-R001258,BATCH-2-CLM-0001127,none
batch-2-R001259,BATCH-2-CLM-0001128,none
batch-2-R001260,BATCH-2-CLM-0001129,none
batch-2-R001261,BATCH-2-CLM-0001130,none
batch-2-R001262,BATCH-2-CLM-0001131,none
batch-2-R001263,BATCH-2-CLM-0001132,none
batch-2-R001264,BATCH-2-CLM-0001133,none
batch-2-R001265,BATCH-2-CLM-0001134,none
batch-2-R001266,BATCH-2-CLM-0001135,none
batch-2-R001267,BATCH-2-CLM-0001136,none
batch-2-R001268,BATCH-2-CLM-0001137,none
batch-2-R001269,BATCH-2-CLM-0001138,none
batch-2-R001270,BATCH-2-CLM-0001139,none
batch-2-R001271,BATCH-2-CLM-0001140,none
batch-2-R001272,BATCH-2-CLM-0001141,none
batch-2-R001273,BATCH-2-CLM-0001142,none
batch-2-R001274,BATCH-2-CLM-0001143,none
batch-2-R001275,BATCH-2-CLM-0001120,none
batch-2-R001276,BATCH-2-CLM-0001144,none
batch-2-R001277,BATCH-2-CLM-0001145,none
batch-2-R001278,BATCH-2-CLM-0001146,none
batch-2-R001279,BATCH-2-CLM-0001147,none
batch-2-R001280,BATCH-2-CLM-0001148,none
batch-2-R001281,BATCH-2-CLM-0001149,none
batch-2-R001282,BATCH-2-CLM-0001150,none
batch-2-R001283,BATCH-2-CLM-0001151,none
batch-2-R001284,BATCH-2-CLM-0001152,none
batch-2-R001285,BATCH-2-CLM-0001153,none
batch-2-R001286,BATCH-2-CLM-0001154,none
batch-2-R001287,BATCH-2-CLM-0001155,none
batch-2-R001288,BATCH-2-CLM-0001156,none
batch-2-R001289,BATCH-2-CLM-0001157,none
batch-2-R001290,BATCH-2-CLM-0001158,none
batch-2-R001291,BATCH-2-CLM-0001159,none
batch-2-R001292,BATCH-2-CLM-0001160,none
batch-2-R001293,BATCH-2-CLM-0001161,none
batch-2-R001294,BATCH-2-CLM-0001162,none
batch-2-R001295,BATCH-2-CLM-0001163,none
batch-2-R001296,BATCH-2-CLM-0001164,none
batch-2-R001297,BATCH-2-CLM-0001165,none
batch-2-R001298,BATCH-2-CLM-0001166,none
batch-2-R001299,BATCH-2-CLM-0001167,none
batch-2-R001300,BATCH-2-CLM-0001168,none
batch-2-R001301,BATCH-2-CLM-0001169,none
batch-2-R001302,BATCH-2-CLM-0001170,none
batch-2-R001303,BATCH-2-CLM-0001171,none
batch-2-R001304,BATCH-2-CLM-0001172,none
batch-2-R001305,BATCH-2-CLM-0001173,none
batch-2-R001306,BATCH-2-CLM-0001174,none
batch-2-R001307,BATCH-2-CLM-0001175,none
batch-2-R001308,BATCH-2-CLM-0001176,none
batch-2-R001309,BATCH-2-CLM-0001177,none
batch-2-R001310,BATCH-2-CLM-0001178,none
batch-2-R001311,BATCH-2-CLM-0001179,none
batch-2-R001312,BATCH-2-CLM-0001180,none
batch-2-R001313,BATCH-2-CLM-0001181,none
batch-2-R001314,BATCH-2-CLM-0001182,none
batch-2-R001315,BATCH-2-CLM-0001183,none
batch-2-R001316,BATCH-2-CLM-0001184,none
batch-2-R001317,BATCH-2-CLM-0001185,none
batch-2-R001318,BATCH-2-CLM-0001186,none
batch-2-R001319,BATCH-2-CLM-0001187,none
batch-2-R001320,BATCH-2-CLM-0001188,none
batch-2-R001321,BATCH-2-CLM-0001189,none
batch-2-R001322,BATCH-2-CLM-0001190,none
batch-2-R001323,BATCH-2-CLM-0001191,none
batch-2-R001324,BATCH-2-CLM-0001192,none
batch-2-R001325,BATCH-2-CLM-0001193,none
batch-2-R001326,BATCH-2-CLM-0001194,none
batch-2-R001327,BATCH-2-CLM-0001195,none
batch-2-R001328,BATCH-2-CLM-0001161,none
batch-2-R001329,BATCH-2-CLM-0001166,none
batch-2-R001330,BATCH-2-CLM-0001189,none
batch-2-R001331,BATCH-2-CLM-0001174,none
batch-2-R001332,BATCH-2-CLM-0001145,none
batch-2-R001333,BATCH-2-CLM-0001196,none
batch-2-R001334,BATCH-2-CLM-0001197,none
batch-2-R001335,BATCH-2-CLM-0001198,none
batch-2-R001336,BATCH-2-CLM-0001199,none
batch-2-R001337,BATCH-2-CLM-0001200,none
batch-2-R001338,BATCH-2-CLM-0001201,none
batch-2-R001339,BATCH-2-CLM-0001202,none
batch-2-R001340,BATCH-2-CLM-0001203,none
batch-2-R001341,BATCH-2-CLM-0001204,none
batch-2-R001342,BATCH-2-CLM-0001205,none
batch-2-R001343,BATCH-2-CLM-0001206,none
batch-2-R001344,BATCH-2-CLM-0001207,none
batch-2-R001345,BATCH-2-CLM-0001208,none
batch-2-R001346,BATCH-2-CLM-0001209,none
batch-2-R001347,BATCH-2-CLM-0001210,none
batch-2-R001348,BATCH-2-CLM-0001211,none
batch-2-R001349,BATCH-2-CLM-0001212,none
batch-2-R001350,BATCH-2-CLM-0001213,none
batch-2-R001351,BATCH-2-CLM-0001214,none
batch-2-R001352,BATCH-2-CLM-0001215,none
batch-2-R001353,BATCH-2-CLM-0001216,none
batch-2-R001354,BATCH-2-CLM-0001217,none
batch-2-R001355,BATCH-2-CLM-0001218,none
batch-2-R001356,BATCH-2-CLM-0001219,none
batch-2-R001357,BATCH-2-CLM-0001220,none
batch-2-R001358,BATCH-2-CLM-0001221,none
batch-2-R001359,BATCH-2-CLM-0001222,none
batch-2-R001360,BATCH-2-CLM-0001223,none
batch-2-R001361,BATCH-2-CLM-0001224,none
batch-2-R001362,BATCH-2-CLM-0001225,none
batch-2-R001363,BATCH-2-CLM-0001226,none
batch-2-R001364,BATCH-2-CLM-0001227,none
batch-2-R001365,BATCH-2-CLM-0001228,none
batch-2-R001366,BATCH-2-CLM-0001229,none
batch-2-R001367,BATCH-2-CLM-0001230,none
batch-2-R001368,BATCH-2-CLM-0001231,none
batch-2-R001369,BATCH-2-CLM-0001232,none
batch-2-R001370,BATCH-2-CLM-0001233,none
batch-2-R001371,BATCH-2-CLM-0001234,none
batch-2-R001372,BATCH-2-CLM-0001235,none
batch-2-R001373,BATCH-2-CLM-0001236,none
batch-2-R001374,BATCH-2-CLM-0001237,none
batch-2-R001375,BATCH-2-CLM-0001238,none
batch-2-R001376,BATCH-2-CLM-0001239,none
batch-2-R001377,BATCH-2-CLM-0001240,none
batch-2-R001378,BATCH-2-CLM-0001241,none
batch-2-R001379,BATCH-2-CLM-0001242,none
batch-2-R001380,BATCH-2-CLM-0001243,none
batch-2-R001381,BATCH-2-CLM-0001244,none
batch-2-R001382,BATCH-2-CLM-0001245,none
batch-2-R001383,BATCH-2-CLM-0001246,none
batch-2-R001384,BATCH-2-CLM-0001247,none
batch-2-R001385,BATCH-2-CLM-0001248,none
batch-2-R001386,BATCH-2-CLM-0001249,none
batch-2-R001387,BATCH-2-CLM-0001250,none
batch-2-R001388,BATCH-2-CLM-0001251,none
batch-2-R001389,BATCH-2-CLM-0001252,none
batch-2-R001390,BATCH-2-CLM-0001253,none
batch-2-R001391,BATCH-2-CLM-0001254,none
batch-2-R001392,BATCH-2-CLM-0001240,none
batch-2-R001393,BATCH-2-CLM-0001254,none
batch-2-R001394,BATCH-2-CLM-0001255,none
batch-2-R001395,BATCH-2-CLM-0001256,none
batch-2-R001396,BATCH-2-CLM-0001257,none
batch-2-R001397,BATCH-2-CLM-0001258,none
batch-2-R001398,BATCH-2-CLM-0001259,none
batch-2-R001399,BATCH-2-CLM-0001260,none
batch-2-R001400,BATCH-2-CLM-0001261,none
batch-2-R001401,BATCH-2-CLM-0001262,none
batch-2-R001402,BATCH-2-CLM-0001263,none
batch-2-R001403,BATCH-2-CLM-0001264,none
batch-2-R001404,BATCH-2-CLM-0001265,none
batch-2-R001405,BATCH-2-CLM-0001266,none
batch-2-R001406,BATCH-2-CLM-0001267,none
batch-2-R001407,BATCH-2-CLM-0001268,none
batch-2-R001408,BATCH-2-CLM-0001269,none
batch-2-R001409,BATCH-2-CLM-0001270,none
batch-2-R001410,BATCH-2-CLM-0001271,none
batch-2-R001411,BATCH-2-CLM-0001272,none
batch-2-R001412,BATCH-2-CLM-0001273,none
batch-2-R001413,BATCH-2-CLM-0001274,none
batch-2-R001414,BATCH-2-CLM-0001275,none
batch-2-R001415,BATCH-2-CLM-0001276,none
batch-2-R001416,BATCH-2-CLM-0001277,none
batch-2-R001417,BATCH-2-CLM-0001278,none
batch-2-R001418,BATCH-2-CLM-0001279,none
batch-2-R001419,BATCH-2-CLM-0001280,none
batch-2-R001420,BATCH-2-CLM-0001281,none
batch-2-R001421,BATCH-2-CLM-0001282,none
batch-2-R001422,BATCH-2-CLM-0001283,none
batch-2-R001423,BATCH-2-CLM-0001284,none
batch-2-R001424,BATCH-2-CLM-0001285,none
batch-2-R001425,BATCH-2-CLM-0001286,none
batch-2-R001426,BATCH-2-CLM-0001287,none
batch-2-R001427,BATCH-2-CLM-0001288,none
batch-2-R001428,BATCH-2-CLM-0001289,none
batch-2-R001429,BATCH-2-CLM-0001290,none
batch-2-R001430,BATCH-2-CLM-0001291,none
batch-2-R001431,BATCH-2-CLM-0001292,none
batch-2-R001432,BATCH-2-CLM-0001293,none
batch-2-R001433,BATCH-2-CLM-0001294,none
batch-2-R001434,BATCH-2-CLM-0001295,none
batch-2-R001435,BATCH-2-CLM-0001296,none
batch-2-R001436,BATCH-2-CLM-0001297,none
batch-2-R001437,BATCH-2-CLM-0001298,none
batch-2-R001438,BATCH-2-CLM-0001299,none
batch-2-R001439,BATCH-2-CLM-0001300,none
batch-2-R001440,BATCH-2-CLM-0001301,none
batch-2-R001441,BATCH-2-CLM-0001302,none
batch-2-R001442,BATCH-2-CLM-0001303,none
batch-2-R001443,BATCH-2-CLM-0001304,none
batch-2-R001444,BATCH-2-CLM-0001305,none
batch-2-R001445,BATCH-2-CLM-0001306,none
batch-2-R001446,BATCH-2-CLM-0001307,none
batch-2-R001447,BATCH-2-CLM-0001308,none
batch-2-R001448,BATCH-2-CLM-0001309,none
batch-2-R001449,BATCH-2-CLM-0001310,none
batch-2-R001450,BATCH-2-CLM-0001287,none
batch-2-R001451,BATCH-2-CLM-0001269,none
batch-2-R001452,BATCH-2-CLM-0001300,none
batch-2-R001453,BATCH-2-CLM-0001311,none
batch-2-R001454,BATCH-2-CLM-0001312,none
batch-2-R001455,BATCH-2-CLM-0001313,none
batch-2-R001456,BATCH-2-CLM-0001314,none
batch-2-R001457,BATCH-2-CLM-0001315,none
batch-2-R001458,BATCH-2-CLM-0001316,none
batch-2-R001459,BATCH-2-CLM-0001317,none
batch-2-R001460,BATCH-2-CLM-0001318,none
batch-2-R001461,BATCH-2-CLM-0001319,none
batch-2-R001462,BATCH-2-CLM-0001320,none
batch-2-R001463,BATCH-2-CLM-0001321,none
batch-2-R001464,BATCH-2-CLM-0001322,none
batch-2-R001465,BATCH-2-CLM-0001323,none
batch-2-R001466,BATCH-2-CLM-0001324,none
batch-2-R001467,BATCH-2-CLM-0001325,none
batch-2-R001468,BATCH-2-CLM-0001326,none
batch-2-R001469,BATCH-2-CLM-0001327,none
batch-2-R001470,BATCH-2-CLM-0001328,none
batch-2-R001471,BATCH-2-CLM-0001329,none
batch-2-R001472,BATCH-2-CLM-0001330,none
batch-2-R001473,BATCH-2-CLM-0001331,none
batch-2-R001474,BATCH-2-CLM-0001332,none
batch-2-R001475,BATCH-2-CLM-0001333,none
batch-2-R001476,BATCH-2-CLM-0001334,none
batch-2-R001477,BATCH-2-CLM-0001335,none
batch-2-R001478,BATCH-2-CLM-0001336,none
batch-2-R001479,BATCH-2-CLM-0001337,none
batch-2-R001480,BATCH-2-CLM-0001338,none
batch-2-R001481,BATCH-2-CLM-0001339,none
batch-2-R001482,BATCH-2-CLM-0001340,none
batch-2-R001483,BATCH-2-CLM-0001341,none
batch-2-R001484,BATCH-2-CLM-0001342,none
batch-2-R001485,BATCH-2-CLM-0001343,none
batch-2-R001486,BATCH-2-CLM-0001344,none
batch-2-R001487,BATCH-2-CLM-0001345,none
batch-2-R001488,BATCH-2-CLM-0001346,none
batch-2-R001489,BATCH-2-CLM-0001347,none
batch-2-R001490,BATCH-2-CLM-0001348,none
batch-2-R001491,BATCH-2-CLM-0001349,none
batch-2-R001492,BATCH-2-CLM-0001350,none
batch-2-R001493,BATCH-2-CLM-0001351,none
batch-2-R001494,BATCH-2-CLM-0001352,none
batch-2-R001495,BATCH-2-CLM-0001353,none
batch-2-R001496,BATCH-2-CLM-0001354,none
batch-2-R001497,BATCH-2-CLM-0001355,none
batch-2-R001498,BATCH-2-CLM-0001356,none
batch-2-R001499,BATCH-2-CLM-0001357,none
batch-2-R001500,BATCH-2-CLM-0001358,none
batch-2-R001501,BATCH-2-CLM-0001359,none
batch-2-R001502,BATCH-2-CLM-0001360,none
batch-2-R001503,BATCH-2-CLM-0001361,none
batch-2-R001504,BATCH-2-CLM-0001362,none
batch-2-R001505,BATCH-2-CLM-0001363,none
batch-2-R001506,BATCH-2-CLM-0001325,none
batch-2-R001507,BATCH-2-CLM-0001364,none
batch-2-R001508,BATCH-2-CLM-0001365,none
batch-2-R001509,BATCH-2-CLM-0001366,none
batch-2-R001510,BATCH-2-CLM-0001367,none
batch-2-R001511,BATCH-2-CLM-0001368,none
batch-2-R001512,BATCH-2-CLM-0001369,none
batch-2-R001513,BATCH-2-CLM-0001370,none
batch-2-R001514,BATCH-2-CLM-0001371,none
batch-2-R001515,BATCH-2-CLM-0001372,none
batch-2-R001516,BATCH-2-CLM-0001373,none
batch-2-R001517,BATCH-2-CLM-0001374,none
batch-2-R001518,BATCH-2-CLM-0001375,none
batch-2-R001519,BATCH-2-CLM-0001376,none
batch-2-R001520,BATCH-2-CLM-0001377,none
batch-2-R001521,BATCH-2-CLM-0001378,none
batch-2-R001522,BATCH-2-CLM-0001379,none
batch-2-R001523,BATCH-2-CLM-0001380,none
batch-2-R001524,BATCH-2-CLM-0001381,none
batch-2-R001525,BATCH-2-CLM-0001382,none
batch-2-R001526,BATCH-2-CLM-0001383,none
batch-2-R001527,BATCH-2-CLM-0001384,none
batch-2-R001528,BATCH-2-CLM-0001385,none
batch-2-R001529,BATCH-2-CLM-0001386,none
batch-2-R001530,BATCH-2-CLM-0001387,none
batch-2-R001531,BATCH-2-CLM-0001388,none
batch-2-R001532,BATCH-2-CLM-0001389,none
batch-2-R001533,BATCH-2-CLM-0001390,none
batch-2-R001534,BATCH-2-CLM-0001391,none
batch-2-R001535,BATCH-2-CLM-0001392,none
batch-2-R001536,BATCH-2-CLM-0001393,none
batch-2-R001537,BATCH-2-CLM-0001394,none
batch-2-R001538,BATCH-2-CLM-0001395,none
batch-2-R001539,BATCH-2-CLM-0001396,none
batch-2-R001540,BATCH-2-CLM-0001397,none
batch-2-R001541,BATCH-2-CLM-0001398,none
batch-2-R001542,BATCH-2-CLM-0001399,none
batch-2-R001543,BATCH-2-CLM-0001400,none
batch-2-R001544,BATCH-2-CLM-0001401,none
batch-2-R001545,BATCH-2-CLM-0001402,none
batch-2-R001546,BATCH-2-CLM-0001403,none
batch-2-R001547,BATCH-2-CLM-0001404,none
batch-2-R001548,BATCH-2-CLM-0001405,none
batch-2-R001549,BATCH-2-CLM-0001406,none
batch-2-R001550,BATCH-2-CLM-0001407,none
batch-2-R001551,BATCH-2-CLM-0001408,none
batch-2-R001552,BATCH-2-CLM-0001409,none
batch-2-R001553,BATCH-2-CLM-0001410,none
batch-2-R001554,BATCH-2-CLM-0001411,none
batch-2-R001555,BATCH-2-CLM-0001412,none
batch-2-R001556,BATCH-2-CLM-0001413,none
batch-2-R001557,BATCH-2-CLM-0001414,none
batch-2-R001558,BATCH-2-CLM-0001415,none
batch-2-R001559,BATCH-2-CLM-0001416,none
batch-2-R001560,BATCH-2-CLM-0001417,none
batch-2-R001561,BATCH-2-CLM-0001418,none
batch-2-R001562,BATCH-2-CLM-0001419,none
batch-2-R001563,BATCH-2-CLM-0001420,none
batch-2-R001564,BATCH-2-CLM-0001421,none
batch-2-R001565,BATCH-2-CLM-0001422,none
batch-2-R001566,BATCH-2-CLM-0001423,none
batch-2-R001567,BATCH-2-CLM-0001424,none
batch-2-R001568,BATCH-2-CLM-0001425,none
batch-2-R001569,BATCH-2-CLM-0001426,none
batch-2-R001570,BATCH-2-CLM-0001427,none
batch-2-R001571,BATCH-2-CLM-0001428,none
batch-2-R001572,BATCH-2-CLM-0001429,none
batch-2-R001573,BATCH-2-CLM-0001390,none
batch-2-R001574,BATCH-2-CLM-0001373,none
batch-2-R001575,BATCH-2-CLM-0001425,none
batch-2-R001576,BATCH-2-CLM-0001430,none
batch-2-R001577,BATCH-2-CLM-0001431,none
batch-2-R001578,BATCH-2-CLM-0001432,none
batch-2-R001579,BATCH-2-CLM-0001433,none
batch-2-R001580,BATCH-2-CLM-0001434,none
batch-2-R001581,BATCH-2-CLM-0001435,none
batch-2-R001582,BATCH-2-CLM-0001436,none
batch-2-R001583,BATCH-2-CLM-0001437,none
batch-2-R001584,BATCH-2-CLM-0001438,none
batch-2-R001585,BATCH-2-CLM-0001439,none
batch-2-R001586,BATCH-2-CLM-0001440,none
batch-2-R001587,BATCH-2-CLM-0001441,none
batch-2-R001588,BATCH-2-CLM-0001442,none
batch-2-R001589,BATCH-2-CLM-0001443,none
batch-2-R001590,BATCH-2-CLM-0001444,none
batch-2-R001591,BATCH-2-CLM-0001445,none
batch-2-R001592,BATCH-2-CLM-0001446,none
batch-2-R001593,BATCH-2-CLM-0001447,none
batch-2-R001594,BATCH-2-CLM-0001448,none
batch-2-R001595,BATCH-2-CLM-0001449,none
batch-2-R001596,BATCH-2-CLM-0001450,none
batch-2-R001597,BATCH-2-CLM-0001451,none
batch-2-R001598,BATCH-2-CLM-0001452,none
batch-2-R001599,BATCH-2-CLM-0001453,none
batch-2-R001600,BATCH-2-CLM-0001454,none
batch-2-R001601,BATCH-2-CLM-0001455,none
batch-2-R001602,BATCH-2-CLM-0001456,none
batch-2-R001603,BATCH-2-CLM-0001457,none
batch-2-R001604,BATCH-2-CLM-0001458,none
batch-2-R001605,BATCH-2-CLM-0001459,none
batch-2-R001606,BATCH-2-CLM-0001460,none
batch-2-R001607,BATCH-2-CLM-0001461,none
batch-2-R001608,BATCH-2-CLM-0001462,none
batch-2-R001609,BATCH-2-CLM-0001463,none
batch-2-R001610,BATCH-2-CLM-0001464,none
batch-2-R001611,BATCH-2-CLM-0001465,none
batch-2-R001612,BATCH-2-CLM-0001466,none
batch-2-R001613,BATCH-2-CLM-0001467,none
batch-2-R001614,BATCH-2-CLM-0001468,none
batch-2-R001615,BATCH-2-CLM-0001469,none
batch-2-R001616,BATCH-2-CLM-0001470,none
batch-2-R001617,BATCH-2-CLM-0001471,none
batch-2-R001618,BATCH-2-CLM-0001472,none
batch-2-R001619,BATCH-2-CLM-0001473,none
batch-2-R001620,BATCH-2-CLM-0001474,none
batch-2-R001621,BATCH-2-CLM-0001475,none
batch-2-R001622,BATCH-2-CLM-0001476,none
batch-2-R001623,BATCH-2-CLM-0001477,none
batch-2-R001624,BATCH-2-CLM-0001478,none
batch-2-R001625,BATCH-2-CLM-0001479,none
batch-2-R001626,BATCH-2-CLM-0001480,none
batch-2-R001627,BATCH-2-CLM-0001481,none
batch-2-R001628,BATCH-2-CLM-0001482,none
batch-2-R001629,BATCH-2-CLM-0001483,none
batch-2-R001630,BATCH-2-CLM-0001484,none
batch-2-R001631,BATCH-2-CLM-0001485,none
batch-2-R001632,BATCH-2-CLM-0001486,none
batch-2-R001633,BATCH-2-CLM-0001487,none
batch-2-R001634,BATCH-2-CLM-0001488,none
batch-2-R001635,BATCH-2-CLM-0001489,none
batch-2-R001636,BATCH-2-CLM-0001490,none
batch-2-R001637,BATCH-2-CLM-0001491,none
batch-2-R001638,BATCH-2-CLM-0001492,none
batch-2-R001639,BATCH-2-CLM-0001493,none
batch-2-R001640,BATCH-2-CLM-0001494,none
batch-2-R001641,BATCH-2-CLM-0001471,none
batch-2-R001642,BATCH-2-CLM-0001435,none
batch-2-R001643,BATCH-2-CLM-0001433,none
batch-2-R001644,BATCH-2-CLM-0001472,none
batch-2-R001645,BATCH-2-CLM-0001495,none
batch-2-R001646,BATCH-2-CLM-0001496,none
batch-2-R001647,BATCH-2-CLM-0001497,none
batch-2-R001648,BATCH-2-CLM-0001498,none
batch-2-R001649,BATCH-2-CLM-0001499,none
batch-2-R001650,BATCH-2-CLM-0001500,none
batch-2-R001651,BATCH-2-CLM-0001501,none
batch-2-R001652,BATCH-2-CLM-0001502,none
batch-2-R001653,BATCH-2-CLM-0001503,none
batch-2-R001654,BATCH-2-CLM-0001504,none
batch-2-R001655,BATCH-2-CLM-0001505,none
batch-2-R001656,BATCH-2-CLM-0001506,none
batch-2-R001657,BATCH-2-CLM-0001507,none
batch-2-R001658,BATCH-2-CLM-0001508,none
batch-2-R001659,BATCH-2-CLM-0001509,none
batch-2-R001660,BATCH-2-CLM-0001510,none
batch-2-R001661,BATCH-2-CLM-0001511,none
batch-2-R001662,BATCH-2-CLM-0001512,none
batch-2-R001663,BATCH-2-CLM-0001513,none
batch-2-R001664,BATCH-2-CLM-0001514,none
batch-2-R001665,BATCH-2-CLM-0001515,none
batch-2-R001666,BATCH-2-CLM-0001516,none
batch-2-R001667,BATCH-2-CLM-0001517,none
batch-2-R001668,BATCH-2-CLM-0001518,none
batch-2-R001669,BATCH-2-CLM-0001519,none
batch-2-R001670,BATCH-2-CLM-0001520,none
batch-2-R001671,BATCH-2-CLM-0001521,none
batch-2-R001672,BATCH-2-CLM-0001522,none
batch-2-R001673,BATCH-2-CLM-0001523,none
batch-2-R001674,BATCH-2-CLM-0001524,none
batch-2-R001675,BATCH-2-CLM-0001525,none
batch-2-R001676,BATCH-2-CLM-0001526,none
batch-2-R001677,BATCH-2-CLM-0001527,none
batch-2-R001678,BATCH-2-CLM-0001528,none
batch-2-R001679,BATCH-2-CLM-0001529,none
batch-2-R001680,BATCH-2-CLM-0001530,none
batch-2-R001681,BATCH-2-CLM-0001531,none
batch-2-R001682,BATCH-2-CLM-0001532,none
batch-2-R001683,BATCH-2-CLM-0001533,none
batch-2-R001684,BATCH-2-CLM-0001534,none
batch-2-R001685,BATCH-2-CLM-0001535,none
batch-2-R001686,BATCH-2-CLM-0001536,none
batch-2-R001687,BATCH-2-CLM-0001537,none
batch-2-R001688,BATCH-2-CLM-0001538,none
batch-2-R001689,BATCH-2-CLM-0001539,none
batch-2-R001690,BATCH-2-CLM-0001540,none
batch-2-R001691,BATCH-2-CLM-0001541,none
batch-2-R001692,BATCH-2-CLM-0001542,none
batch-2-R001693,BATCH-2-CLM-0001543,none
batch-2-R001694,BATCH-2-CLM-0001515,none
batch-2-R001695,BATCH-2-CLM-0001543,none
batch-2-R001696,BATCH-2-CLM-0001544,none
batch-2-R001697,BATCH-2-CLM-0001545,none
batch-2-R001698,BATCH-2-CLM-0001546,none
batch-2-R001699,BATCH-2-CLM-0001547,none
batch-2-R001700,BATCH-2-CLM-0001548,none
batch-2-R001701,BATCH-2-CLM-0001549,none
batch-2-R001702,BATCH-2-CLM-0001550,none
batch-2-R001703,BATCH-2-CLM-0001551,none
batch-2-R001704,BATCH-2-CLM-0001552,none
batch-2-R001705,BATCH-2-CLM-0001553,none
batch-2-R001706,BATCH-2-CLM-0001554,none
batch-2-R001707,BATCH-2-CLM-0001555,none
batch-2-R001708,BATCH-2-CLM-0001556,none
batch-2-R001709,BATCH-2-CLM-0001557,none
batch-2-R001710,BATCH-2-CLM-0001558,none
batch-2-R001711,BATCH-2-CLM-0001559,none
batch-2-R001712,BATCH-2-CLM-0001560,none
batch-2-R001713,BATCH-2-CLM-0001561,none
batch-2-R001714,BATCH-2-CLM-0001562,none
batch-2-R001715,BATCH-2-CLM-0001563,none
batch-2-R001716,BATCH-2-CLM-0001564,none
batch-2-R001717,BATCH-2-CLM-0001565,none
batch-2-R001718,BATCH-2-CLM-0001566,none
batch-2-R001719,BATCH-2-CLM-0001567,none
batch-2-R001720,BATCH-2-CLM-0001568,none
batch-2-R001721,BATCH-2-CLM-0001569,none
batch-2-R001722,BATCH-2-CLM-0001570,none
batch-2-R001723,BATCH-2-CLM-0001571,none
batch-2-R001724,BATCH-2-CLM-0001572,none
batch-2-R001725,BATCH-2-CLM-0001573,none
batch-2-R001726,BATCH-2-CLM-0001574,none
batch-2-R001727,BATCH-2-CLM-0001575,none
batch-2-R001728,BATCH-2-CLM-0001576,none
batch-2-R001729,BATCH-2-CLM-0001577,none
batch-2-R001730,BATCH-2-CLM-0001578,none
batch-2-R001731,BATCH-2-CLM-0001579,none
batch-2-R001732,BATCH-2-CLM-0001580,none
batch-2-R001733,BATCH-2-CLM-0001581,none
batch-2-R001734,BATCH-2-CLM-0001582,none
batch-2-R001735,BATCH-2-CLM-0001583,none
batch-2-R001736,BATCH-2-CLM-0001584,none
batch-2-R001737,BATCH-2-CLM-0001585,none
batch-2-R001738,BATCH-2-CLM-0001586,none
batch-2-R001739,BATCH-2-CLM-0001587,none
batch-2-R001740,BATCH-2-CLM-0001588,none
batch-2-R001741,BATCH-2-CLM-0001589,none
batch-2-R001742,BATCH-2-CLM-0001590,none
batch-2-R001743,BATCH-2-CLM-0001591,none
batch-2-R001744,BATCH-2-CLM-0001592,none
batch-2-R001745,BATCH-2-CLM-0001593,none
batch-2-R001746,BATCH-2-CLM-0001587,none
batch-2-R001747,BATCH-2-CLM-0001555,none
batch-2-R001748,BATCH-2-CLM-0001594,none
batch-2-R001749,BATCH-2-CLM-0001595,none
batch-2-R001750,BATCH-2-CLM-0001596,none
batch-2-R001751,BATCH-2-CLM-0001597,none
batch-2-R001752,BATCH-2-CLM-0001598,none
batch-2-R001753,BATCH-2-CLM-0001599,none
batch-2-R001754,BATCH-2-CLM-0001600,none
batch-2-R001755,BATCH-2-CLM-0001601,none
batch-2-R001756,BATCH-2-CLM-0001602,none
batch-2-R001757,BATCH-2-CLM-0001603,none
batch-2-R001758,BATCH-2-CLM-0001604,none
batch-2-R001759,BATCH-2-CLM-0001605,none
batch-2-R001760,BATCH-2-CLM-0001606,none
batch-2-R001761,BATCH-2-CLM-0001607,none
batch-2-R001762,BATCH-2-CLM-0001608,none
batch-2-R001763,BATCH-2-CLM-0001609,none
batch-2-R001764,BATCH-2-CLM-0001610,none
batch-2-R001765,BATCH-2-CLM-0001611,none
batch-2-R001766,BATCH-2-CLM-0001612,none
batch-2-R001767,BATCH-2-CLM-0001613,none
batch-2-R001768,BATCH-2-CLM-0001614,none
batch-2-R001769,BATCH-2-CLM-0001615,none
batch-2-R001770,BATCH-2-CLM-0001616,none
batch-2-R001771,BATCH-2-CLM-0001617,none
batch-2-R001772,BATCH-2-CLM-0001618,none
batch-2-R001773,BATCH-2-CLM-0001619,none
batch-2-R001774,BATCH-2-CLM-0001620,none
batch-2-R001775,BATCH-2-CLM-0001621,none
batch-2-R001776,BATCH-2-CLM-0001622,none
batch-2-R001777,BATCH-2-CLM-0001623,none
batch-2-R001778,BATCH-2-CLM-0001624,none
batch-2-R001779,BATCH-2-CLM-0001625,none
batch-2-R001780,BATCH-2-CLM-0001626,none
batch-2-R001781,BATCH-2-CLM-0001627,none
batch-2-R001782,BATCH-2-CLM-0001628,none
batch-2-R001783,BATCH-2-CLM-0001629,none
batch-2-R001784,BATCH-2-CLM-0001630,none
batch-2-R001785,BATCH-2-CLM-0001631,none
batch-2-R001786,BATCH-2-CLM-0001632,none
batch-2-R001787,BATCH-2-CLM-0001633,none
batch-2-R001788,BATCH-2-CLM-0001634,none
batch-2-R001789,BATCH-2-CLM-0001635,none
batch-2-R001790,BATCH-2-CLM-0001636,none
batch-2-R001791,BATCH-2-CLM-0001637,none
batch-2-R001792,BATCH-2-CLM-0001638,none
batch-2-R001793,BATCH-2-CLM-0001639,none
batch-2-R001794,BATCH-2-CLM-0001640,none
batch-2-R001795,BATCH-2-CLM-0001641,none
batch-2-R001796,BATCH-2-CLM-0001642,none
batch-2-R001797,BATCH-2-CLM-0001643,none
batch-2-R001798,BATCH-2-CLM-0001644,none
batch-2-R001799,BATCH-2-CLM-0001636,none
batch-2-R001800,BATCH-2-CLM-0001608,none
batch-2-R001801,BATCH-2-CLM-0001596,none
batch-2-R001802,BATCH-2-CLM-0001602,none
batch-2-R001803,BATCH-2-CLM-0001645,none
batch-2-R001804,BATCH-2-CLM-0001646,none
batch-2-R001805,BATCH-2-CLM-0001647,none
batch-2-R001806,BATCH-2-CLM-0001648,none
batch-2-R001807,BATCH-2-CLM-0001649,none
batch-2-R001808,BATCH-2-CLM-0001650,none
batch-2-R001809,BATCH-2-CLM-0001651,none
batch-2-R001810,BATCH-2-CLM-0001652,none
batch-2-R001811,BATCH-2-CLM-0001653,none
batch-2-R001812,BATCH-2-CLM-0001654,none
batch-2-R001813,BATCH-2-CLM-0001655,none
batch-2-R001814,BATCH-2-CLM-0001656,none
batch-2-R001815,BATCH-2-CLM-0001657,none
batch-2-R001816,BATCH-2-CLM-0001658,none
batch-2-R001817,BATCH-2-CLM-0001659,none
batch-2-R001818,BATCH-2-CLM-0001660,none
batch-2-R001819,BATCH-2-CLM-0001661,none
batch-2-R001820,BATCH-2-CLM-0001662,none
batch-2-R001821,BATCH-2-CLM-0001663,none
batch-2-R001822,BATCH-2-CLM-0001664,none
batch-2-R001823,BATCH-2-CLM-0001665,none
batch-2-R001824,BATCH-2-CLM-0001666,none
batch-2-R001825,BATCH-2-CLM-0001667,none
batch-2-R001826,BATCH-2-CLM-0001668,none
batch-2-R001827,BATCH-2-CLM-0001669,none
batch-2-R001828,BATCH-2-CLM-0001670,none
batch-2-R001829,BATCH-2-CLM-0001671,none
batch-2-R001830,BATCH-2-CLM-0001672,none
batch-2-R001831,BATCH-2-CLM-0001673,none
batch-2-R001832,BATCH-2-CLM-0001674,none
batch-2-R001833,BATCH-2-CLM-0001675,none
batch-2-R001834,BATCH-2-CLM-0001676,none
batch-2-R001835,BATCH-2-CLM-0001677,none
batch-2-R001836,BATCH-2-CLM-0001678,none
batch-2-R001837,BATCH-2-CLM-0001679,none
batch-2-R001838,BATCH-2-CLM-0001680,none
batch-2-R001839,BATCH-2-CLM-0001681,none
batch-2-R001840,BATCH-2-CLM-0001682,none
batch-2-R001841,BATCH-2-CLM-0001683,none
batch-2-R001842,BATCH-2-CLM-0001684,none
batch-2-R001843,BATCH-2-CLM-0001685,none
batch-2-R001844,BATCH-2-CLM-0001686,none
batch-2-R001845,BATCH-2-CLM-0001687,none
batch-2-R001846,BATCH-2-CLM-0001688,none
batch-2-R001847,BATCH-2-CLM-0001689,none
batch-2-R001848,BATCH-2-CLM-0001690,none
batch-2-R001849,BATCH-2-CLM-0001691,none
batch-2-R001850,BATCH-2-CLM-0001692,none
batch-2-R001851,BATCH-2-CLM-0001646,none
batch-2-R001852,BATCH-2-CLM-0001684,none
batch-2-R001853,BATCH-2-CLM-0001693,none
batch-2-R001854,BATCH-2-CLM-0001694,none
batch-2-R001855,BATCH-2-CLM-0001695,none
batch-2-R001856,BATCH-2-CLM-0001696,none
batch-2-R001857,BATCH-2-CLM-0001697,none
batch-2-R001858,BATCH-2-CLM-0001698,none
batch-2-R001859,BATCH-2-CLM-0001699,none
batch-2-R001860,BATCH-2-CLM-0001700,none
batch-2-R001861,BATCH-2-CLM-0001701,none
batch-2-R001862,BATCH-2-CLM-0001702,none
batch-2-R001863,BATCH-2-CLM-0001703,none
batch-2-R001864,BATCH-2-CLM-0001704,none
batch-2-R001865,BATCH-2-CLM-0001705,none
batch-2-R001866,BATCH-2-CLM-0001706,none
batch-2-R001867,BATCH-2-CLM-0001707,none
batch-2-R001868,BATCH-2-CLM-0001708,none
batch-2-R001869,BATCH-2-CLM-0001709,none
batch-2-R001870,BATCH-2-CLM-0001710,none
batch-2-R001871,BATCH-2-CLM-0001711,none
batch-2-R001872,BATCH-2-CLM-0001712,none
batch-2-R001873,BATCH-2-CLM-0001713,none
batch-2-R001874,BATCH-2-CLM-0001714,none
batch-2-R001875,BATCH-2-CLM-0001715,none
batch-2-R001876,BATCH-2-CLM-0001716,none
batch-2-R001877,BATCH-2-CLM-0001717,none
batch-2-R001878,BATCH-2-CLM-0001718,none
batch-2-R001879,BATCH-2-CLM-0001719,none
batch-2-R001880,BATCH-2-CLM-0001720,none
batch-2-R001881,BATCH-2-CLM-0001721,none
batch-2-R001882,BATCH-2-CLM-0001722,none
batch-2-R001883,BATCH-2-CLM-0001723,none
batch-2-R001884,BATCH-2-CLM-0001724,none
batch-2-R001885,BATCH-2-CLM-0001725,none
batch-2-R001886,BATCH-2-CLM-0001726,none
batch-2-R001887,BATCH-2-CLM-0001727,none
batch-2-R001888,BATCH-2-CLM-0001728,none
batch-2-R001889,BATCH-2-CLM-0001729,none
batch-2-R001890,BATCH-2-CLM-0001730,none
batch-2-R001891,BATCH-2-CLM-0001731,none
batch-2-R001892,BATCH-2-CLM-0001732,none
batch-2-R001893,BATCH-2-CLM-0001733,none
batch-2-R001894,BATCH-2-CLM-0001734,none
batch-2-R001895,BATCH-2-CLM-0001735,none
batch-2-R001896,BATCH-2-CLM-0001736,none
batch-2-R001897,BATCH-2-CLM-0001737,none
batch-2-R001898,BATCH-2-CLM-0001738,none
batch-2-R001899,BATCH-2-CLM-0001739,none
batch-2-R001900,BATCH-2-CLM-0001740,none
batch-2-R001901,BATCH-2-CLM-0001741,none
batch-2-R001902,BATCH-2-CLM-0001742,none
batch-2-R001903,BATCH-2-CLM-0001743,none
batch-2-R001904,BATCH-2-CLM-0001744,none
batch-2-R001905,BATCH-2-CLM-0001745,none
batch-2-R001906,BATCH-2-CLM-0001746,none
batch-2-R001907,BATCH-2-CLM-0001747,none
batch-2-R001908,BATCH-2-CLM-0001748,none
batch-2-R001909,BATCH-2-CLM-0001749,none
batch-2-R001910,BATCH-2-CLM-0001750,none
batch-2-R001911,BATCH-2-CLM-0001751,none
batch-2-R001912,BATCH-2-CLM-0001752,none
batch-2-R001913,BATCH-2-CLM-0001753,none
batch-2-R001914,BATCH-2-CLM-0001754,none
batch-2-R001915,BATCH-2-CLM-0001755,missing_value_spike
batch-2-R001916,BATCH-2-CLM-0001756,missing_value_spike
batch-2-R001917,BATCH-2-CLM-0001757,missing_value_spike
batch-2-R001918,BATCH-2-CLM-0001758,missing_value_spike
batch-2-R001919,BATCH-2-CLM-0001759,missing_value_spike
batch-2-R001920,BATCH-2-CLM-0001760,missing_value_spike
batch-2-R001921,BATCH-2-CLM-0001720,none
batch-2-R001922,BATCH-2-CLM-0001761,missing_value_spike
batch-2-R001923,BATCH-2-CLM-0001762,missing_value_spike
batch-2-R001924,BATCH-2-CLM-0001763,missing_value_spike
batch-2-R001925,BATCH-2-CLM-0001764,none
batch-2-R001926,BATCH-2-CLM-0001765,missing_value_spike
batch-2-R001927,BATCH-2-CLM-0001766,missing_value_spike
batch-2-R001928,BATCH-2-CLM-0001767,none
batch-2-R001929,BATCH-2-CLM-0001768,none
batch-2-R001930,BATCH-2-CLM-0001769,none
batch-2-R001931,BATCH-2-CLM-0001770,none
batch-2-R001932,BATCH-2-CLM-0001771,missing_value_spike
batch-2-R001933,BATCH-2-CLM-0001772,missing_value_spike
batch-2-R001934,BATCH-2-CLM-0001773,missing_value_spike
batch-2-R001935,BATCH-2-CLM-0001774,missing_value_spike
batch-2-R001936,BATCH-2-CLM-0001775,missing_value_spike
batch-2-R001937,BATCH-2-CLM-0001776,none
batch-2-R001938,BATCH-2-CLM-0001777,none
batch-2-R001939,BATCH-2-CLM-0001778,missing_value_spike
batch-2-R001940,BATCH-2-CLM-0001779,missing_value_spike
batch-2-R001941,BATCH-2-CLM-0001780,none
batch-2-R001942,BATCH-2-CLM-0001781,missing_value_spike
batch-2-R001943,BATCH-2-CLM-0001782,missing_value_spike
batch-2-R001944,BATCH-2-CLM-0001783,missing_value_spike
batch-2-R001945,BATCH-2-CLM-0001784,none
batch-2-R001946,BATCH-2-CLM-0001785,missing_value_spike
batch-2-R001947,BATCH-2-CLM-0001786,missing_value_spike
batch-2-R001948,BATCH-2-CLM-0001787,missing_value_spike
batch-2-R001949,BATCH-2-CLM-0001788,missing_value_spike
batch-2-R001950,BATCH-2-CLM-0001789,missing_value_spike
batch-2-R001951,BATCH-2-CLM-0001790,none
batch-2-R001952,BATCH-2-CLM-0001791,missing_value_spike
batch-2-R001953,BATCH-2-CLM-0001792,missing_value_spike
batch-2-R001954,BATCH-2-CLM-0001793,none
batch-2-R001955,BATCH-2-CLM-0001794,none
batch-2-R001956,BATCH-2-CLM-0001795,missing_value_spike
batch-2-R001957,BATCH-2-CLM-0001796,missing_value_spike
batch-2-R001958,BATCH-2-CLM-0001797,missing_value_spike
batch-2-R001959,BATCH-2-CLM-0001798,missing_value_spike
batch-2-R001960,BATCH-2-CLM-0001799,none
batch-2-R001961,BATCH-2-CLM-0001800,missing_value_spike
batch-2-R001962,BATCH-2-CLM-0001801,missing_value_spike
batch-2-R001963,BATCH-2-CLM-0001802,none
batch-2-R001964,BATCH-2-CLM-0001803,missing_value_spike
batch-2-R001965,BATCH-2-CLM-0001804,none
batch-2-R001966,BATCH-2-CLM-0001805,none
batch-2-R001967,BATCH-2-CLM-0001806,missing_value_spike
batch-2-R001968,BATCH-2-CLM-0001807,none
batch-2-R001969,BATCH-2-CLM-0001808,none
batch-2-R001970,BATCH-2-CLM-0001809,none
batch-2-R001971,BATCH-2-CLM-0001810,missing_value_spike
batch-2-R001972,BATCH-2-CLM-0001811,missing_value_spike
batch-2-R001973,BATCH-2-CLM-0001812,none
batch-2-R001974,BATCH-2-CLM-0001813,none
batch-2-R001975,BATCH-2-CLM-0001814,none
batch-2-R001976,BATCH-2-CLM-0001815,missing_value_spike
batch-2-R001977,BATCH-2-CLM-0001816,none
batch-2-R001978,BATCH-2-CLM-0001817,none
batch-2-R001979,BATCH-2-CLM-0001818,missing_value_spike
batch-2-R001980,BATCH-2-CLM-0001819,missing_value_spike
batch-2-R001981,BATCH-2-CLM-0001820,none
batch-2-R001982,BATCH-2-CLM-0001821,none
batch-2-R001983,BATCH-2-CLM-0001822,none
batch-2-R001984,BATCH-2-CLM-0001823,missing_value_spike
batch-2-R001985,BATCH-2-CLM-0001824,missing_value_spike
batch-2-R001986,BATCH-2-CLM-0001821,missing_value_spike
batch-2-R001987,BATCH-2-CLM-0001767,missing_value_spike
batch-2-R001988,BATCH-2-CLM-0001825,missing_value_spike
batch-2-R001989,BATCH-2-CLM-0001826,none
batch-2-R001990,BATCH-2-CLM-0001827,none
batch-2-R001991,BATCH-2-CLM-0001828,missing_value_spike
batch-2-R001992,BATCH-2-CLM-0001829,missing_value_spike
batch-2-R001993,BATCH-2-CLM-0001830,missing_value_spike
batch-2-R001994,BATCH-2-CLM-0001831,none
batch-2-R001995,BATCH-2-CLM-0001832,missing_value_spike
batch-2-R001996,BATCH-2-CLM-0001833,none
batch-2-R001997,BATCH-2-CLM-0001834,none
batch-2-R001998,BATCH-2-CLM-0001835,none
batch-2-R001999,BATCH-2-CLM-0001836,missing_value_spike
batch-2-R002000,BATCH-2-CLM-0001837,missing_value_spike
batch-2-R002001,BATCH-2-CLM-0001838,none
batch-2-R002002,BATCH-2-CLM-0001839,missing_value_spike
batch-2-R002003,BATCH-2-CLM-0001840,missing_value_spike
batch-2-R002004,BATCH-2-CLM-0001841,missing_value_spike
batch-2-R002005,BATCH-2-CLM-0001842,missing_value_spike
batch-2-R002006,BATCH-2-CLM-0001843,missing_value_spike
batch-2-R002007,BATCH-2-CLM-0001844,none
batch-2-R002008,BATCH-2-CLM-0001845,missing_value_spike
batch-2-R002009,BATCH-2-CLM-0001846,missing_value_spike
batch-2-R002010,BATCH-2-CLM-0001847,missing_value_spike
batch-2-R002011,BATCH-2-CLM-0001848,none
batch-2-R002012,BATCH-2-CLM-0001849,none
batch-2-R002013,BATCH-2-CLM-0001850,none
batch-2-R002014,BATCH-2-CLM-0001851,missing_value_spike
batch-2-R002015,BATCH-2-CLM-0001852,none
batch-2-R002016,BATCH-2-CLM-0001853,missing_value_spike
batch-2-R002017,BATCH-2-CLM-0001854,missing_value_spike
batch-2-R002018,BATCH-2-CLM-0001855,none
batch-2-R002019,BATCH-2-CLM-0001856,none
batch-2-R002020,BATCH-2-CLM-0001857,missing_value_spike
batch-2-R002021,BATCH-2-CLM-0001858,none
batch-2-R002022,BATCH-2-CLM-0001859,none
batch-2-R002023,BATCH-2-CLM-0001860,missing_value_spike
batch-2-R002024,BATCH-2-CLM-0001861,missing_value_spike
batch-2-R002025,BATCH-2-CLM-0001862,missing_value_spike
batch-2-R002026,BATCH-2-CLM-0001863,missing_value_spike
batch-2-R002027,BATCH-2-CLM-0001864,none
batch-2-R002028,BATCH-2-CLM-0001865,none
batch-2-R002029,BATCH-2-CLM-0001866,missing_value_spike
batch-2-R002030,BATCH-2-CLM-0001867,missing_value_spike
batch-2-R002031,BATCH-2-CLM-0001868,missing_value_spike
batch-2-R002032,BATCH-2-CLM-0001869,none
batch-2-R002033,BATCH-2-CLM-0001870,missing_value_spike
batch-2-R002034,BATCH-2-CLM-0001871,missing_value_spike
batch-2-R002035,BATCH-2-CLM-0001872,missing_value_spike
batch-2-R002036,BATCH-2-CLM-0001873,none
batch-2-R002037,BATCH-2-CLM-0001874,missing_value_spike
batch-2-R002038,BATCH-2-CLM-0001875,none
batch-2-R002039,BATCH-2-CLM-0001876,none
batch-2-R002040,BATCH-2-CLM-0001877,none
batch-2-R002041,BATCH-2-CLM-0001878,none
batch-2-R002042,BATCH-2-CLM-0001879,none
batch-2-R002043,BATCH-2-CLM-0001880,none
batch-2-R002044,BATCH-2-CLM-0001881,none
batch-2-R002045,BATCH-2-CLM-0001882,none
batch-2-R002046,BATCH-2-CLM-0001826,none
batch-2-R002047,BATCH-2-CLM-0001849,none
batch-2-R002048,BATCH-2-CLM-0001854,none
batch-2-R002049,BATCH-2-CLM-0001857,none
batch-2-R002050,BATCH-2-CLM-0001883,none
batch-2-R002051,BATCH-2-CLM-0001884,none
batch-2-R002052,BATCH-2-CLM-0001885,none
batch-2-R002053,BATCH-2-CLM-0001886,none
batch-2-R002054,BATCH-2-CLM-0001887,none
batch-2-R002055,BATCH-2-CLM-0001888,none
batch-2-R002056,BATCH-2-CLM-0001889,none
batch-2-R002057,BATCH-2-CLM-0001890,none
batch-2-R002058,BATCH-2-CLM-0001891,none
batch-2-R002059,BATCH-2-CLM-0001892,none
batch-2-R002060,BATCH-2-CLM-0001893,none
batch-2-R002061,BATCH-2-CLM-0001894,none
batch-2-R002062,BATCH-2-CLM-0001895,none
batch-2-R002063,BATCH-2-CLM-0001896,none
batch-2-R002064,BATCH-2-CLM-0001897,none
batch-2-R002065,BATCH-2-CLM-0001898,none
batch-2-R002066,BATCH-2-CLM-0001899,none
batch-2-R002067,BATCH-2-CLM-0001900,none
batch-2-R002068,BATCH-2-CLM-0001901,none
batch-2-R002069,BATCH-2-CLM-0001902,none
batch-2-R002070,BATCH-2-CLM-0001903,none
batch-2-R002071,BATCH-2-CLM-0001904,none
batch-2-R002072,BATCH-2-CLM-0001905,none
batch-2-R002073,BATCH-2-CLM-0001906,none
batch-2-R002074,BATCH-2-CLM-0001907,none
batch-2-R002075,BATCH-2-CLM-0001908,none
batch-2-R002076,BATCH-2-CLM-0001909,none
batch-2-R002077,BATCH-2-CLM-0001910,none
batch-2-R002078,BATCH-2-CLM-0001911,none
batch-2-R002079,BATCH-2-CLM-0001912,none
batch-2-R002080,BATCH-2-CLM-0001913,none
batch-2-R002081,BATCH-2-CLM-0001914,none
batch-2-R002082,BATCH-2-CLM-0001915,none
batch-2-R002083,BATCH-2-CLM-0001916,none
batch-2-R002084,BATCH-2-CLM-0001917,none
batch-2-R002085,BATCH-2-CLM-0001918,none
batch-2-R002086,BATCH-2-CLM-0001919,none
batch-2-R002087,BATCH-2-CLM-0001920,none
batch-2-R002088,BATCH-2-CLM-0001921,none
batch-2-R002089,BATCH-2-CLM-0001922,none
batch-2-R002090,BATCH-2-CLM-0001923,none
batch-2-R002091,BATCH-2-CLM-0001924,none
batch-2-R002092,BATCH-2-CLM-0001925,none
batch-2-R002093,BATCH-2-CLM-0001926,none
batch-2-R002094,BATCH-2-CLM-0001927,none
batch-2-R002095,BATCH-2-CLM-0001928,none
batch-2-R002096,BATCH-2-CLM-0001929,none
batch-2-R002097,BATCH-2-CLM-0001930,none
batch-2-R002098,BATCH-2-CLM-0001931,none
batch-2-R002099,BATCH-2-CLM-0001932,none
batch-2-R002100,BATCH-2-CLM-0001933,none
batch-2-R002101,BATCH-2-CLM-0001934,none
batch-2-R002102,BATCH-2-CLM-0001935,none
batch-2-R002103,BATCH-2-CLM-0001936,none
batch-2-R002104,BATCH-2-CLM-0001937,none
batch-2-R002105,BATCH-2-CLM-0001938,none
batch-2-R002106,BATCH-2-CLM-0001939,none
batch-2-R002107,BATCH-2-CLM-0001940,none
batch-2-R002108,BATCH-2-CLM-0001941,none
batch-2-R002109,BATCH-2-CLM-0001942,none
batch-2-R002110,BATCH-2-CLM-0001943,none
batch-2-R002111,BATCH-2-CLM-0001910,none
batch-2-R002112,BATCH-2-CLM-0001939,none
batch-2-R002113,BATCH-2-CLM-0001944,none
batch-2-R002114,BATCH-2-CLM-0001945,none
batch-2-R002115,BATCH-2-CLM-0001946,none
batch-2-R002116,BATCH-2-CLM-0001947,none
batch-2-R002117,BATCH-2-CLM-0001948,none
batch-2-R002118,BATCH-2-CLM-0001949,none
batch-2-R002119,BATCH-2-CLM-0001950,none
batch-2-R002120,BATCH-2-CLM-0001951,none
batch-2-R002121,BATCH-2-CLM-0001952,none
batch-2-R002122,BATCH-2-CLM-0001953,none
batch-2-R002123,BATCH-2-CLM-0001954,none
batch-2-R002124,BATCH-2-CLM-0001955,none
batch-2-R002125,BATCH-2-CLM-0001956,none
batch-2-R002126,BATCH-2-CLM-0001957,none
batch-2-R002127,BATCH-2-CLM-0001958,none
batch-2-R002128,BATCH-2-CLM-0001959,none
batch-2-R002129,BATCH-2-CLM-0001960,none
batch-2-R002130,BATCH-2-CLM-0001961,none
batch-2-R002131,BATCH-2-CLM-0001962,none
batch-2-R002132,BATCH-2-CLM-0001963,none
batch-2-R002133,BATCH-2-CLM-0001964,none
batch-2-R002134,BATCH-2-CLM-0001965,none
batch-2-R002135,BATCH-2-CLM-0001966,none
batch-2-R002136,BATCH-2-CLM-0001967,none
batch-2-R002137,BATCH-2-CLM-0001968,none
batch-2-R002138,BATCH-2-CLM-0001969,none
batch-2-R002139,BATCH-2-CLM-0001970,none
batch-2-R002140,BATCH-2-CLM-0001971,none
batch-2-R002141,BATCH-2-CLM-0001972,none
batch-2-R002142,BATCH-2-CLM-0001973,none
batch-2-R002143,BATCH-2-CLM-0001974,none
batch-2-R002144,BATCH-2-CLM-0001975,none
batch-2-R002145,BATCH-2-CLM-0001976,none
batch-2-R002146,BATCH-2-CLM-0001977,none
batch-2-R002147,BATCH-2-CLM-0001978,none
batch-2-R002148,BATCH-2-CLM-0001979,none
batch-2-R002149,BATCH-2-CLM-0001980,none
batch-2-R002150,BATCH-2-CLM-0001981,none
batch-2-R002151,BATCH-2-CLM-0001982,none
batch-2-R002152,BATCH-2-CLM-0001983,none
batch-2-R002153,BATCH-2-CLM-0001984,none
batch-2-R002154,BATCH-2-CLM-0001985,none
batch-2-R002155,BATCH-2-CLM-0001986,none
batch-2-R002156,BATCH-2-CLM-0001987,none
batch-2-R002157,BATCH-2-CLM-0001988,none
batch-2-R002158,BATCH-2-CLM-0001989,none
batch-2-R002159,BATCH-2-CLM-0001990,none
batch-2-R002160,BATCH-2-CLM-0001991,none
batch-2-R002161,BATCH-2-CLM-0001992,none
batch-2-R002162,BATCH-2-CLM-0001993,none
batch-2-R002163,BATCH-2-CLM-0001994,none
batch-2-R002164,BATCH-2-CLM-0001995,none
batch-2-R002165,BATCH-2-CLM-0001996,none
batch-2-R002166,BATCH-2-CLM-0001985,none
batch-2-R002167,BATCH-2-CLM-0001960,none
batch-2-R002168,BATCH-2-CLM-0001976,none
batch-2-R002169,BATCH-2-CLM-0001997,none
batch-2-R002170,BATCH-2-CLM-0001998,none
batch-2-R002171,BATCH-2-CLM-0001999,none
batch-2-R002172,BATCH-2-CLM-0002000,none
batch-2-R002173,BATCH-2-CLM-0002001,none
batch-2-R002174,BATCH-2-CLM-0002002,none
batch-2-R002175,BATCH-2-CLM-0002003,none
batch-2-R002176,BATCH-2-CLM-0002004,none
batch-2-R002177,BATCH-2-CLM-0002005,none
batch-2-R002178,BATCH-2-CLM-0002006,none
batch-2-R002179,BATCH-2-CLM-0002007,none
batch-2-R002180,BATCH-2-CLM-0002008,none
batch-2-R002181,BATCH-2-CLM-0002009,none
batch-2-R002182,BATCH-2-CLM-0002010,none
batch-2-R002183,BATCH-2-CLM-0002011,none
batch-2-R002184,BATCH-2-CLM-0002012,none
batch-2-R002185,BATCH-2-CLM-0002013,none
batch-2-R002186,BATCH-2-CLM-0002014,none
batch-2-R002187,BATCH-2-CLM-0002015,none
batch-2-R002188,BATCH-2-CLM-0002016,none
batch-2-R002189,BATCH-2-CLM-0002017,none
batch-2-R002190,BATCH-2-CLM-0002018,amount_spike
batch-2-R002191,BATCH-2-CLM-0002019,none
batch-2-R002192,BATCH-2-CLM-0002020,none
batch-2-R002193,BATCH-2-CLM-0002021,none
batch-2-R002194,BATCH-2-CLM-0002022,amount_spike
batch-2-R002195,BATCH-2-CLM-0002023,amount_spike
batch-2-R002196,BATCH-2-CLM-0002024,amount_spike
batch-2-R002197,BATCH-2-CLM-0002025,none
batch-2-R002198,BATCH-2-CLM-0002026,amount_spike
batch-2-R002199,BATCH-2-CLM-0002027,none
batch-2-R002200,BATCH-2-CLM-0002028,amount_spike
batch-2-R002201,BATCH-2-CLM-0002029,amount_spike
batch-2-R002202,BATCH-2-CLM-0002030,none
batch-2-R002203,BATCH-2-CLM-0002031,amount_spike
batch-2-R002204,BATCH-2-CLM-0002032,amount_spike
batch-2-R002205,BATCH-2-CLM-0002033,none
batch-2-R002206,BATCH-2-CLM-0002034,amount_spike
batch-2-R002207,BATCH-2-CLM-0002035,amount_spike
batch-2-R002208,BATCH-2-CLM-0002036,amount_spike
batch-2-R002209,BATCH-2-CLM-0002037,amount_spike
batch-2-R002210,BATCH-2-CLM-0002038,none
batch-2-R002211,BATCH-2-CLM-0002039,amount_spike
batch-2-R002212,BATCH-2-CLM-0002040,amount_spike
batch-2-R002213,BATCH-2-CLM-0002041,none
batch-2-R002214,BATCH-2-CLM-0002042,amount_spike
batch-2-R002215,BATCH-2-CLM-0002043,amount_spike
batch-2-R002216,BATCH-2-CLM-0002044,amount_spike
batch-2-R002217,BATCH-2-CLM-0002045,none
batch-2-R002218,BATCH-2-CLM-0002046,none
batch-2-R002219,BATCH-2-CLM-0002047,amount_spike
batch-2-R002220,BATCH-2-CLM-0002042,amount_spike
batch-2-R002221,BATCH-2-CLM-0002047,amount_spike
batch-2-R002222,BATCH-2-CLM-0002048,none
batch-2-R002223,BATCH-2-CLM-0002049,amount_spike
batch-2-R002224,BATCH-2-CLM-0002050,none
batch-2-R002225,BATCH-2-CLM-0002051,amount_spike
batch-2-R002226,BATCH-2-CLM-0002052,none
batch-2-R002227,BATCH-2-CLM-0002053,amount_spike
batch-2-R002228,BATCH-2-CLM-0002054,amount_spike
batch-2-R002229,BATCH-2-CLM-0002055,none
batch-2-R002230,BATCH-2-CLM-0002056,amount_spike
batch-2-R002231,BATCH-2-CLM-0002057,amount_spike
batch-2-R002232,BATCH-2-CLM-0002058,amount_spike
batch-2-R002233,BATCH-2-CLM-0002059,amount_spike
batch-2-R002234,BATCH-2-CLM-0002060,amount_spike
batch-2-R002235,BATCH-2-CLM-0002061,none
batch-2-R002236,BATCH-2-CLM-0002062,amount_spike
batch-2-R002237,BATCH-2-CLM-0002063,none
batch-2-R002238,BATCH-2-CLM-0002064,amount_spike
batch-2-R002239,BATCH-2-CLM-0002065,amount_spike
batch-2-R002240,BATCH-2-CLM-0002066,amount_spike
batch-2-R002241,BATCH-2-CLM-0002067,amount_spike
batch-2-R002242,BATCH-2-CLM-0002068,none
batch-2-R002243,BATCH-2-CLM-0002069,amount_spike
batch-2-R002244,BATCH-2-CLM-0002070,amount_spike
batch-2-R002245,BATCH-2-CLM-0002071,amount_spike
batch-2-R002246,BATCH-2-CLM-0002072,none
batch-2-R002247,BATCH-2-CLM-0002073,none
batch-2-R002248,BATCH-2-CLM-0002074,amount_spike
batch-2-R002249,BATCH-2-CLM-0002075,none
batch-2-R002250,BATCH-2-CLM-0002076,none
batch-2-R002251,BATCH-2-CLM-0002077,amount_spike
batch-2-R002252,BATCH-2-CLM-0002078,none
batch-2-R002253,BATCH-2-CLM-0002079,amount_spike
batch-2-R002254,BATCH-2-CLM-0002080,none
batch-2-R002255,BATCH-2-CLM-0002081,none
batch-2-R002256,BATCH-2-CLM-0002082,amount_spike
batch-2-R002257,BATCH-2-CLM-0002083,amount_spike
batch-2-R002258,BATCH-2-CLM-0002084,amount_spike
batch-2-R002259,BATCH-2-CLM-0002085,none
batch-2-R002260,BATCH-2-CLM-0002086,amount_spike
batch-2-R002261,BATCH-2-CLM-0002087,none
batch-2-R002262,BATCH-2-CLM-0002088,amount_spike
batch-2-R002263,BATCH-2-CLM-0002089,amount_spike
batch-2-R002264,BATCH-2-CLM-0002090,none
batch-2-R002265,BATCH-2-CLM-0002091,none
batch-2-R002266,BATCH-2-CLM-0002092,amount_spike
batch-2-R002267,BATCH-2-CLM-0002093,amount_spike
batch-2-R002268,BATCH-2-CLM-0002049,none
batch-2-R002269,BATCH-2-CLM-0002056,amount_spike
batch-2-R002270,BATCH-2-CLM-0002094,none
batch-2-R002271,BATCH-2-CLM-0002095,none
batch-2-R002272,BATCH-2-CLM-0002096,none
batch-2-R002273,BATCH-2-CLM-0002097,none
batch-2-R002274,BATCH-2-CLM-0002098,none
batch-2-R002275,BATCH-2-CLM-0002099,none
batch-2-R002276,BATCH-2-CLM-0002100,none
batch-2-R002277,BATCH-2-CLM-0002101,none
batch-2-R002278,BATCH-2-CLM-0002102,none
batch-2-R002279,BATCH-2-CLM-0002103,none
batch-2-R002280,BATCH-2-CLM-0002104,none
batch-2-R002281,BATCH-2-CLM-0002105,none
batch-2-R002282,BATCH-2-CLM-0002106,none
batch-2-R002283,BATCH-2-CLM-0002107,none
batch-2-R002284,BATCH-2-CLM-0002108,none
batch-2-R002285,BATCH-2-CLM-0002109,none
batch-2-R002286,BATCH-2-CLM-0002110,none
batch-2-R002287,BATCH-2-CLM-0002111,none
batch-2-R002288,BATCH-2-CLM-0002112,none
batch-2-R002289,BATCH-2-CLM-0002113,none
batch-2-R002290,BATCH-2-CLM-0002114,none
batch-2-R002291,BATCH-2-CLM-0002115,none
batch-2-R002292,BATCH-2-CLM-0002116,none
batch-2-R002293,BATCH-2-CLM-0002117,none
batch-2-R002294,BATCH-2-CLM-0002118,none
batch-2-R002295,BATCH-2-CLM-0002119,none
batch-2-R002296,BATCH-2-CLM-0002120,none
batch-2-R002297,BATCH-2-CLM-0002121,none
batch-2-R002298,BATCH-2-CLM-0002122,none
batch-2-R002299,BATCH-2-CLM-0002123,none
batch-2-R002300,BATCH-2-CLM-0002124,none
batch-2-R002301,BATCH-2-CLM-0002125,none
batch-2-R002302,BATCH-2-CLM-0002126,none
batch-2-R002303,BATCH-2-CLM-0002127,none
batch-2-R002304,BATCH-2-CLM-0002128,none
batch-2-R002305,BATCH-2-CLM-0002129,none
batch-2-R002306,BATCH-2-CLM-0002130,none
batch-2-R002307,BATCH-2-CLM-0002131,none
batch-2-R002308,BATCH-2-CLM-0002132,none
batch-2-R002309,BATCH-2-CLM-0002133,none
batch-2-R002310,BATCH-2-CLM-0002134,none
batch-2-R002311,BATCH-2-CLM-0002135,none
batch-2-R002312,BATCH-2-CLM-0002136,none
batch-2-R002313,BATCH-2-CLM-0002137,none
batch-2-R002314,BATCH-2-CLM-0002138,none
batch-2-R002315,BATCH-2-CLM-0002139,none
batch-2-R002316,BATCH-2-CLM-0002140,none
batch-2-R002317,BATCH-2-CLM-0002141,none
batch-2-R002318,BATCH-2-CLM-0002142,none
batch-2-R002319,BATCH-2-CLM-0002143,none
batch-2-R002320,BATCH-2-CLM-0002144,none
batch-2-R002321,BATCH-2-CLM-0002145,none
batch-2-R002322,BATCH-2-CLM-0002146,none
batch-2-R002323,BATCH-2-CLM-0002147,none
batch-2-R002324,BATCH-2-CLM-0002148,none
batch-2-R002325,BATCH-2-CLM-0002149,none
batch-2-R002326,BATCH-2-CLM-0002150,none
batch-2-R002327,BATCH-2-CLM-0002151,none
batch-2-R002328,BATCH-2-CLM-0002152,none
batch-2-R002329,BATCH-2-CLM-0002153,none
batch-2-R002330,BATCH-2-CLM-0002154,none
batch-2-R002331,BATCH-2-CLM-0002155,none
batch-2-R002332,BATCH-2-CLM-0002156,none
batch-2-R002333,BATCH-2-CLM-0002157,none
batch-2-R002334,BATCH-2-CLM-0002158,none
batch-2-R002335,BATCH-2-CLM-0002159,none
batch-2-R002336,BATCH-2-CLM-0002160,none
batch-2-R002337,BATCH-2-CLM-0002161,none
batch-2-R002338,BATCH-2-CLM-0002162,none
batch-2-R002339,BATCH-2-CLM-0002163,none
batch-2-R002340,BATCH-2-CLM-0002164,none
batch-2-R002341,BATCH-2-CLM-0002165,none
batch-2-R002342,BATCH-2-CLM-0002166,none
batch-2-R002343,BATCH-2-CLM-0002167,none
batch-2-R002344,BATCH-2-CLM-0002168,none
batch-2-R002345,BATCH-2-CLM-0002169,none
batch-2-R002346,BATCH-2-CLM-0002170,none
batch-2-R002347,BATCH-2-CLM-0002171,none
batch-2-R002348,BATCH-2-CLM-0002132,none
batch-2-R002349,BATCH-2-CLM-0002172,none
batch-2-R002350,BATCH-2-CLM-0002173,none
batch-2-R002351,BATCH-2-CLM-0002174,none
batch-2-R002352,BATCH-2-CLM-0002175,none
batch-2-R002353,BATCH-2-CLM-0002176,none
batch-2-R002354,BATCH-2-CLM-0002177,none
batch-2-R002355,BATCH-2-CLM-0002178,none
batch-2-R002356,BATCH-2-CLM-0002179,none
batch-2-R002357,BATCH-2-CLM-0002180,none
batch-2-R002358,BATCH-2-CLM-0002181,none
batch-2-R002359,BATCH-2-CLM-0002182,none
batch-2-R002360,BATCH-2-CLM-0002183,none
batch-2-R002361,BATCH-2-CLM-0002184,none
batch-2-R002362,BATCH-2-CLM-0002185,none
batch-2-R002363,BATCH-2-CLM-0002186,none
batch-2-R002364,BATCH-2-CLM-0002187,none
batch-2-R002365,BATCH-2-CLM-0002188,none
batch-2-R002366,BATCH-2-CLM-0002189,none
batch-2-R002367,BATCH-2-CLM-0002190,none
batch-2-R002368,BATCH-2-CLM-0002191,none
batch-2-R002369,BATCH-2-CLM-0002192,none
batch-2-R002370,BATCH-2-CLM-0002193,none
batch-2-R002371,BATCH-2-CLM-0002194,none
batch-2-R002372,BATCH-2-CLM-0002195,none
batch-2-R002373,BATCH-2-CLM-0002196,none
batch-2-R002374,BATCH-2-CLM-0002197,none
batch-2-R002375,BATCH-2-CLM-0002198,none
batch-2-R002376,BATCH-2-CLM-0002199,none
batch-2-R002377,BATCH-2-CLM-0002200,none
batch-2-R002378,BATCH-2-CLM-0002201,none
batch-2-R002379,BATCH-2-CLM-0002202,none
batch-2-R002380,BATCH-2-CLM-0002203,none
batch-2-R002381,BATCH-2-CLM-0002204,none
batch-2-R002382,BATCH-2-CLM-0002205,none
batch-2-R002383,BATCH-2-CLM-0002206,none
batch-2-R002384,BATCH-2-CLM-0002207,none
batch-2-R002385,BATCH-2-CLM-0002208,none
batch-2-R002386,BATCH-2-CLM-0002209,none
batch-2-R002387,BATCH-2-CLM-0002210,none
batch-2-R002388,BATCH-2-CLM-0002211,none
batch-2-R002389,BATCH-2-CLM-0002212,none
batch-2-R002390,BATCH-2-CLM-0002213,none
batch-2-R002391,BATCH-2-CLM-0002214,none
batch-2-R002392,BATCH-2-CLM-0002215,none
batch-2-R002393,BATCH-2-CLM-0002216,none
batch-2-R002394,BATCH-2-CLM-0002217,none
batch-2-R002395,BATCH-2-CLM-0002218,none
batch-2-R002396,BATCH-2-CLM-0002219,none
batch-2-R002397,BATCH-2-CLM-0002220,none
batch-2-R002398,BATCH-2-CLM-0002221,none
batch-2-R002399,BATCH-2-CLM-0002222,none
batch-2-R002400,BATCH-2-CLM-0002223,none
batch-2-R002401,BATCH-2-CLM-0002224,none
batch-2-R002402,BATCH-2-CLM-0002225,none
batch-2-R002403,BATCH-2-CLM-0002226,none
batch-2-R002404,BATCH-2-CLM-0002227,none
batch-2-R002405,BATCH-2-CLM-0002228,none
batch-2-R002406,BATCH-2-CLM-0002229,none
batch-2-R002407,BATCH-2-CLM-0002210,none
batch-2-R002408,BATCH-2-CLM-0002230,none
batch-2-R002409,BATCH-2-CLM-0002231,none
batch-2-R002410,BATCH-2-CLM-0002232,none
batch-2-R002411,BATCH-2-CLM-0002233,none
batch-2-R002412,BATCH-2-CLM-0002234,none
batch-2-R002413,BATCH-2-CLM-0002235,none
batch-2-R002414,BATCH-2-CLM-0002236,none
batch-2-R002415,BATCH-2-CLM-0002238,volume_drop
batch-2-R002416,BATCH-2-CLM-0002242,volume_drop
batch-2-R002417,BATCH-2-CLM-0002252,volume_drop
batch-2-R002418,BATCH-2-CLM-0002254,volume_drop
batch-2-R002419,BATCH-2-CLM-0002257,volume_drop
batch-2-R002420,BATCH-2-CLM-0002265,volume_drop
batch-2-R002421,BATCH-2-CLM-0002252,volume_drop
batch-2-R002422,BATCH-2-CLM-0002288,volume_drop
batch-2-R002423,BATCH-2-CLM-0002289,volume_drop
batch-2-R002424,BATCH-2-CLM-0002290,volume_drop
batch-2-R002425,BATCH-2-CLM-0002294,volume_drop
batch-2-R002426,BATCH-2-CLM-0002295,volume_drop
batch-2-R002427,BATCH-2-CLM-0002297,volume_drop
batch-2-R002428,BATCH-2-CLM-0002304,volume_drop
batch-2-R002429,BATCH-2-CLM-0002307,volume_drop
batch-2-R002430,BATCH-2-CLM-0002311,volume_drop
batch-2-R002431,BATCH-2-CLM-0002315,volume_drop
batch-2-R002432,BATCH-2-CLM-0002316,volume_drop
batch-2-R002433,BATCH-2-CLM-0002319,volume_drop
batch-2-R002434,BATCH-2-CLM-0002321,volume_drop
batch-2-R002435,BATCH-2-CLM-0002323,volume_drop
batch-2-R002436,BATCH-2-CLM-0002324,volume_drop
batch-2-R002437,BATCH-2-CLM-0002326,volume_drop
batch-2-R002438,BATCH-2-CLM-0002327,volume_drop
batch-2-R002439,BATCH-2-CLM-0002331,volume_drop
batch-2-R002440,BATCH-2-CLM-0002332,volume_drop
batch-2-R002441,BATCH-2-CLM-0002337,volume_drop
batch-2-R002442,BATCH-2-CLM-0002340,volume_drop
batch-2-R002443,BATCH-2-CLM-0002343,volume_drop
batch-2-R002444,BATCH-2-CLM-0002345,volume_drop
batch-2-R002445,BATCH-2-CLM-0002347,volume_drop
batch-2-R002446,BATCH-2-CLM-0002350,volume_drop
batch-2-R002447,BATCH-2-CLM-0002351,volume_drop
batch-2-R002448,BATCH-2-CLM-0002352,volume_drop
batch-2-R002449,BATCH-2-CLM-0002357,volume_drop
batch-2-R002450,BATCH-2-CLM-0002358,volume_drop
batch-2-R002451,BATCH-2-CLM-0002360,volume_drop
batch-2-R002452,BATCH-2-CLM-0002362,volume_drop
batch-2-R002453,BATCH-2-CLM-0002363,volume_drop
batch-2-R002454,BATCH-2-CLM-0002370,volume_drop
batch-2-R002455,BATCH-2-CLM-0002371,volume_drop
batch-2-R002456,BATCH-2-CLM-0002372,volume_drop
batch-2-R002457,BATCH-2-CLM-0002377,volume_drop
batch-2-R002458,BATCH-2-CLM-0002378,volume_drop
batch-2-R002459,BATCH-2-CLM-0002380,volume_drop
batch-2-R002460,BATCH-2-CLM-0002381,volume_drop
batch-2-R002461,BATCH-2-CLM-0002382,volume_drop
batch-2-R002462,BATCH-2-CLM-0002383,volume_drop
batch-2-R002463,BATCH-2-CLM-0002385,volume_drop
batch-2-R002464,BATCH-2-CLM-0002398,none
batch-2-R002465,BATCH-2-CLM-0002399,none
batch-2-R002466,BATCH-2-CLM-0002400,none
batch-2-R002467,BATCH-2-CLM-0002401,none
batch-2-R002468,BATCH-2-CLM-0002402,none
batch-2-R002469,BATCH-2-CLM-0002403,none
batch-2-R002470,BATCH-2-CLM-0002404,none
batch-2-R002471,BATCH-2-CLM-0002405,none
batch-2-R002472,BATCH-2-CLM-0002406,none
batch-2-R002473,BATCH-2-CLM-0002385,none
batch-2-R002474,BATCH-2-CLM-0002368,none
batch-2-R002475,BATCH-2-CLM-0002407,none
batch-2-R002476,BATCH-2-CLM-0002408,none
batch-2-R002477,BATCH-2-CLM-0002409,none
batch-2-R002478,BATCH-2-CLM-0002410,none
batch-2-R002479,BATCH-2-CLM-0002411,none
batch-2-R002480,BATCH-2-CLM-0002412,none
batch-2-R002481,BATCH-2-CLM-0002413,none
batch-2-R002482,BATCH-2-CLM-0002414,none
batch-2-R002483,BATCH-2-CLM-0002415,none
batch-2-R002484,BATCH-2-CLM-0002416,none
batch-2-R002485,BATCH-2-CLM-0002417,none
batch-2-R002486,BATCH-2-CLM-0002418,none
batch-2-R002487,BATCH-2-CLM-0002419,none
batch-2-R002488,BATCH-2-CLM-0002420,none
batch-2-R002489,BATCH-2-CLM-0002421,none
batch-2-R002490,BATCH-2-CLM-0002422,none
batch-2-R002491,BATCH-2-CLM-0002423,none
batch-2-R002492,BATCH-2-CLM-0002424,none
batch-2-R002493,BATCH-2-CLM-0002425,none
batch-2-R002494,BATCH-2-CLM-0002426,none
batch-2-R002495,BATCH-2-CLM-0002427,none
batch-2-R002496,BATCH-2-CLM-0002428,none
batch-2-R002497,BATCH-2-CLM-0002429,none
batch-2-R002498,BATCH-2-CLM-0002430,none
batch-2-R002499,BATCH-2-CLM-0002431,none
batch-2-R002500,BATCH-2-CLM-0002432,none
batch-2-R002501,BATCH-2-CLM-0002433,none
batch-2-R002502,BATCH-2-CLM-0002434,none
batch-2-R002503,BATCH-2-CLM-0002435,none
batch-2-R002504,BATCH-2-CLM-0002436,none
batch-2-R002505,BATCH-2-CLM-0002437,none
batch-2-R002506,BATCH-2-CLM-0002438,none
batch-2-R002507,BATCH-2-CLM-0002439,none
batch-2-R002508,BATCH-2-CLM-0002440,none
batch-2-R002509,BATCH-2-CLM-0002441,none
batch-2-R002510,BATCH-2-CLM-0002442,none
batch-2-R002511,BATCH-2-CLM-0002443,none
batch-2-R002512,BATCH-2-CLM-0002444,none
batch-2-R002513,BATCH-2-CLM-0002445,none
batch-2-R002514,BATCH-2-CLM-0002446,none
batch-2-R002515,BATCH-2-CLM-0002447,none
batch-2-R002516,BATCH-2-CLM-0002448,none
batch-2-R002517,BATCH-2-CLM-0002449,none
batch-2-R002518,BATCH-2-CLM-0002450,none
batch-2-R002519,BATCH-2-CLM-0002451,none
batch-2-R002520,BATCH-2-CLM-0002452,none
batch-2-R002521,BATCH-2-CLM-0002453,none
batch-2-R002522,BATCH-2-CLM-0002454,none
batch-2-R002523,BATCH-2-CLM-0002455,none
batch-2-R002524,BATCH-2-CLM-0002456,none
batch-2-R002525,BATCH-2-CLM-0002457,none
batch-2-R002526,BATCH-2-CLM-0002458,none
batch-2-R002527,BATCH-2-CLM-0002430,none
batch-2-R002528,BATCH-2-CLM-0002459,none
batch-2-R002529,BATCH-2-CLM-0002460,none
batch-2-R002530,BATCH-2-CLM-0002461,none
batch-2-R002531,BATCH-2-CLM-0002462,none
batch-2-R002532,BATCH-2-CLM-0002463,none
batch-2-R002533,BATCH-2-CLM-0002464,none
batch-2-R002534,BATCH-2-CLM-0002465,none
batch-2-R002535,BATCH-2-CLM-0002466,none
batch-2-R002536,BATCH-2-CLM-0002467,none
batch-2-R002537,BATCH-2-CLM-0002468,none
batch-2-R002538,BATCH-2-CLM-0002469,none
batch-2-R002539,BATCH-2-CLM-0002470,none
batch-2-R002540,BATCH-2-CLM-0002471,none
batch-2-R002541,BATCH-2-CLM-0002472,none
batch-2-R002542,BATCH-2-CLM-0002473,none
batch-2-R002543,BATCH-2-CLM-0002474,none
batch-2-R002544,BATCH-2-CLM-0002475,none
batch-2-R002545,BATCH-2-CLM-0002476,none
batch-2-R002546,BATCH-2-CLM-0002477,none
batch-2-R002547,BATCH-2-CLM-0002478,none
batch-2-R002548,BATCH-2-CLM-0002479,none
batch-2-R002549,BATCH-2-CLM-0002480,none
batch-2-R002550,BATCH-2-CLM-0002481,none
batch-2-R002551,BATCH-2-CLM-0002482,none
batch-2-R002552,BATCH-2-CLM-0002483,none
batch-2-R002553,BATCH-2-CLM-0002484,none
batch-2-R002554,BATCH-2-CLM-0002485,none
batch-2-R002555,BATCH-2-CLM-0002486,none
batch-2-R002556,BATCH-2-CLM-0002487,none
batch-2-R002557,BATCH-2-CLM-0002488,none
batch-2-R002558,BATCH-2-CLM-0002489,none
batch-2-R002559,BATCH-2-CLM-0002490,none
batch-2-R002560,BATCH-2-CLM-0002491,none
batch-2-R002561,BATCH-2-CLM-0002492,none
batch-2-R002562,BATCH-2-CLM-0002493,none
batch-2-R002563,BATCH-2-CLM-0002494,none
batch-2-R002564,BATCH-2-CLM-0002495,none
batch-2-R002565,BATCH-2-CLM-0002496,none
batch-2-R002566,BATCH-2-CLM-0002497,none
batch-2-R002567,BATCH-2-CLM-0002498,none
batch-2-R002568,BATCH-2-CLM-0002499,none
batch-2-R002569,BATCH-2-CLM-0002500,none
batch-2-R002570,BATCH-2-CLM-0002501,none
batch-2-R002571,BATCH-2-CLM-0002502,none
batch-2-R002572,BATCH-2-CLM-0002503,none
batch-2-R002573,BATCH-2-CLM-0002504,none
batch-2-R002574,BATCH-2-CLM-0002505,none
batch-2-R002575,BATCH-2-CLM-0002506,none
batch-2-R002576,BATCH-2-CLM-0002507,none
batch-2-R002577,BATCH-2-CLM-0002508,none
batch-2-R002578,BATCH-2-CLM-0002509,none
batch-2-R002579,BATCH-2-CLM-0002510,none
batch-2-R002580,BATCH-2-CLM-0002511,none
batch-2-R002581,BATCH-2-CLM-0002512,none
batch-2-R002582,BATCH-2-CLM-0002513,none
batch-2-R002583,BATCH-2-CLM-0002514,none
batch-2-R002584,BATCH-2-CLM-0002515,none
batch-2-R002585,BATCH-2-CLM-0002516,none
batch-2-R002586,BATCH-2-CLM-0002517,none
batch-2-R002587,BATCH-2-CLM-0002518,none
batch-2-R002588,BATCH-2-CLM-0002519,none
batch-2-R002589,BATCH-2-CLM-0002520,none
batch-2-R002590,BATCH-2-CLM-0002521,none
batch-2-R002591,BATCH-2-CLM-0002522,none
batch-2-R002592,BATCH-2-CLM-0002523,none
batch-2-R002593,BATCH-2-CLM-0002524,none
batch-2-R002594,BATCH-2-CLM-0002525,none
batch-2-R002595,BATCH-2-CLM-0002526,none
batch-2-R002596,BATCH-2-CLM-0002527,none
batch-2-R002597,BATCH-2-CLM-0002528,none
batch-2-R002598,BATCH-2-CLM-0002529,none
batch-2-R002599,BATCH-2-CLM-0002530,none
batch-2-R002600,BATCH-2-CLM-0002531,none
batch-2-R002601,BATCH-2-CLM-0002532,none
batch-2-R002602,BATCH-2-CLM-0002533,none
batch-2-R002603,BATCH-2-CLM-0002534,none
batch-2-R002604,BATCH-2-CLM-0002535,none
batch-2-R002605,BATCH-2-CLM-0002536,none
batch-2-R002606,BATCH-2-CLM-0002537,none
batch-2-R002607,BATCH-2-CLM-0002538,none
batch-2-R002608,BATCH-2-CLM-0002539,none
batch-2-R002609,BATCH-2-CLM-0002540,none
batch-2-R002610,BATCH-2-CLM-0002541,none
batch-2-R002611,BATCH-2-CLM-0002542,none
batch-2-R002612,BATCH-2-CLM-0002543,none
batch-2-R002613,BATCH-2-CLM-0002544,none
batch-2-R002614,BATCH-2-CLM-0002545,none
batch-2-R002615,BATCH-2-CLM-0002546,none
batch-2-R002616,BATCH-2-CLM-0002547,none
batch-2-R002617,BATCH-2-CLM-0002548,none
batch-2-R002618,BATCH-2-CLM-0002549,none
batch-2-R002619,BATCH-2-CLM-0002550,none
batch-2-R002620,BATCH-2-CLM-0002551,none
batch-2-R002621,BATCH-2-CLM-0002552,none
batch-2-R002622,BATCH-2-CLM-0002553,none
batch-2-R002623,BATCH-2-CLM-0002554,none
batch-2-R002624,BATCH-2-CLM-0002555,none
batch-2-R002625,BATCH-2-CLM-0002556,none
batch-2-R002626,BATCH-2-CLM-0002557,none
batch-2-R002627,BATCH-2-CLM-0002558,none
batch-2-R002628,BATCH-2-CLM-0002559,none
batch-2-R002629,BATCH-2-CLM-0002560,none
batch-2-R002630,BATCH-2-CLM-0002561,none
batch-2-R002631,BATCH-2-CLM-0002562,none
batch-2-R002632,BATCH-2-CLM-0002563,none
batch-2-R002633,BATCH-2-CLM-0002564,none
batch-2-R002634,BATCH-2-CLM-0002565,none
batch-2-R002635,BATCH-2-CLM-0002566,none
batch-2-R002636,BATCH-2-CLM-0002567,none
batch-2-R002637,BATCH-2-CLM-0002568,none
batch-2-R002638,BATCH-2-CLM-0002569,none
batch-2-R002639,BATCH-2-CLM-0002570,none
batch-2-R002640,BATCH-2-CLM-0002571,none
batch-2-R002641,BATCH-2-CLM-0002572,none
batch-2-R002642,BATCH-2-CLM-0002573,none
batch-2-R002643,BATCH-2-CLM-0002574,none
batch-2-R002644,BATCH-2-CLM-0002575,none
batch-2-R002645,BATCH-2-CLM-0002576,none
batch-2-R002646,BATCH-2-CLM-0002577,none
batch-2-R002647,BATCH-2-CLM-0002571,none
batch-2-R002648,BATCH-2-CLM-0002578,none
batch-2-R002649,BATCH-2-CLM-0002579,none
batch-2-R002650,BATCH-2-CLM-0002580,none
batch-2-R002651,BATCH-2-CLM-0002581,none
batch-2-R002652,BATCH-2-CLM-0002582,none
batch-2-R002653,BATCH-2-CLM-0002583,none
batch-2-R002654,BATCH-2-CLM-0002584,none
batch-2-R002655,BATCH-2-CLM-0002585,none
batch-2-R002656,BATCH-2-CLM-0002586,none
batch-2-R002657,BATCH-2-CLM-0002587,none
batch-2-R002658,BATCH-2-CLM-0002588,none
batch-2-R002659,BATCH-2-CLM-0002589,none
batch-2-R002660,BATCH-2-CLM-0002590,none
batch-2-R002661,BATCH-2-CLM-0002591,none
batch-2-R002662,BATCH-2-CLM-0002592,none
batch-2-R002663,BATCH-2-CLM-0002593,none
batch-2-R002664,BATCH-2-CLM-0002594,none
batch-2-R002665,BATCH-2-CLM-0002595,none
batch-2-R002666,BATCH-2-CLM-0002596,none
batch-2-R002667,BATCH-2-CLM-0002597,none
batch-2-R002668,BATCH-2-CLM-0002598,none
batch-2-R002669,BATCH-2-CLM-0002599,none
batch-2-R002670,BATCH-2-CLM-0002600,none
batch-2-R002671,BATCH-2-CLM-0002601,none
batch-2-R002672,BATCH-2-CLM-0002602,none
batch-2-R002673,BATCH-2-CLM-0002603,none
batch-2-R002674,BATCH-2-CLM-0002604,none
batch-2-R002675,BATCH-2-CLM-0002605,none
batch-2-R002676,BATCH-2-CLM-0002606,none
batch-2-R002677,BATCH-2-CLM-0002607,none
batch-2-R002678,BATCH-2-CLM-0002608,none
batch-2-R002679,BATCH-2-CLM-0002609,none
batch-2-R002680,BATCH-2-CLM-0002610,none
batch-2-R002681,BATCH-2-CLM-0002611,none
batch-2-R002682,BATCH-2-CLM-0002612,none
batch-2-R002683,BATCH-2-CLM-0002613,none
batch-2-R002684,BATCH-2-CLM-0002614,none
batch-2-R002685,BATCH-2-CLM-0002615,none
batch-2-R002686,BATCH-2-CLM-0002616,none
batch-2-R002687,BATCH-2-CLM-0002617,none
batch-2-R002688,BATCH-2-CLM-0002618,none
batch-2-R002689,BATCH-2-CLM-0002619,none
batch-2-R002690,BATCH-2-CLM-0002620,none
batch-2-R002691,BATCH-2-CLM-0002621,none
batch-2-R002692,BATCH-2-CLM-0002622,none
batch-2-R002693,BATCH-2-CLM-0002623,none
batch-2-R002694,BATCH-2-CLM-0002624,none
batch-2-R002695,BATCH-2-CLM-0002625,none
batch-2-R002696,BATCH-2-CLM-0002626,none
batch-2-R002697,BATCH-2-CLM-0002627,none
batch-2-R002698,BATCH-2-CLM-0002628,none
batch-2-R002699,BATCH-2-CLM-0002629,none
batch-2-R002700,BATCH-2-CLM-0002630,none
batch-2-R002701,BATCH-2-CLM-0002631,none
batch-2-R002702,BATCH-2-CLM-0002632,none
batch-2-R002703,BATCH-2-CLM-0002633,none
batch-2-R002704,BATCH-2-CLM-0002621,none
batch-2-R002705,BATCH-2-CLM-0002634,none
batch-2-R002706,BATCH-2-CLM-0002635,none
batch-2-R002707,BATCH-2-CLM-0002636,none
batch-2-R002708,BATCH-2-CLM-0002637,none
batch-2-R002709,BATCH-2-CLM-0002638,none
batch-2-R002710,BATCH-2-CLM-0002639,none
batch-2-R002711,BATCH-2-CLM-0002640,none
batch-2-R002712,BATCH-2-CLM-0002641,none
batch-2-R002713,BATCH-2-CLM-0002642,none
batch-2-R002714,BATCH-2-CLM-0002643,none
batch-2-R002715,BATCH-2-CLM-0002644,none
batch-2-R002716,BATCH-2-CLM-0002645,none
batch-2-R002717,BATCH-2-CLM-0002646,none
batch-2-R002718,BATCH-2-CLM-0002647,none
batch-2-R002719,BATCH-2-CLM-0002648,none
batch-2-R002720,BATCH-2-CLM-0002649,none
batch-2-R002721,BATCH-2-CLM-0002650,none
batch-2-R002722,BATCH-2-CLM-0002651,none
batch-2-R002723,BATCH-2-CLM-0002652,none
batch-2-R002724,BATCH-2-CLM-0002653,none
batch-2-R002725,BATCH-2-CLM-0002654,none
batch-2-R002726,BATCH-2-CLM-0002655,none
batch-2-R002727,BATCH-2-CLM-0002656,none
batch-2-R002728,BATCH-2-CLM-0002657,none
batch-2-R002729,BATCH-2-CLM-0002658,none
batch-2-R002730,BATCH-2-CLM-0002659,none
batch-2-R002731,BATCH-2-CLM-0002660,none
batch-2-R002732,BATCH-2-CLM-0002661,none
batch-2-R002733,BATCH-2-CLM-0002662,none
batch-2-R002734,BATCH-2-CLM-0002663,none
batch-2-R002735,BATCH-2-CLM-0002664,none
batch-2-R002736,BATCH-2-CLM-0002665,none
batch-2-R002737,BATCH-2-CLM-0002666,none
batch-2-R002738,BATCH-2-CLM-0002667,none
batch-2-R002739,BATCH-2-CLM-0002668,none
batch-2-R002740,BATCH-2-CLM-0002669,none
batch-2-R002741,BATCH-2-CLM-0002670,none
batch-2-R002742,BATCH-2-CLM-0002671,none
batch-2-R002743,BATCH-2-CLM-0002672,none
batch-2-R002744,BATCH-2-CLM-0002673,none
batch-2-R002745,BATCH-2-CLM-0002674,none
batch-2-R002746,BATCH-2-CLM-0002675,none
batch-2-R002747,BATCH-2-CLM-0002676,none
batch-2-R002748,BATCH-2-CLM-0002677,none
batch-2-R002749,BATCH-2-CLM-0002678,none
batch-2-R002750,BATCH-2-CLM-0002679,none
batch-2-R002751,BATCH-2-CLM-0002680,none
batch-2-R002752,BATCH-2-CLM-0002681,none
batch-2-R002753,BATCH-2-CLM-0002682,none
batch-2-R002754,BATCH-2-CLM-0002683,none
batch-2-R002755,BATCH-2-CLM-0002684,none
batch-2-R002756,BATCH-2-CLM-0002685,none
batch-2-R002757,BATCH-2-CLM-0002686,none
batch-2-R002758,BATCH-2-CLM-0002687,none
batch-2-R002759,BATCH-2-CLM-0002672,none
batch-2-R002760,BATCH-2-CLM-0002652,none
batch-2-R002761,BATCH-2-CLM-0002688,none
batch-2-R002762,BATCH-2-CLM-0002689,none
batch-2-R002763,BATCH-2-CLM-0002690,none
batch-2-R002764,BATCH-2-CLM-0002691,none
batch-2-R002765,BATCH-2-CLM-0002692,none
batch-2-R002766,BATCH-2-CLM-0002693,none
batch-2-R002767,BATCH-2-CLM-0002694,none
batch-2-R002768,BATCH-2-CLM-0002695,none
batch-2-R002769,BATCH-2-CLM-0002696,none
batch-2-R002770,BATCH-2-CLM-0002697,none
batch-2-R002771,BATCH-2-CLM-0002698,none
batch-2-R002772,BATCH-2-CLM-0002699,none
batch-2-R002773,BATCH-2-CLM-0002700,none
batch-2-R002774,BATCH-2-CLM-0002701,none
batch-2-R002775,BATCH-2-CLM-0002702,none
batch-2-R002776,BATCH-2-CLM-0002703,none
batch-2-R002777,BATCH-2-CLM-0002704,none
batch-2-R002778,BATCH-2-CLM-0002705,none
batch-2-R002779,BATCH-2-CLM-0002706,none
batch-2-R002780,BATCH-2-CLM-0002707,none
batch-2-R002781,BATCH-2-CLM-0002708,none
batch-2-R002782,BATCH-2-CLM-0002709,none
batch-2-R002783,BATCH-2-CLM-0002710,none
batch-2-R002784,BATCH-2-CLM-0002711,none
batch-2-R002785,BATCH-2-CLM-0002712,none
batch-2-R002786,BATCH-2-CLM-0002713,none
batch-2-R002787,BATCH-2-CLM-0002714,none
batch-2-R002788,BATCH-2-CLM-0002715,none
batch-2-R002789,BATCH-2-CLM-0002716,none
batch-2-R002790,BATCH-2-CLM-0002717,none
batch-2-R002791,BATCH-2-CLM-0002718,none
batch-2-R002792,BATCH-2-CLM-0002719,none
batch-2-R002793,BATCH-2-CLM-0002720,none
batch-2-R002794,BATCH-2-CLM-0002721,none
batch-2-R002795,BATCH-2-CLM-0002722,none
batch-2-R002796,BATCH-2-CLM-0002723,none
batch-2-R002797,BATCH-2-CLM-0002724,none
batch-2-R002798,BATCH-2-CLM-0002725,none
batch-2-R002799,BATCH-2-CLM-0002726,none
batch-2-R002800,BATCH-2-CLM-0002727,none
batch-2-R002801,BATCH-2-CLM-0002728,none
batch-2-R002802,BATCH-2-CLM-0002729,none
batch-2-R002803,BATCH-2-CLM-0002730,none
batch-2-R002804,BATCH-2-CLM-0002731,none
batch-2-R002805,BATCH-2-CLM-0002732,none
batch-2-R002806,BATCH-2-CLM-0002733,none
batch-2-R002807,BATCH-2-CLM-0002734,none
batch-2-R002808,BATCH-2-CLM-0002735,none
batch-2-R002809,BATCH-2-CLM-0002736,none
batch-2-R002810,BATCH-2-CLM-0002737,none
batch-2-R002811,BATCH-2-CLM-0002738,none
batch-2-R002812,BATCH-2-CLM-0002739,none
batch-2-R002813,BATCH-2-CLM-0002740,none
batch-2-R002814,BATCH-2-CLM-0002741,none
batch-2-R002815,BATCH-2-CLM-0002742,none
batch-2-R002816,BATCH-2-CLM-0002743,none
batch-2-R002817,BATCH-2-CLM-0002744,none
batch-2-R002818,BATCH-2-CLM-0002745,none
batch-2-R002819,BATCH-2-CLM-0002746,none
batch-2-R002820,BATCH-2-CLM-0002747,none
batch-2-R002821,BATCH-2-CLM-0002748,none
batch-2-R002822,BATCH-2-CLM-0002749,none
batch-2-R002823,BATCH-2-CLM-0002750,none
batch-2-R002824,BATCH-2-CLM-0002751,none
batch-2-R002825,BATCH-2-CLM-0002752,none
batch-2-R002826,BATCH-2-CLM-0002753,none
batch-2-R002827,BATCH-2-CLM-0002754,none
batch-2-R002828,BATCH-2-CLM-0002755,none
batch-2-R002829,BATCH-2-CLM-0002756,none
batch-2-R002830,BATCH-2-CLM-0002757,none
batch-2-R002831,BATCH-2-CLM-0002699,none
batch-2-R002832,BATCH-2-CLM-0002719,none
batch-2-R002833,BATCH-2-CLM-0002758,none
batch-2-R002834,BATCH-2-CLM-0002759,none
batch-2-R002835,BATCH-2-CLM-0002760,none
batch-2-R002836,BATCH-2-CLM-0002761,none
batch-2-R002837,BATCH-2-CLM-0002762,none
batch-2-R002838,BATCH-2-CLM-0002763,none
batch-2-R002839,BATCH-2-CLM-0002764,none
batch-2-R002840,BATCH-2-CLM-0002765,none
batch-2-R002841,BATCH-2-CLM-0002766,none
batch-2-R002842,BATCH-2-CLM-0002767,none
batch-2-R002843,BATCH-2-CLM-0002768,none
batch-2-R002844,BATCH-2-CLM-0002769,none
batch-2-R002845,BATCH-2-CLM-0002770,none
batch-2-R002846,BATCH-2-CLM-0002771,none
batch-2-R002847,BATCH-2-CLM-0002772,none
batch-2-R002848,BATCH-2-CLM-0002773,none
batch-2-R002849,BATCH-2-CLM-0002774,none
batch-2-R002850,BATCH-2-CLM-0002775,none
batch-2-R002851,BATCH-2-CLM-0002776,none
batch-2-R002852,BATCH-2-CLM-0002777,none
batch-2-R002853,BATCH-2-CLM-0002778,none
batch-2-R002854,BATCH-2-CLM-0002779,none
batch-2-R002855,BATCH-2-CLM-0002780,none
batch-2-R002856,BATCH-2-CLM-0002781,none
batch-2-R002857,BATCH-2-CLM-0002782,none
batch-2-R002858,BATCH-2-CLM-0002783,none
batch-2-R002859,BATCH-2-CLM-0002784,none
batch-2-R002860,BATCH-2-CLM-0002785,none
batch-2-R002861,BATCH-2-CLM-0002786,none
batch-2-R002862,BATCH-2-CLM-0002787,none
batch-2-R002863,BATCH-2-CLM-0002788,none
batch-2-R002864,BATCH-2-CLM-0002789,none
batch-2-R002865,BATCH-2-CLM-0002790,none
batch-2-R002866,BATCH-2-CLM-0002791,none
batch-2-R002867,BATCH-2-CLM-0002792,none
batch-2-R002868,BATCH-2-CLM-0002793,none
batch-2-R002869,BATCH-2-CLM-0002794,none
batch-2-R002870,BATCH-2-CLM-0002795,none
batch-2-R002871,BATCH-2-CLM-0002796,none
batch-2-R002872,BATCH-2-CLM-0002797,none
batch-2-R002873,BATCH-2-CLM-0002798,none
batch-2-R002874,BATCH-2-CLM-0002799,none
batch-2-R002875,BATCH-2-CLM-0002800,none
batch-2-R002876,BATCH-2-CLM-0002801,none
batch-2-R002877,BATCH-2-CLM-0002802,none
batch-2-R002878,BATCH-2-CLM-0002803,none
batch-2-R002879,BATCH-2-CLM-0002804,none
batch-2-R002880,BATCH-2-CLM-0002805,none
batch-2-R002881,BATCH-2-CLM-0002806,none
batch-2-R002882,BATCH-2-CLM-0002807,none
batch-2-R002883,BATCH-2-CLM-0002808,none
batch-2-R002884,BATCH-2-CLM-0002809,none
batch-2-R002885,BATCH-2-CLM-0002810,none
batch-2-R002886,BATCH-2-CLM-0002811,none
batch-2-R002887,BATCH-2-CLM-0002812,none
batch-2-R002888,BATCH-2-CLM-0002813,none
batch-2-R002889,BATCH-2-CLM-0002814,none
batch-2-R002890,BATCH-2-CLM-0002815,none
batch-2-R002891,BATCH-2-CLM-0002816,none
batch-2-R002892,BATCH-2-CLM-0002817,none
batch-2-R002893,BATCH-2-CLM-0002804,none
batch-2-R002894,BATCH-2-CLM-0002818,none
batch-2-R002895,BATCH-2-CLM-0002819,none
batch-2-R002896,BATCH-2-CLM-0002820,none
batch-2-R002897,BATCH-2-CLM-0002821,none
batch-2-R002898,BATCH-2-CLM-0002822,none
batch-2-R002899,BATCH-2-CLM-0002823,none
batch-2-R002900,BATCH-2-CLM-0002824,none
batch-2-R002901,BATCH-2-CLM-0002825,none
batch-2-R002902,BATCH-2-CLM-0002826,none
batch-2-R002903,BATCH-2-CLM-0002827,none
batch-2-R002904,BATCH-2-CLM-0002828,none
batch-2-R002905,BATCH-2-CLM-0002829,none
batch-2-R002906,BATCH-2-CLM-0002830,none
batch-2-R002907,BATCH-2-CLM-0002831,none
batch-2-R002908,BATCH-2-CLM-0002832,none
batch-2-R002909,BATCH-2-CLM-0002833,none
batch-2-R002910,BATCH-2-CLM-0002834,none
batch-2-R002911,BATCH-2-CLM-0002835,none
batch-2-R002912,BATCH-2-CLM-0002836,none
batch-2-R002913,BATCH-2-CLM-0002837,none
batch-2-R002914,BATCH-2-CLM-0002838,none
batch-2-R002915,BATCH-2-CLM-0002839,none
batch-2-R002916,BATCH-2-CLM-0002840,none
batch-2-R002917,BATCH-2-CLM-0002841,none
batch-2-R002918,BATCH-2-CLM-0002842,none
batch-2-R002919,BATCH-2-CLM-0002843,none
batch-2-R002920,BATCH-2-CLM-0002844,none
batch-2-R002921,BATCH-2-CLM-0002845,none
batch-2-R002922,BATCH-2-CLM-0002846,none
batch-2-R002923,BATCH-2-CLM-0002847,none
batch-2-R002924,BATCH-2-CLM-0002848,none
batch-2-R002925,BATCH-2-CLM-0002849,none
batch-2-R002926,BATCH-2-CLM-0002850,none
batch-2-R002927,BATCH-2-CLM-0002851,none
batch-2-R002928,BATCH-2-CLM-0002852,none
batch-2-R002929,BATCH-2-CLM-0002853,none
batch-2-R002930,BATCH-2-CLM-0002854,none
batch-2-R002931,BATCH-2-CLM-0002855,none
batch-2-R002932,BATCH-2-CLM-0002856,none
batch-2-R002933,BATCH-2-CLM-0002857,none
batch-2-R002934,BATCH-2-CLM-0002858,none
batch-2-R002935,BATCH-2-CLM-0002859,none
batch-2-R002936,BATCH-2-CLM-0002860,none
batch-2-R002937,BATCH-2-CLM-0002861,none
batch-2-R002938,BATCH-2-CLM-0002862,none
batch-2-R002939,BATCH-2-CLM-0002863,none
batch-2-R002940,BATCH-2-CLM-0002864,none
batch-2-R002941,BATCH-2-CLM-0002865,none
batch-2-R002942,BATCH-2-CLM-0002866,none
batch-2-R002943,BATCH-2-CLM-0002867,none
batch-2-R002944,BATCH-2-CLM-0002868,none
batch-2-R002945,BATCH-2-CLM-0002869,none
batch-2-R002946,BATCH-2-CLM-0002870,none
batch-2-R002947,BATCH-2-CLM-0002871,none
batch-2-R002948,BATCH-2-CLM-0002872,none
batch-2-R002949,BATCH-2-CLM-0002873,none
batch-2-R002950,BATCH-2-CLM-0002874,none
batch-2-R002951,BATCH-2-CLM-0002875,none
batch-2-R002952,BATCH-2-CLM-0002876,none
batch-2-R002953,BATCH-2-CLM-0002877,none
batch-2-R002954,BATCH-2-CLM-0002878,none
batch-2-R002955,BATCH-2-CLM-0002879,none
batch-2-R002956,BATCH-2-CLM-0002880,none
batch-2-R002957,BATCH-2-CLM-0002881,none
batch-2-R002958,BATCH-2-CLM-0002882,none
batch-2-R002959,BATCH-2-CLM-0002883,none
batch-2-R002960,BATCH-2-CLM-0002884,none
batch-2-R002961,BATCH-2-CLM-0002885,none
batch-2-R002962,BATCH-2-CLM-0002886,none
batch-2-R002963,BATCH-2-CLM-0002887,none
batch-2-R002964,BATCH-2-CLM-0002888,none
batch-2-R002965,BATCH-2-CLM-0002889,none
batch-2-R002966,BATCH-2-CLM-0002890,none
batch-2-R002967,BATCH-2-CLM-0002891,none
batch-2-R002968,BATCH-2-CLM-0002892,none
batch-2-R002969,BATCH-2-CLM-0002893,none
batch-2-R002970,BATCH-2-CLM-0002894,none
batch-2-R002971,BATCH-2-CLM-0002895,none
batch-2-R002972,BATCH-2-CLM-0002896,none
batch-2-R002973,BATCH-2-CLM-0002897,none
batch-2-R002974,BATCH-2-CLM-0002898,none
batch-2-R002975,BATCH-2-CLM-0002899,none
batch-2-R002976,BATCH-2-CLM-0002900,none
batch-2-R002977,BATCH-2-CLM-0002901,none
batch-2-R002978,BATCH-2-CLM-0002902,none
batch-2-R002979,BATCH-2-CLM-0002903,none
batch-2-R002980,BATCH-2-CLM-0002904,none
batch-2-R002981,BATCH-2-CLM-0002905,none
batch-2-R002982,BATCH-2-CLM-0002906,none
batch-2-R002983,BATCH-2-CLM-0002907,none
batch-2-R002984,BATCH-2-CLM-0002908,none
batch-2-R002985,BATCH-2-CLM-0002909,none
batch-2-R002986,BATCH-2-CLM-0002910,none
batch-2-R002987,BATCH-2-CLM-0002911,none
batch-2-R002988,BATCH-2-CLM-0002912,none
batch-2-R002989,BATCH-2-CLM-0002913,none
batch-2-R002990,BATCH-2-CLM-0002914,none
batch-2-R002991,BATCH-2-CLM-0002915,none
batch-2-R002992,BATCH-2-CLM-0002916,none
batch-2-R002993,BATCH-2-CLM-0002917,none
batch-2-R002994,BATCH-2-CLM-0002918,none
batch-2-R002995,BATCH-2-CLM-0002919,none
batch-2-R002996,BATCH-2-CLM-0002886,none
batch-2-R002997,BATCH-2-CLM-0002872,none
batch-2-R002998,BATCH-2-CLM-0002901,none
batch-2-R002999,BATCH-2-CLM-0002900,none
batch-2-R003000,BATCH-2-CLM-0002878,none
batch-2-R003001,BATCH-2-CLM-0002920,none
batch-2-R003002,BATCH-2-CLM-0002921,none
batch-2-R003003,BATCH-2-CLM-0002922,none
batch-2-R003004,BATCH-2-CLM-0002923,none
batch-2-R003005,BATCH-2-CLM-0002924,none
batch-2-R003006,BATCH-2-CLM-0002925,none
batch-2-R003007,BATCH-2-CLM-0002926,none
batch-2-R003008,BATCH-2-CLM-0002927,none
batch-2-R003009,BATCH-2-CLM-0002928,none
batch-2-R003010,BATCH-2-CLM-0002929,none
batch-2-R003011,BATCH-2-CLM-0002930,none
batch-2-R003012,BATCH-2-CLM-0002931,none
batch-2-R003013,BATCH-2-CLM-0002932,none
batch-2-R003014,BATCH-2-CLM-0002933,none
batch-2-R003015,BATCH-2-CLM-0002934,none
batch-2-R003016,BATCH-2-CLM-0002935,none
batch-2-R003017,BATCH-2-CLM-0002936,none
batch-2-R003018,BATCH-2-CLM-0002937,none
batch-2-R003019,BATCH-2-CLM-0002938,none
batch-2-R003020,BATCH-2-CLM-0002939,none
batch-2-R003021,BATCH-2-CLM-0002940,none
batch-2-R003022,BATCH-2-CLM-0002941,none
batch-2-R003023,BATCH-2-CLM-0002942,none
batch-2-R003024,BATCH-2-CLM-0002943,none
batch-2-R003025,BATCH-2-CLM-0002944,none
batch-2-R003026,BATCH-2-CLM-0002945,none
batch-2-R003027,BATCH-2-CLM-0002946,none
batch-2-R003028,BATCH-2-CLM-0002947,none
batch-2-R003029,BATCH-2-CLM-0002948,none
batch-2-R003030,BATCH-2-CLM-0002949,none
batch-2-R003031,BATCH-2-CLM-0002950,none
batch-2-R003032,BATCH-2-CLM-0002951,none
batch-2-R003033,BATCH-2-CLM-0002952,none
batch-2-R003034,BATCH-2-CLM-0002953,none
batch-2-R003035,BATCH-2-CLM-0002954,none
batch-2-R003036,BATCH-2-CLM-0002955,none
batch-2-R003037,BATCH-2-CLM-0002956,none
batch-2-R003038,BATCH-2-CLM-0002957,none
batch-2-R003039,BATCH-2-CLM-0002958,none
batch-2-R003040,BATCH-2-CLM-0002959,none
batch-2-R003041,BATCH-2-CLM-0002960,none
batch-2-R003042,BATCH-2-CLM-0002961,none
batch-2-R003043,BATCH-2-CLM-0002962,none
batch-2-R003044,BATCH-2-CLM-0002963,none
batch-2-R003045,BATCH-2-CLM-0002964,none
batch-2-R003046,BATCH-2-CLM-0002965,none
batch-2-R003047,BATCH-2-CLM-0002966,none
batch-2-R003048,BATCH-2-CLM-0002967,none
batch-2-R003049,BATCH-2-CLM-0002968,none
batch-2-R003050,BATCH-2-CLM-0002969,none
batch-2-R003051,BATCH-2-CLM-0002970,none
batch-2-R003052,BATCH-2-CLM-0002971,none
batch-2-R003053,BATCH-2-CLM-0002972,none
batch-2-R003054,BATCH-2-CLM-0002973,none
batch-2-R003055,BATCH-2-CLM-0002974,none
batch-2-R003056,BATCH-2-CLM-0002975,none
batch-2-R003057,BATCH-2-CLM-0002976,none
batch-2-R003058,BATCH-2-CLM-0002977,none
batch-2-R003059,BATCH-2-CLM-0002978,none
batch-2-R003060,BATCH-2-CLM-0002979,none
batch-2-R003061,BATCH-2-CLM-0002980,none
batch-2-R003062,BATCH-2-CLM-0002981,none
batch-2-R003063,BATCH-2-CLM-0002982,none
batch-2-R003064,BATCH-2-CLM-0002983,none
batch-2-R003065,BATCH-2-CLM-0002984,none
batch-2-R003066,BATCH-2-CLM-0002985,none
batch-2-R003067,BATCH-2-CLM-0002986,none
batch-2-R003068,BATCH-2-CLM-0002987,none
batch-2-R003069,BATCH-2-CLM-0002988,none
batch-2-R003070,BATCH-2-CLM-0002989,none
batch-2-R003071,BATCH-2-CLM-0002990,none
batch-2-R003072,BATCH-2-CLM-0002991,none
batch-2-R003073,BATCH-2-CLM-0002992,none
batch-2-R003074,BATCH-2-CLM-0002993,none
batch-2-R003075,BATCH-2-CLM-0002994,none
batch-2-R003076,BATCH-2-CLM-0002995,none
batch-2-R003077,BATCH-2-CLM-0002996,none
batch-2-R003078,BATCH-2-CLM-0002997,none
batch-2-R003079,BATCH-2-CLM-0002998,none
batch-2-R003080,BATCH-2-CLM-0002999,none
batch-2-R003081,BATCH-2-CLM-0003000,none
batch-2-R003082,BATCH-2-CLM-0003001,none
batch-2-R003083,BATCH-2-CLM-0003002,none
batch-2-R003084,BATCH-2-CLM-0003003,none
batch-2-R003085,BATCH-2-CLM-0003004,none
batch-2-R003086,BATCH-2-CLM-0003005,none
batch-2-R003087,BATCH-2-CLM-0003006,none
batch-2-R003088,BATCH-2-CLM-0003007,none
batch-2-R003089,BATCH-2-CLM-0003008,none
batch-2-R003090,BATCH-2-CLM-0003009,none
batch-2-R003091,BATCH-2-CLM-0003010,none
batch-2-R003092,BATCH-2-CLM-0003011,none
batch-2-R003093,BATCH-2-CLM-0003012,none
batch-2-R003094,BATCH-2-CLM-0003013,none
batch-2-R003095,BATCH-2-CLM-0003014,none
batch-2-R003096,BATCH-2-CLM-0003015,none
batch-2-R003097,BATCH-2-CLM-0003016,none
batch-2-R003098,BATCH-2-CLM-0003017,none
batch-2-R003099,BATCH-2-CLM-0003018,none
batch-2-R003100,BATCH-2-CLM-0003019,none
batch-2-R003101,BATCH-2-CLM-0003020,none
batch-2-R003102,BATCH-2-CLM-0003021,none
batch-2-R003103,BATCH-2-CLM-0003022,none
batch-2-R003104,BATCH-2-CLM-0003023,none
batch-2-R003105,BATCH-2-CLM-0003024,none
batch-2-R003106,BATCH-2-CLM-0003025,none
batch-2-R003107,BATCH-2-CLM-0003026,none
batch-2-R003108,BATCH-2-CLM-0003027,none
batch-2-R003109,BATCH-2-CLM-0003028,none
batch-2-R003110,BATCH-2-CLM-0003029,none
batch-2-R003111,BATCH-2-CLM-0003030,none
batch-2-R003112,BATCH-2-CLM-0003031,none
batch-2-R003113,BATCH-2-CLM-0003032,none
batch-2-R003114,BATCH-2-CLM-0003033,none
batch-2-R003115,BATCH-2-CLM-0003034,none
batch-2-R003116,BATCH-2-CLM-0003027,none
batch-2-R003117,BATCH-2-CLM-0003005,none
batch-2-R003118,BATCH-2-CLM-0003013,none
batch-2-R003119,BATCH-2-CLM-0002991,none
batch-2-R003120,BATCH-2-CLM-0002999,none
batch-2-R003121,BATCH-2-CLM-0003035,none
batch-2-R003122,BATCH-2-CLM-0003036,none
batch-2-R003123,BATCH-2-CLM-0003037,none
batch-2-R003124,BATCH-2-CLM-0003038,none
batch-2-R003125,BATCH-2-CLM-0003039,none
batch-2-R003126,BATCH-2-CLM-0003040,none
batch-2-R003127,BATCH-2-CLM-0003041,none
batch-2-R003128,BATCH-2-CLM-0003042,none
batch-2-R003129,BATCH-2-CLM-0003043,none
batch-2-R003130,BATCH-2-CLM-0003044,none
batch-2-R003131,BATCH-2-CLM-0003045,none
batch-2-R003132,BATCH-2-CLM-0003046,none
batch-2-R003133,BATCH-2-CLM-0003047,none
batch-2-R003134,BATCH-2-CLM-0003048,none
batch-2-R003135,BATCH-2-CLM-0003049,none
batch-2-R003136,BATCH-2-CLM-0003050,none
batch-2-R003137,BATCH-2-CLM-0003051,none
batch-2-R003138,BATCH-2-CLM-0003052,none
batch-2-R003139,BATCH-2-CLM-0003053,none
batch-2-R003140,BATCH-2-CLM-0003054,none
batch-2-R003141,BATCH-2-CLM-0003055,none
batch-2-R003142,BATCH-2-CLM-0003056,none
batch-2-R003143,BATCH-2-CLM-0003057,none
batch-2-R003144,BATCH-2-CLM-0003058,none
batch-2-R003145,BATCH-2-CLM-0003059,none
batch-2-R003146,BATCH-2-CLM-0003060,none
batch-2-R003147,BATCH-2-CLM-0003061,none
batch-2-R003148,BATCH-2-CLM-0003062,none
batch-2-R003149,BATCH-2-CLM-0003063,none
batch-2-R003150,BATCH-2-CLM-0003064,none
batch-2-R003151,BATCH-2-CLM-0003065,none
batch-2-R003152,BATCH-2-CLM-0003066,none
batch-2-R003153,BATCH-2-CLM-0003067,none
batch-2-R003154,BATCH-2-CLM-0003068,none
batch-2-R003155,BATCH-2-CLM-0003069,none
batch-2-R003156,BATCH-2-CLM-0003070,none
batch-2-R003157,BATCH-2-CLM-0003071,none
batch-2-R003158,BATCH-2-CLM-0003072,none
batch-2-R003159,BATCH-2-CLM-0003073,none
batch-2-R003160,BATCH-2-CLM-0003074,none
batch-2-R003161,BATCH-2-CLM-0003075,none
batch-2-R003162,BATCH-2-CLM-0003076,none
batch-2-R003163,BATCH-2-CLM-0003077,none
batch-2-R003164,BATCH-2-CLM-0003078,none
batch-2-R003165,BATCH-2-CLM-0003079,none
batch-2-R003166,BATCH-2-CLM-0003080,none
batch-2-R003167,BATCH-2-CLM-0003081,none
batch-2-R003168,BATCH-2-CLM-0003082,none
batch-2-R003169,BATCH-2-CLM-0003083,none
batch-2-R003170,BATCH-2-CLM-0003084,none
batch-2-R003171,BATCH-2-CLM-0003085,none
batch-2-R003172,BATCH-2-CLM-0003086,none
batch-2-R003173,BATCH-2-CLM-0003087,none
batch-2-R003174,BATCH-2-CLM-0003088,none
batch-2-R003175,BATCH-2-CLM-0003089,none
batch-2-R003176,BATCH-2-CLM-0003090,none
batch-2-R003177,BATCH-2-CLM-0003091,none
batch-2-R003178,BATCH-2-CLM-0003092,none
batch-2-R003179,BATCH-2-CLM-0003093,none
batch-2-R003180,BATCH-2-CLM-0003052,none
batch-2-R003181,BATCH-2-CLM-0003094,none
batch-2-R003182,BATCH-2-CLM-0003095,none
batch-2-R003183,BATCH-2-CLM-0003096,none
batch-2-R003184,BATCH-2-CLM-0003097,none
batch-2-R003185,BATCH-2-CLM-0003098,none
batch-2-R003186,BATCH-2-CLM-0003099,none
batch-2-R003187,BATCH-2-CLM-0003100,none
batch-2-R003188,BATCH-2-CLM-0003101,none
batch-2-R003189,BATCH-2-CLM-0003102,none
batch-2-R003190,BATCH-2-CLM-0003103,none
batch-2-R003191,BATCH-2-CLM-0003104,none
batch-2-R003192,BATCH-2-CLM-0003105,none
batch-2-R003193,BATCH-2-CLM-0003106,none
batch-2-R003194,BATCH-2-CLM-0003107,none
batch-2-R003195,BATCH-2-CLM-0003108,none
batch-2-R003196,BATCH-2-CLM-0003109,none
batch-2-R003197,BATCH-2-CLM-0003110,none
batch-2-R003198,BATCH-2-CLM-0003111,none
batch-2-R003199,BATCH-2-CLM-0003112,none
batch-2-R003200,BATCH-2-CLM-0003113,none
batch-2-R003201,BATCH-2-CLM-0003114,none
batch-2-R003202,BATCH-2-CLM-0003115,none
batch-2-R003203,BATCH-2-CLM-0003116,none
batch-2-R003204,BATCH-2-CLM-0003117,none
batch-2-R003205,BATCH-2-CLM-0003118,none
batch-2-R003206,BATCH-2-CLM-0003119,none
batch-2-R003207,BATCH-2-CLM-0003120,none
batch-2-R003208,BATCH-2-CLM-0003121,none
batch-2-R003209,BATCH-2-CLM-0003122,none
batch-2-R003210,BATCH-2-CLM-0003123,none
batch-2-R003211,BATCH-2-CLM-0003124,none
batch-2-R003212,BATCH-2-CLM-0003125,none
batch-2-R003213,BATCH-2-CLM-0003126,none
batch-2-R003214,BATCH-2-CLM-0003127,none
batch-2-R003215,BATCH-2-CLM-0003128,none
batch-2-R003216,BATCH-2-CLM-0003129,none
batch-2-R003217,BATCH-2-CLM-0003130,none
batch-2-R003218,BATCH-2-CLM-0003131,none
batch-2-R003219,BATCH-2-CLM-0003132,none
batch-2-R003220,BATCH-2-CLM-0003133,none
batch-2-R003221,BATCH-2-CLM-0003134,none
batch-2-R003222,BATCH-2-CLM-0003135,none
batch-2-R003223,BATCH-2-CLM-0003136,none
batch-2-R003224,BATCH-2-CLM-0003137,none
batch-2-R003225,BATCH-2-CLM-0003138,none
batch-2-R003226,BATCH-2-CLM-0003139,none
batch-2-R003227,BATCH-2-CLM-0003140,none
batch-2-R003228,BATCH-2-CLM-0003141,none
batch-2-R003229,BATCH-2-CLM-0003142,none
batch-2-R003230,BATCH-2-CLM-0003143,none
batch-2-R003231,BATCH-2-CLM-0003124,none
batch-2-R003232,BATCH-2-CLM-0003144,none
batch-2-R003233,BATCH-2-CLM-0003145,none
batch-2-R003234,BATCH-2-CLM-0003146,none
batch-2-R003235,BATCH-2-CLM-0003147,none
batch-2-R003236,BATCH-2-CLM-0003148,none
batch-2-R003237,BATCH-2-CLM-0003149,none
batch-2-R003238,BATCH-2-CLM-0003150,none
batch-2-R003239,BATCH-2-CLM-0003151,none
batch-2-R003240,BATCH-2-CLM-0003152,none
batch-2-R003241,BATCH-2-CLM-0003153,none
batch-2-R003242,BATCH-2-CLM-0003154,none
batch-2-R003243,BATCH-2-CLM-0003155,none
batch-2-R003244,BATCH-2-CLM-0003156,none
batch-2-R003245,BATCH-2-CLM-0003157,none
batch-2-R003246,BATCH-2-CLM-0003158,none
batch-2-R003247,BATCH-2-CLM-0003159,none
batch-2-R003248,BATCH-2-CLM-0003160,none
batch-2-R003249,BATCH-2-CLM-0003161,none
batch-2-R003250,BATCH-2-CLM-0003162,none
batch-2-R003251,BATCH-2-CLM-0003163,none
batch-2-R003252,BATCH-2-CLM-0003164,none
batch-2-R003253,BATCH-2-CLM-0003165,none
batch-2-R003254,BATCH-2-CLM-0003166,none
batch-2-R003255,BATCH-2-CLM-0003167,none
batch-2-R003256,BATCH-2-CLM-0003168,none
batch-2-R003257,BATCH-2-CLM-0003169,none
batch-2-R003258,BATCH-2-CLM-0003170,none
batch-2-R003259,BATCH-2-CLM-0003171,none
batch-2-R003260,BATCH-2-CLM-0003172,none
batch-2-R003261,BATCH-2-CLM-0003173,none
batch-2-R003262,BATCH-2-CLM-0003174,none
batch-2-R003263,BATCH-2-CLM-0003175,none
batch-2-R003264,BATCH-2-CLM-0003176,none
batch-2-R003265,BATCH-2-CLM-0003177,none
batch-2-R003266,BATCH-2-CLM-0003178,none
batch-2-R003267,BATCH-2-CLM-0003179,none
batch-2-R003268,BATCH-2-CLM-0003180,none
batch-2-R003269,BATCH-2-CLM-0003181,none
batch-2-R003270,BATCH-2-CLM-0003182,none
batch-2-R003271,BATCH-2-CLM-0003183,none
batch-2-R003272,BATCH-2-CLM-0003184,none
batch-2-R003273,BATCH-2-CLM-0003185,none
batch-2-R003274,BATCH-2-CLM-0003186,none
batch-2-R003275,BATCH-2-CLM-0003187,none
batch-2-R003276,BATCH-2-CLM-0003188,none
batch-2-R003277,BATCH-2-CLM-0003189,none
batch-2-R003278,BATCH-2-CLM-0003190,none
batch-2-R003279,BATCH-2-CLM-0003191,none
batch-2-R003280,BATCH-2-CLM-0003192,none
batch-2-R003281,BATCH-2-CLM-0003193,none
batch-2-R003282,BATCH-2-CLM-0003194,none
batch-2-R003283,BATCH-2-CLM-0003195,none
batch-2-R003284,BATCH-2-CLM-0003196,none
batch-2-R003285,BATCH-2-CLM-0003197,none
batch-2-R003286,BATCH-2-CLM-0003198,none
batch-2-R003287,BATCH-2-CLM-0003199,none
batch-2-R003288,BATCH-2-CLM-0003200,none
batch-2-R003289,BATCH-2-CLM-0003163,none
batch-2-R003290,BATCH-2-CLM-0003201,none
batch-2-R003291,BATCH-2-CLM-0003202,none
batch-2-R003292,BATCH-2-CLM-0003203,none
batch-2-R003293,BATCH-2-CLM-0003204,none
batch-2-R003294,BATCH-2-CLM-0003205,none
batch-2-R003295,BATCH-2-CLM-0003206,none
batch-2-R003296,BATCH-2-CLM-0003207,none
batch-2-R003297,BATCH-2-CLM-0003208,none
batch-2-R003298,BATCH-2-CLM-0003209,none
batch-2-R003299,BATCH-2-CLM-0003210,none
batch-2-R003300,BATCH-2-CLM-0003211,none
batch-2-R003301,BATCH-2-CLM-0003212,none
batch-2-R003302,BATCH-2-CLM-0003213,none
batch-2-R003303,BATCH-2-CLM-0003214,none
batch-2-R003304,BATCH-2-CLM-0003215,none
batch-2-R003305,BATCH-2-CLM-0003216,none
batch-2-R003306,BATCH-2-CLM-0003217,none
batch-2-R003307,BATCH-2-CLM-0003218,none
batch-2-R003308,BATCH-2-CLM-0003219,none
batch-2-R003309,BATCH-2-CLM-0003220,none
batch-2-R003310,BATCH-2-CLM-0003221,none
batch-2-R003311,BATCH-2-CLM-0003222,none
batch-2-R003312,BATCH-2-CLM-0003223,none
batch-2-R003313,BATCH-2-CLM-0003224,none
batch-2-R003314,BATCH-2-CLM-0003225,none
batch-2-R003315,BATCH-2-CLM-0003226,none
batch-2-R003316,BATCH-2-CLM-0003227,none
batch-2-R003317,BATCH-2-CLM-0003228,none
batch-2-R003318,BATCH-2-CLM-0003229,none
batch-2-R003319,BATCH-2-CLM-0003230,none
batch-2-R003320,BATCH-2-CLM-0003231,none
batch-2-R003321,BATCH-2-CLM-0003232,none
batch-2-R003322,BATCH-2-CLM-0003233,none
batch-2-R003323,BATCH-2-CLM-0003234,none
batch-2-R003324,BATCH-2-CLM-0003235,none
batch-2-R003325,BATCH-2-CLM-0003236,none
batch-2-R003326,BATCH-2-CLM-0003237,none
batch-2-R003327,BATCH-2-CLM-0003238,none
batch-2-R003328,BATCH-2-CLM-0003239,none
batch-2-R003329,BATCH-2-CLM-0003240,none
batch-2-R003330,BATCH-2-CLM-0003241,none
batch-2-R003331,BATCH-2-CLM-0003242,none
batch-2-R003332,BATCH-2-CLM-0003243,none
batch-2-R003333,BATCH-2-CLM-0003244,none
batch-2-R003334,BATCH-2-CLM-0003245,none
batch-2-R003335,BATCH-2-CLM-0003246,none
batch-2-R003336,BATCH-2-CLM-0003247,none
batch-2-R003337,BATCH-2-CLM-0003248,none
batch-2-R003338,BATCH-2-CLM-0003249,none
batch-2-R003339,BATCH-2-CLM-0003250,none
batch-2-R003340,BATCH-2-CLM-0003251,none
batch-2-R003341,BATCH-2-CLM-0003252,none
batch-2-R003342,BATCH-2-CLM-0003253,none
batch-2-R003343,BATCH-2-CLM-0003254,none
batch-2-R003344,BATCH-2-CLM-0003229,none
batch-2-R003345,BATCH-2-CLM-0003202,none
batch-2-R003346,BATCH-2-CLM-0003255,none
batch-2-R003347,BATCH-2-CLM-0003256,none
batch-2-R003348,BATCH-2-CLM-0003257,none
batch-2-R003349,BATCH-2-CLM-0003258,none
batch-2-R003350,BATCH-2-CLM-0003259,none
batch-2-R003351,BATCH-2-CLM-0003260,none
batch-2-R003352,BATCH-2-CLM-0003261,none
batch-2-R003353,BATCH-2-CLM-0003262,none
batch-2-R003354,BATCH-2-CLM-0003263,none
batch-2-R003355,BATCH-2-CLM-0003264,none
batch-2-R003356,BATCH-2-CLM-0003265,none
batch-2-R003357,BATCH-2-CLM-0003266,none
batch-2-R003358,BATCH-2-CLM-0003267,none
batch-2-R003359,BATCH-2-CLM-0003268,none
batch-2-R003360,BATCH-2-CLM-0003269,none
batch-2-R003361,BATCH-2-CLM-0003270,none
batch-2-R003362,BATCH-2-CLM-0003271,none
batch-2-R003363,BATCH-2-CLM-0003272,none
batch-2-R003364,BATCH-2-CLM-0003273,none
batch-2-R003365,BATCH-2-CLM-0003274,none
batch-2-R003366,BATCH-2-CLM-0003275,none
batch-2-R003367,BATCH-2-CLM-0003276,none
batch-2-R003368,BATCH-2-CLM-0003277,none
batch-2-R003369,BATCH-2-CLM-0003278,none
batch-2-R003370,BATCH-2-CLM-0003279,none
batch-2-R003371,BATCH-2-CLM-0003280,none
batch-2-R003372,BATCH-2-CLM-0003281,none
batch-2-R003373,BATCH-2-CLM-0003282,none
batch-2-R003374,BATCH-2-CLM-0003283,none
batch-2-R003375,BATCH-2-CLM-0003284,none
batch-2-R003376,BATCH-2-CLM-0003285,none
batch-2-R003377,BATCH-2-CLM-0003286,none
batch-2-R003378,BATCH-2-CLM-0003287,none
batch-2-R003379,BATCH-2-CLM-0003288,none
batch-2-R003380,BATCH-2-CLM-0003289,none
batch-2-R003381,BATCH-2-CLM-0003290,none
batch-2-R003382,BATCH-2-CLM-0003291,none
batch-2-R003383,BATCH-2-CLM-0003292,none
batch-2-R003384,BATCH-2-CLM-0003293,none
batch-2-R003385,BATCH-2-CLM-0003294,none
batch-2-R003386,BATCH-2-CLM-0003295,none
batch-2-R003387,BATCH-2-CLM-0003296,none
batch-2-R003388,BATCH-2-CLM-0003297,none
batch-2-R003389,BATCH-2-CLM-0003298,none
batch-2-R003390,BATCH-2-CLM-0003299,missing_value_spike
batch-2-R003391,BATCH-2-CLM-0003300,none
batch-2-R003392,BATCH-2-CLM-0003301,none
batch-2-R003393,BATCH-2-CLM-0003302,missing_value_spike
batch-2-R003394,BATCH-2-CLM-0003303,missing_value_spike
batch-2-R003395,BATCH-2-CLM-0003304,missing_value_spike
batch-2-R003396,BATCH-2-CLM-0003305,none
batch-2-R003397,BATCH-2-CLM-0003306,none
batch-2-R003398,BATCH-2-CLM-0003307,none
batch-2-R003399,BATCH-2-CLM-0003308,none
batch-2-R003400,BATCH-2-CLM-0003309,missing_value_spike
batch-2-R003401,BATCH-2-CLM-0003310,none
batch-2-R003402,BATCH-2-CLM-0003311,missing_value_spike
batch-2-R003403,BATCH-2-CLM-0003312,missing_value_spike
batch-2-R003404,BATCH-2-CLM-0003313,missing_value_spike
batch-2-R003405,BATCH-2-CLM-0003314,missing_value_spike
batch-2-R003406,BATCH-2-CLM-0003315,missing_value_spike
batch-2-R003407,BATCH-2-CLM-0003316,missing_value_spike
batch-2-R003408,BATCH-2-CLM-0003317,none
batch-2-R003409,BATCH-2-CLM-0003318,none
batch-2-R003410,BATCH-2-CLM-0003319,missing_value_spike
batch-2-R003411,BATCH-2-CLM-0003320,missing_value_spike
batch-2-R003412,BATCH-2-CLM-0003321,none
batch-2-R003413,BATCH-2-CLM-0003303,none
batch-2-R003414,BATCH-2-CLM-0003305,duplicate_spike
batch-2-R003415,BATCH-2-CLM-0003298,duplicate_spike
batch-2-R003416,BATCH-2-CLM-0003308,duplicate_spike
batch-2-R003417,BATCH-2-CLM-0003317,duplicate_spike
batch-2-R003418,BATCH-2-CLM-0003300,duplicate_spike
batch-2-R003419,BATCH-2-CLM-0003321,duplicate_spike
batch-2-R003420,BATCH-2-CLM-0003307,duplicate_spike
batch-2-R003421,BATCH-2-CLM-0003306,duplicate_spike
batch-2-R003422,BATCH-2-CLM-0003310,duplicate_spike
batch-2-R003423,BATCH-2-CLM-0003303,duplicate_spike
batch-2-R003424,BATCH-2-CLM-0003318,duplicate_spike
batch-2-R003425,BATCH-2-CLM-0003301,duplicate_spike
batch-2-R003426,BATCH-2-CLM-0003322,missing_value_spike
batch-2-R003427,BATCH-2-CLM-0003323,missing_value_spike
batch-2-R003428,BATCH-2-CLM-0003324,missing_value_spike
batch-2-R003429,BATCH-2-CLM-0003325,missing_value_spike
batch-2-R003430,BATCH-2-CLM-0003326,missing_value_spike
batch-2-R003431,BATCH-2-CLM-0003327,missing_value_spike
batch-2-R003432,BATCH-2-CLM-0003328,missing_value_spike
batch-2-R003433,BATCH-2-CLM-0003329,none
batch-2-R003434,BATCH-2-CLM-0003330,none
batch-2-R003435,BATCH-2-CLM-0003331,missing_value_spike
batch-2-R003436,BATCH-2-CLM-0003332,none
batch-2-R003437,BATCH-2-CLM-0003333,missing_value_spike
batch-2-R003438,BATCH-2-CLM-0003334,none
batch-2-R003439,BATCH-2-CLM-0003335,missing_value_spike
batch-2-R003440,BATCH-2-CLM-0003336,missing_value_spike
batch-2-R003441,BATCH-2-CLM-0003337,missing_value_spike
batch-2-R003442,BATCH-2-CLM-0003338,none
batch-2-R003443,BATCH-2-CLM-0003339,missing_value_spike
batch-2-R003444,BATCH-2-CLM-0003340,missing_value_spike
batch-2-R003445,BATCH-2-CLM-0003341,missing_value_spike
batch-2-R003446,BATCH-2-CLM-0003342,missing_value_spike
batch-2-R003447,BATCH-2-CLM-0003343,missing_value_spike
batch-2-R003448,BATCH-2-CLM-0003344,missing_value_spike
batch-2-R003449,BATCH-2-CLM-0003345,none
batch-2-R003450,BATCH-2-CLM-0003346,none
batch-2-R003451,BATCH-2-CLM-0003347,missing_value_spike
batch-2-R003452,BATCH-2-CLM-0003348,missing_value_spike
batch-2-R003453,BATCH-2-CLM-0003349,missing_value_spike
batch-2-R003454,BATCH-2-CLM-0003350,none
batch-2-R003455,BATCH-2-CLM-0003351,none
batch-2-R003456,BATCH-2-CLM-0003352,missing_value_spike
batch-2-R003457,BATCH-2-CLM-0003353,none
batch-2-R003458,BATCH-2-CLM-0003354,missing_value_spike
batch-2-R003459,BATCH-2-CLM-0003355,none
batch-2-R003460,BATCH-2-CLM-0003356,missing_value_spike
batch-2-R003461,BATCH-2-CLM-0003357,none
batch-2-R003462,BATCH-2-CLM-0003358,none
batch-2-R003463,BATCH-2-CLM-0003359,none
batch-2-R003464,BATCH-2-CLM-0003360,none
batch-2-R003465,BATCH-2-CLM-0003361,missing_value_spike
batch-2-R003466,BATCH-2-CLM-0003362,missing_value_spike
batch-2-R003467,BATCH-2-CLM-0003363,none
batch-2-R003468,BATCH-2-CLM-0003364,none
batch-2-R003469,BATCH-2-CLM-0003365,missing_value_spike
batch-2-R003470,BATCH-2-CLM-0003366,missing_value_spike
batch-2-R003471,BATCH-2-CLM-0003367,missing_value_spike
batch-2-R003472,BATCH-2-CLM-0003368,none
batch-2-R003473,BATCH-2-CLM-0003369,none
batch-2-R003474,BATCH-2-CLM-0003370,missing_value_spike
batch-2-R003475,BATCH-2-CLM-0003371,none
batch-2-R003476,BATCH-2-CLM-0003372,missing_value_spike
batch-2-R003477,BATCH-2-CLM-0003373,none
batch-2-R003478,BATCH-2-CLM-0003374,none
batch-2-R003479,BATCH-2-CLM-0003375,missing_value_spike
batch-2-R003480,BATCH-2-CLM-0003376,missing_value_spike
batch-2-R003481,BATCH-2-CLM-0003377,missing_value_spike
batch-2-R003482,BATCH-2-CLM-0003378,missing_value_spike
batch-2-R003483,BATCH-2-CLM-0003379,missing_value_spike
batch-2-R003484,BATCH-2-CLM-0003380,none
batch-2-R003485,BATCH-2-CLM-0003381,missing_value_spike
batch-2-R003486,BATCH-2-CLM-0003382,none
batch-2-R003487,BATCH-2-CLM-0003383,missing_value_spike
batch-2-R003488,BATCH-2-CLM-0003343,missing_value_spike
batch-2-R003489,BATCH-2-CLM-0003357,missing_value_spike
batch-2-R003490,BATCH-2-CLM-0003365,none
batch-2-R003491,BATCH-2-CLM-0003322,missing_value_spike
batch-2-R003492,BATCH-2-CLM-0003360,duplicate_spike
batch-2-R003493,BATCH-2-CLM-0003369,duplicate_spike
batch-2-R003494,BATCH-2-CLM-0003332,duplicate_spike
batch-2-R003495,BATCH-2-CLM-0003346,duplicate_spike
batch-2-R003496,BATCH-2-CLM-0003329,duplicate_spike
batch-2-R003497,BATCH-2-CLM-0003374,duplicate_spike
batch-2-R003498,BATCH-2-CLM-0003358,duplicate_spike
batch-2-R003499,BATCH-2-CLM-0003382,duplicate_spike
batch-2-R003500,BATCH-2-CLM-0003373,duplicate_spike
batch-2-R003501,BATCH-2-CLM-0003371,duplicate_spike
batch-2-R003502,BATCH-2-CLM-0003345,duplicate_spike
batch-2-R003503,BATCH-2-CLM-0003364,duplicate_spike
batch-2-R003504,BATCH-2-CLM-0003350,duplicate_spike
batch-2-R003505,BATCH-2-CLM-0003338,duplicate_spike
batch-2-R003506,BATCH-2-CLM-0003368,duplicate_spike
batch-2-R003507,BATCH-2-CLM-0003363,duplicate_spike
batch-2-R003508,BATCH-2-CLM-0003351,duplicate_spike
batch-2-R003509,BATCH-2-CLM-0003357,duplicate_spike
batch-2-R003510,BATCH-2-CLM-0003334,duplicate_spike
batch-2-R003511,BATCH-2-CLM-0003359,duplicate_spike
batch-2-R003512,BATCH-2-CLM-0003365,duplicate_spike
batch-2-R003513,BATCH-2-CLM-0003355,duplicate_spike
batch-2-R003514,BATCH-2-CLM-0003353,duplicate_spike
batch-2-R003515,BATCH-2-CLM-0003330,duplicate_spike
batch-2-R003516,BATCH-2-CLM-0003380,duplicate_spike
batch-2-R003517,BATCH-2-CLM-0003384,missing_value_spike
batch-2-R003518,BATCH-2-CLM-0003385,missing_value_spike
batch-2-R003519,BATCH-2-CLM-0003386,missing_value_spike
batch-2-R003520,BATCH-2-CLM-0003387,none
batch-2-R003521,BATCH-2-CLM-0003388,none
batch-2-R003522,BATCH-2-CLM-0003389,none
batch-2-R003523,BATCH-2-CLM-0003390,missing_value_spike
batch-2-R003524,BATCH-2-CLM-0003391,missing_value_spike
batch-2-R003525,BATCH-2-CLM-0003392,none
batch-2-R003526,BATCH-2-CLM-0003393,missing_value_spike
batch-2-R003527,BATCH-2-CLM-0003394,none
batch-2-R003528,BATCH-2-CLM-0003395,missing_value_spike
batch-2-R003529,BATCH-2-CLM-0003396,missing_value_spike
batch-2-R003530,BATCH-2-CLM-0003397,none
batch-2-R003531,BATCH-2-CLM-0003398,none
batch-2-R003532,BATCH-2-CLM-0003399,missing_value_spike
batch-2-R003533,BATCH-2-CLM-0003400,missing_value_spike
batch-2-R003534,BATCH-2-CLM-0003401,none
batch-2-R003535,BATCH-2-CLM-0003402,none
batch-2-R003536,BATCH-2-CLM-0003403,missing_value_spike
batch-2-R003537,BATCH-2-CLM-0003404,none
batch-2-R003538,BATCH-2-CLM-0003405,missing_value_spike
batch-2-R003539,BATCH-2-CLM-0003406,missing_value_spike
batch-2-R003540,BATCH-2-CLM-0003407,missing_value_spike
batch-2-R003541,BATCH-2-CLM-0003408,missing_value_spike
batch-2-R003542,BATCH-2-CLM-0003409,missing_value_spike
batch-2-R003543,BATCH-2-CLM-0003410,none
batch-2-R003544,BATCH-2-CLM-0003411,none
batch-2-R003545,BATCH-2-CLM-0003412,missing_value_spike
batch-2-R003546,BATCH-2-CLM-0003413,missing_value_spike
batch-2-R003547,BATCH-2-CLM-0003414,missing_value_spike
batch-2-R003548,BATCH-2-CLM-0003415,none
batch-2-R003549,BATCH-2-CLM-0003416,missing_value_spike
batch-2-R003550,BATCH-2-CLM-0003417,missing_value_spike
batch-2-R003551,BATCH-2-CLM-0003418,none
batch-2-R003552,BATCH-2-CLM-0003419,missing_value_spike
batch-2-R003553,BATCH-2-CLM-0003420,missing_value_spike
batch-2-R003554,BATCH-2-CLM-0003421,none
batch-2-R003555,BATCH-2-CLM-0003422,missing_value_spike
batch-2-R003556,BATCH-2-CLM-0003423,missing_value_spike
batch-2-R003557,BATCH-2-CLM-0003424,missing_value_spike
batch-2-R003558,BATCH-2-CLM-0003425,missing_value_spike
batch-2-R003559,BATCH-2-CLM-0003426,missing_value_spike
batch-2-R003560,BATCH-2-CLM-0003427,none
batch-2-R003561,BATCH-2-CLM-0003428,missing_value_spike
batch-2-R003562,BATCH-2-CLM-0003429,missing_value_spike
batch-2-R003563,BATCH-2-CLM-0003430,missing_value_spike
batch-2-R003564,BATCH-2-CLM-0003431,missing_value_spike
batch-2-R003565,BATCH-2-CLM-0003432,missing_value_spike
batch-2-R003566,BATCH-2-CLM-0003433,missing_value_spike
batch-2-R003567,BATCH-2-CLM-0003434,none
batch-2-R003568,BATCH-2-CLM-0003435,missing_value_spike
batch-2-R003569,BATCH-2-CLM-0003436,missing_value_spike
batch-2-R003570,BATCH-2-CLM-0003437,missing_value_spike
batch-2-R003571,BATCH-2-CLM-0003438,missing_value_spike
batch-2-R003572,BATCH-2-CLM-0003439,missing_value_spike
batch-2-R003573,BATCH-2-CLM-0003440,missing_value_spike
batch-2-R003574,BATCH-2-CLM-0003441,none
batch-2-R003575,BATCH-2-CLM-0003442,none
batch-2-R003576,BATCH-2-CLM-0003408,missing_value_spike
batch-2-R003577,BATCH-2-CLM-0003435,missing_value_spike
batch-2-R003578,BATCH-2-CLM-0003387,duplicate_spike
batch-2-R003579,BATCH-2-CLM-0003404,duplicate_spike
batch-2-R003580,BATCH-2-CLM-0003394,duplicate_spike
batch-2-R003581,BATCH-2-CLM-0003421,duplicate_spike
batch-2-R003582,BATCH-2-CLM-0003434,duplicate_spike
batch-2-R003583,BATCH-2-CLM-0003410,duplicate_spike
batch-2-R003584,BATCH-2-CLM-0003442,duplicate_spike
batch-2-R003585,BATCH-2-CLM-0003411,duplicate_spike
batch-2-R003586,BATCH-2-CLM-0003401,duplicate_spike
batch-2-R003587,BATCH-2-CLM-0003415,duplicate_spike
batch-2-R003588,BATCH-2-CLM-0003388,duplicate_spike
batch-2-R003589,BATCH-2-CLM-0003441,duplicate_spike
batch-2-R003590,BATCH-2-CLM-0003392,duplicate_spike
batch-2-R003591,BATCH-2-CLM-0003402,duplicate_spike
batch-2-R003592,BATCH-2-CLM-0003427,duplicate_spike
batch-2-R003593,BATCH-2-CLM-0003389,duplicate_spike
batch-2-R003594,BATCH-2-CLM-0003398,duplicate_spike
batch-2-R003595,BATCH-2-CLM-0003418,duplicate_spike
batch-2-R003596,BATCH-2-CLM-0003397,duplicate_spike
batch-2-R003597,BATCH-2-CLM-0003443,none
batch-2-R003598,BATCH-2-CLM-0003444,none
batch-2-R003599,BATCH-2-CLM-0003445,none
batch-2-R003600,BATCH-2-CLM-0003446,missing_value_spike
batch-2-R003601,BATCH-2-CLM-0003447,missing_value_spike
batch-2-R003602,BATCH-2-CLM-0003448,none
batch-2-R003603,BATCH-2-CLM-0003449,none
batch-2-R003604,BATCH-2-CLM-0003450,none
batch-2-R003605,BATCH-2-CLM-0003451,missing_value_spike
batch-2-R003606,BATCH-2-CLM-0003452,missing_value_spike
batch-2-R003607,BATCH-2-CLM-0003453,missing_value_spike
batch-2-R003608,BATCH-2-CLM-0003454,none
batch-2-R003609,BATCH-2-CLM-0003455,none
batch-2-R003610,BATCH-2-CLM-0003456,none
batch-2-R003611,BATCH-2-CLM-0003457,missing_value_spike
batch-2-R003612,BATCH-2-CLM-0003458,missing_value_spike
batch-2-R003613,BATCH-2-CLM-0003459,none
batch-2-R003614,BATCH-2-CLM-0003460,missing_value_spike
batch-2-R003615,BATCH-2-CLM-0003461,none
batch-2-R003616,BATCH-2-CLM-0003462,none
batch-2-R003617,BATCH-2-CLM-0003463,none
batch-2-R003618,BATCH-2-CLM-0003464,missing_value_spike
batch-2-R003619,BATCH-2-CLM-0003465,missing_value_spike
batch-2-R003620,BATCH-2-CLM-0003466,none
batch-2-R003621,BATCH-2-CLM-0003467,none
batch-2-R003622,BATCH-2-CLM-0003468,missing_value_spike
batch-2-R003623,BATCH-2-CLM-0003469,missing_value_spike
batch-2-R003624,BATCH-2-CLM-0003470,missing_value_spike
batch-2-R003625,BATCH-2-CLM-0003471,none
batch-2-R003626,BATCH-2-CLM-0003472,none
batch-2-R003627,BATCH-2-CLM-0003473,none
batch-2-R003628,BATCH-2-CLM-0003474,missing_value_spike
batch-2-R003629,BATCH-2-CLM-0003475,none
batch-2-R003630,BATCH-2-CLM-0003476,none
batch-2-R003631,BATCH-2-CLM-0003477,missing_value_spike
batch-2-R003632,BATCH-2-CLM-0003478,missing_value_spike
batch-2-R003633,BATCH-2-CLM-0003479,missing_value_spike
batch-2-R003634,BATCH-2-CLM-0003480,none
batch-2-R003635,BATCH-2-CLM-0003481,missing_value_spike
batch-2-R003636,BATCH-2-CLM-0003482,missing_value_spike
batch-2-R003637,BATCH-2-CLM-0003483,missing_value_spike
batch-2-R003638,BATCH-2-CLM-0003484,missing_value_spike
batch-2-R003639,BATCH-2-CLM-0003485,none
batch-2-R003640,BATCH-2-CLM-0003486,none
batch-2-R003641,BATCH-2-CLM-0003487,none
batch-2-R003642,BATCH-2-CLM-0003488,none
batch-2-R003643,BATCH-2-CLM-0003489,none
batch-2-R003644,BATCH-2-CLM-0003490,none
batch-2-R003645,BATCH-2-CLM-0003491,none
batch-2-R003646,BATCH-2-CLM-0003492,none
batch-2-R003647,BATCH-2-CLM-0003493,missing_value_spike
batch-2-R003648,BATCH-2-CLM-0003494,missing_value_spike
batch-2-R003649,BATCH-2-CLM-0003495,missing_value_spike
batch-2-R003650,BATCH-2-CLM-0003496,missing_value_spike
batch-2-R003651,BATCH-2-CLM-0003476,missing_value_spike
batch-2-R003652,BATCH-2-CLM-0003485,missing_value_spike
batch-2-R003653,BATCH-2-CLM-0003493,missing_value_spike
batch-2-R003654,BATCH-2-CLM-0003489,missing_value_spike
batch-2-R003655,BATCH-2-CLM-0003451,none
batch-2-R003656,BATCH-2-CLM-0003454,duplicate_spike
batch-2-R003657,BATCH-2-CLM-0003491,duplicate_spike
batch-2-R003658,BATCH-2-CLM-0003459,duplicate_spike
batch-2-R003659,BATCH-2-CLM-0003490,duplicate_spike
batch-2-R003660,BATCH-2-CLM-0003473,duplicate_spike
batch-2-R003661,BATCH-2-CLM-0003471,duplicate_spike
batch-2-R003662,BATCH-2-CLM-0003487,duplicate_spike
batch-2-R003663,BATCH-2-CLM-0003472,duplicate_spike
batch-2-R003664,BATCH-2-CLM-0003462,duplicate_spike
batch-2-R003665,BATCH-2-CLM-0003443,duplicate_spike
batch-2-R003666,BATCH-2-CLM-0003444,duplicate_spike
batch-2-R003667,BATCH-2-CLM-0003485,duplicate_spike
batch-2-R003668,BATCH-2-CLM-0003456,duplicate_spike
batch-2-R003669,BATCH-2-CLM-0003475,duplicate_spike
batch-2-R003670,BATCH-2-CLM-0003451,duplicate_spike
batch-2-R003671,BATCH-2-CLM-0003455,duplicate_spike
batch-2-R003672,BATCH-2-CLM-0003463,duplicate_spike
batch-2-R003673,BATCH-2-CLM-0003486,duplicate_spike
batch-2-R003674,BATCH-2-CLM-0003448,duplicate_spike
batch-2-R003675,BATCH-2-CLM-0003449,duplicate_spike
batch-2-R003676,BATCH-2-CLM-0003492,duplicate_spike
batch-2-R003677,BATCH-2-CLM-0003489,duplicate_spike
batch-2-R003678,BATCH-2-CLM-0003480,duplicate_spike
batch-2-R003679,BATCH-2-CLM-0003467,duplicate_spike
batch-2-R003680,BATCH-2-CLM-0003488,duplicate_spike
batch-2-R003681,BATCH-2-CLM-0003450,duplicate_spike
batch-2-R003682,BATCH-2-CLM-0003445,duplicate_spike
batch-2-R003683,BATCH-2-CLM-0003461,duplicate_spike
batch-2-R003684,BATCH-2-CLM-0003466,duplicate_spike
batch-2-R003685,BATCH-2-CLM-0003476,duplicate_spike
batch-2-R003686,BATCH-2-CLM-0003497,none
batch-2-R003687,BATCH-2-CLM-0003498,missing_value_spike
batch-2-R003688,BATCH-2-CLM-0003499,none
batch-2-R003689,BATCH-2-CLM-0003500,missing_value_spike
batch-2-R003690,BATCH-2-CLM-0003501,missing_value_spike
batch-2-R003691,BATCH-2-CLM-0003502,missing_value_spike
batch-2-R003692,BATCH-2-CLM-0003503,none
batch-2-R003693,BATCH-2-CLM-0003504,missing_value_spike
batch-2-R003694,BATCH-2-CLM-0003505,missing_value_spike
batch-2-R003695,BATCH-2-CLM-0003506,missing_value_spike
batch-2-R003696,BATCH-2-CLM-0003507,none
batch-2-R003697,BATCH-2-CLM-0003508,none
batch-2-R003698,BATCH-2-CLM-0003509,missing_value_spike
batch-2-R003699,BATCH-2-CLM-0003510,missing_value_spike
batch-2-R003700,BATCH-2-CLM-0003511,missing_value_spike
batch-2-R003701,BATCH-2-CLM-0003512,none
batch-2-R003702,BATCH-2-CLM-0003513,none
batch-2-R003703,BATCH-2-CLM-0003514,missing_value_spike
batch-2-R003704,BATCH-2-CLM-0003515,missing_value_spike
batch-2-R003705,BATCH-2-CLM-0003516,missing_value_spike
batch-2-R003706,BATCH-2-CLM-0003517,missing_value_spike
batch-2-R003707,BATCH-2-CLM-0003518,missing_value_spike
batch-2-R003708,BATCH-2-CLM-0003519,none
batch-2-R003709,BATCH-2-CLM-0003520,none
batch-2-R003710,BATCH-2-CLM-0003521,missing_value_spike
batch-2-R003711,BATCH-2-CLM-0003522,missing_value_spike
batch-2-R003712,BATCH-2-CLM-0003523,missing_value_spike
batch-2-R003713,BATCH-2-CLM-0003524,none
batch-2-R003714,BATCH-2-CLM-0003525,missing_value_spike
batch-2-R003715,BATCH-2-CLM-0003526,missing_value_spike
batch-2-R003716,BATCH-2-CLM-0003527,missing_value_spike
batch-2-R003717,BATCH-2-CLM-0003528,missing_value_spike
batch-2-R003718,BATCH-2-CLM-0003529,none
batch-2-R003719,BATCH-2-CLM-0003530,missing_value_spike
batch-2-R003720,BATCH-2-CLM-0003531,missing_value_spike
batch-2-R003721,BATCH-2-CLM-0003532,missing_value_spike
batch-2-R003722,BATCH-2-CLM-0003533,missing_value_spike
batch-2-R003723,BATCH-2-CLM-0003534,none
batch-2-R003724,BATCH-2-CLM-0003535,missing_value_spike
batch-2-R003725,BATCH-2-CLM-0003536,none
batch-2-R003726,BATCH-2-CLM-0003537,none
batch-2-R003727,BATCH-2-CLM-0003538,none
batch-2-R003728,BATCH-2-CLM-0003539,none
batch-2-R003729,BATCH-2-CLM-0003540,missing_value_spike
batch-2-R003730,BATCH-2-CLM-0003541,missing_value_spike
batch-2-R003731,BATCH-2-CLM-0003542,missing_value_spike
batch-2-R003732,BATCH-2-CLM-0003543,missing_value_spike
batch-2-R003733,BATCH-2-CLM-0003544,missing_value_spike
batch-2-R003734,BATCH-2-CLM-0003545,missing_value_spike
batch-2-R003735,BATCH-2-CLM-0003546,missing_value_spike
batch-2-R003736,BATCH-2-CLM-0003547,none
batch-2-R003737,BATCH-2-CLM-0003548,none
batch-2-R003738,BATCH-2-CLM-0003549,none
batch-2-R003739,BATCH-2-CLM-0003550,missing_value_spike
batch-2-R003740,BATCH-2-CLM-0003547,missing_value_spike
batch-2-R003741,BATCH-2-CLM-0003529,missing_value_spike
batch-2-R003742,BATCH-2-CLM-0003548,duplicate_spike
batch-2-R003743,BATCH-2-CLM-0003503,duplicate_spike
batch-2-R003744,BATCH-2-CLM-0003537,duplicate_spike
batch-2-R003745,BATCH-2-CLM-0003507,duplicate_spike
batch-2-R003746,BATCH-2-CLM-0003512,duplicate_spike
batch-2-R003747,BATCH-2-CLM-0003497,duplicate_spike
batch-2-R003748,BATCH-2-CLM-0003513,duplicate_spike
batch-2-R003749,BATCH-2-CLM-0003534,duplicate_spike
batch-2-R003750,BATCH-2-CLM-0003499,duplicate_spike
batch-2-R003751,BATCH-2-CLM-0003538,duplicate_spike
batch-2-R003752,BATCH-2-CLM-0003536,duplicate_spike
batch-2-R003753,BATCH-2-CLM-0003524,duplicate_spike
batch-2-R003754,BATCH-2-CLM-0003547,duplicate_spike
batch-2-R003755,BATCH-2-CLM-0003519,duplicate_spike
batch-2-R003756,BATCH-2-CLM-0003529,duplicate_spike
batch-2-R003757,BATCH-2-CLM-0003539,duplicate_spike
batch-2-R003758,BATCH-2-CLM-0003520,duplicate_spike
batch-2-R003759,BATCH-2-CLM-0003549,duplicate_spike
batch-2-R003760,BATCH-2-CLM-0003508,duplicate_spike
batch-2-R003761,BATCH-2-CLM-0003551,missing_value_spike
batch-2-R003762,BATCH-2-CLM-0003552,missing_value_spike
batch-2-R003763,BATCH-2-CLM-0003553,missing_value_spike
batch-2-R003764,BATCH-2-CLM-0003554,missing_value_spike
batch-2-R003765,BATCH-2-CLM-0003555,none
batch-2-R003766,BATCH-2-CLM-0003556,missing_value_spike
batch-2-R003767,BATCH-2-CLM-0003557,missing_value_spike
batch-2-R003768,BATCH-2-CLM-0003558,missing_value_spike
batch-2-R003769,BATCH-2-CLM-0003559,none
batch-2-R003770,BATCH-2-CLM-0003560,none
batch-2-R003771,BATCH-2-CLM-0003561,missing_value_spike
batch-2-R003772,BATCH-2-CLM-0003562,missing_value_spike
batch-2-R003773,BATCH-2-CLM-0003563,missing_value_spike
batch-2-R003774,BATCH-2-CLM-0003564,missing_value_spike
batch-2-R003775,BATCH-2-CLM-0003565,missing_value_spike
batch-2-R003776,BATCH-2-CLM-0003566,none
batch-2-R003777,BATCH-2-CLM-0003567,missing_value_spike
batch-2-R003778,BATCH-2-CLM-0003568,missing_value_spike
batch-2-R003779,BATCH-2-CLM-0003569,missing_value_spike
batch-2-R003780,BATCH-2-CLM-0003570,none
batch-2-R003781,BATCH-2-CLM-0003571,missing_value_spike
batch-2-R003782,BATCH-2-CLM-0003572,none
batch-2-R003783,BATCH-2-CLM-0003573,missing_value_spike
batch-2-R003784,BATCH-2-CLM-0003574,missing_value_spike
batch-2-R003785,BATCH-2-CLM-0003575,missing_value_spike
batch-2-R003786,BATCH-2-CLM-0003576,missing_value_spike
batch-2-R003787,BATCH-2-CLM-0003577,none
batch-2-R003788,BATCH-2-CLM-0003578,missing_value_spike
batch-2-R003789,BATCH-2-CLM-0003579,missing_value_spike
batch-2-R003790,BATCH-2-CLM-0003580,none
batch-2-R003791,BATCH-2-CLM-0003581,none
batch-2-R003792,BATCH-2-CLM-0003582,none
batch-2-R003793,BATCH-2-CLM-0003583,missing_value_spike
batch-2-R003794,BATCH-2-CLM-0003584,none
batch-2-R003795,BATCH-2-CLM-0003585,none
batch-2-R003796,BATCH-2-CLM-0003586,missing_value_spike
batch-2-R003797,BATCH-2-CLM-0003587,missing_value_spike
batch-2-R003798,BATCH-2-CLM-0003588,missing_value_spike
batch-2-R003799,BATCH-2-CLM-0003589,none
batch-2-R003800,BATCH-2-CLM-0003590,missing_value_spike
batch-2-R003801,BATCH-2-CLM-0003591,none
batch-2-R003802,BATCH-2-CLM-0003592,missing_value_spike
batch-2-R003803,BATCH-2-CLM-0003593,none
batch-2-R003804,BATCH-2-CLM-0003594,missing_value_spike
batch-2-R003805,BATCH-2-CLM-0003595,missing_value_spike
batch-2-R003806,BATCH-2-CLM-0003596,missing_value_spike
batch-2-R003807,BATCH-2-CLM-0003597,missing_value_spike
batch-2-R003808,BATCH-2-CLM-0003598,missing_value_spike
batch-2-R003809,BATCH-2-CLM-0003599,missing_value_spike
batch-2-R003810,BATCH-2-CLM-0003600,none
batch-2-R003811,BATCH-2-CLM-0003601,missing_value_spike
batch-2-R003812,BATCH-2-CLM-0003560,duplicate_spike
batch-2-R003813,BATCH-2-CLM-0003559,duplicate_spike
batch-2-R003814,BATCH-2-CLM-0003591,duplicate_spike
batch-2-R003815,BATCH-2-CLM-0003572,duplicate_spike
batch-2-R003816,BATCH-2-CLM-0003585,duplicate_spike
batch-2-R003817,BATCH-2-CLM-0003555,duplicate_spike
batch-2-R003818,BATCH-2-CLM-0003582,duplicate_spike
batch-2-R003819,BATCH-2-CLM-0003580,duplicate_spike
batch-2-R003820,BATCH-2-CLM-0003584,duplicate_spike
batch-2-R003821,BATCH-2-CLM-0003581,duplicate_spike
batch-2-R003822,BATCH-2-CLM-0003593,duplicate_spike
batch-2-R003823,BATCH-2-CLM-0003570,duplicate_spike
batch-2-R003824,BATCH-2-CLM-0003566,duplicate_spike
batch-2-R003825,BATCH-2-CLM-0003577,duplicate_spike
batch-2-R003826,BATCH-2-CLM-0003589,duplicate_spike
batch-2-R003827,BATCH-2-CLM-0003600,duplicate_spike
batch-2-R003828,BATCH-2-CLM-0003602,missing_value_spike
batch-2-R003829,BATCH-2-CLM-0003603,missing_value_spike
batch-2-R003830,BATCH-2-CLM-0003604,missing_value_spike
batch-2-R003831,BATCH-2-CLM-0003605,missing_value_spike
batch-2-R003832,BATCH-2-CLM-0003606,missing_value_spike
batch-2-R003833,BATCH-2-CLM-0003607,missing_value_spike
batch-2-R003834,BATCH-2-CLM-0003608,none
batch-2-R003835,BATCH-2-CLM-0003609,none
batch-2-R003836,BATCH-2-CLM-0003610,none
batch-2-R003837,BATCH-2-CLM-0003611,missing_value_spike
batch-2-R003838,BATCH-2-CLM-0003612,missing_value_spike
batch-2-R003839,BATCH-2-CLM-0003613,none
batch-2-R003840,BATCH-2-CLM-0003614,missing_value_spike
batch-2-R003841,BATCH-2-CLM-0003615,none
batch-2-R003842,BATCH-2-CLM-0003616,none
batch-2-R003843,BATCH-2-CLM-0003617,none
batch-2-R003844,BATCH-2-CLM-0003618,missing_value_spike
batch-2-R003845,BATCH-2-CLM-0003619,none
batch-2-R003846,BATCH-2-CLM-0003620,none
batch-2-R003847,BATCH-2-CLM-0003621,missing_value_spike
batch-2-R003848,BATCH-2-CLM-0003622,none
batch-2-R003849,BATCH-2-CLM-0003623,missing_value_spike
batch-2-R003850,BATCH-2-CLM-0003624,missing_value_spike
batch-2-R003851,BATCH-2-CLM-0003625,none
batch-2-R003852,BATCH-2-CLM-0003626,none
batch-2-R003853,BATCH-2-CLM-0003627,none
batch-2-R003854,BATCH-2-CLM-0003628,none
batch-2-R003855,BATCH-2-CLM-0003629,missing_value_spike
batch-2-R003856,BATCH-2-CLM-0003630,none
batch-2-R003857,BATCH-2-CLM-0003631,missing_value_spike
batch-2-R003858,BATCH-2-CLM-0003632,none
batch-2-R003859,BATCH-2-CLM-0003633,none
batch-2-R003860,BATCH-2-CLM-0003634,missing_value_spike
batch-2-R003861,BATCH-2-CLM-0003635,missing_value_spike
batch-2-R003862,BATCH-2-CLM-0003636,missing_value_spike
batch-2-R003863,BATCH-2-CLM-0003637,none
batch-2-R003864,BATCH-2-CLM-0003638,none
batch-2-R003865,BATCH-2-CLM-0003639,missing_value_spike
batch-2-R003866,BATCH-2-CLM-0003640,none
batch-2-R003867,BATCH-2-CLM-0003641,missing_value_spike
batch-2-R003868,BATCH-2-CLM-0003642,missing_value_spike
batch-2-R003869,BATCH-2-CLM-0003643,none
batch-2-R003870,BATCH-2-CLM-0003644,none
batch-2-R003871,BATCH-2-CLM-0003645,none
batch-2-R003872,BATCH-2-CLM-0003646,none
batch-2-R003873,BATCH-2-CLM-0003647,none
batch-2-R003874,BATCH-2-CLM-0003648,missing_value_spike
batch-2-R003875,BATCH-2-CLM-0003649,none
batch-2-R003876,BATCH-2-CLM-0003650,missing_value_spike
batch-2-R003877,BATCH-2-CLM-0003651,missing_value_spike
batch-2-R003878,BATCH-2-CLM-0003652,none
batch-2-R003879,BATCH-2-CLM-0003653,missing_value_spike
batch-2-R003880,BATCH-2-CLM-0003654,missing_value_spike
batch-2-R003881,BATCH-2-CLM-0003655,missing_value_spike
batch-2-R003882,BATCH-2-CLM-0003656,none
batch-2-R003883,BATCH-2-CLM-0003628,none
batch-2-R003884,BATCH-2-CLM-0003618,none
batch-2-R003885,BATCH-2-CLM-0003619,duplicate_spike
batch-2-R003886,BATCH-2-CLM-0003637,duplicate_spike
batch-2-R003887,BATCH-2-CLM-0003617,duplicate_spike
batch-2-R003888,BATCH-2-CLM-0003616,duplicate_spike
batch-2-R003889,BATCH-2-CLM-0003640,duplicate_spike
batch-2-R003890,BATCH-2-CLM-0003622,duplicate_spike
batch-2-R003891,BATCH-2-CLM-0003644,duplicate_spike
batch-2-R003892,BATCH-2-CLM-0003620,duplicate_spike
batch-2-R003893,BATCH-2-CLM-0003609,duplicate_spike
batch-2-R003894,BATCH-2-CLM-0003615,duplicate_spike
batch-2-R003895,BATCH-2-CLM-0003649,duplicate_spike
batch-2-R003896,BATCH-2-CLM-0003645,duplicate_spike
batch-2-R003897,BATCH-2-CLM-0003628,duplicate_spike
batch-2-R003898,BATCH-2-CLM-0003630,duplicate_spike
batch-2-R003899,BATCH-2-CLM-0003646,duplicate_spike
batch-2-R003900,BATCH-2-CLM-0003626,duplicate_spike
batch-2-R003901,BATCH-2-CLM-0003632,duplicate_spike
batch-2-R003902,BATCH-2-CLM-0003608,duplicate_spike
batch-2-R003903,BATCH-2-CLM-0003613,duplicate_spike
batch-2-R003904,BATCH-2-CLM-0003627,duplicate_spike
batch-2-R003905,BATCH-2-CLM-0003610,duplicate_spike
batch-2-R003906,BATCH-2-CLM-0003656,duplicate_spike
batch-2-R003907,BATCH-2-CLM-0003638,duplicate_spike
batch-2-R003908,BATCH-2-CLM-0003652,duplicate_spike
batch-2-R003909,BATCH-2-CLM-0003633,duplicate_spike
batch-2-R003910,BATCH-2-CLM-0003625,duplicate_spike
batch-2-R003911,BATCH-2-CLM-0003643,duplicate_spike
batch-2-R003912,BATCH-2-CLM-0003647,duplicate_spike
batch-2-R003913,BATCH-2-CLM-0003657,none
batch-2-R003914,BATCH-2-CLM-0003658,none
batch-2-R003915,BATCH-2-CLM-0003659,none
batch-2-R003916,BATCH-2-CLM-0003660,none
batch-2-R003917,BATCH-2-CLM-0003661,none
batch-2-R003918,BATCH-2-CLM-0003662,none
batch-2-R003919,BATCH-2-CLM-0003663,none
batch-2-R003920,BATCH-2-CLM-0003664,none
batch-2-R003921,BATCH-2-CLM-0003665,none
batch-2-R003922,BATCH-2-CLM-0003666,none
batch-2-R003923,BATCH-2-CLM-0003667,none
batch-2-R003924,BATCH-2-CLM-0003668,none
batch-2-R003925,BATCH-2-CLM-0003669,none
batch-2-R003926,BATCH-2-CLM-0003670,none
batch-2-R003927,BATCH-2-CLM-0003671,none
batch-2-R003928,BATCH-2-CLM-0003672,none
batch-2-R003929,BATCH-2-CLM-0003673,none
batch-2-R003930,BATCH-2-CLM-0003674,none
batch-2-R003931,BATCH-2-CLM-0003675,none
batch-2-R003932,BATCH-2-CLM-0003676,none
batch-2-R003933,BATCH-2-CLM-0003677,none
batch-2-R003934,BATCH-2-CLM-0003678,none
batch-2-R003935,BATCH-2-CLM-0003679,none
batch-2-R003936,BATCH-2-CLM-0003680,none
batch-2-R003937,BATCH-2-CLM-0003681,none
batch-2-R003938,BATCH-2-CLM-0003682,none
batch-2-R003939,BATCH-2-CLM-0003683,none
batch-2-R003940,BATCH-2-CLM-0003684,none
batch-2-R003941,BATCH-2-CLM-0003685,none
batch-2-R003942,BATCH-2-CLM-0003686,none
batch-2-R003943,BATCH-2-CLM-0003687,none
batch-2-R003944,BATCH-2-CLM-0003688,none
batch-2-R003945,BATCH-2-CLM-0003689,none
batch-2-R003946,BATCH-2-CLM-0003690,none
batch-2-R003947,BATCH-2-CLM-0003691,none
batch-2-R003948,BATCH-2-CLM-0003692,none
batch-2-R003949,BATCH-2-CLM-0003693,none
batch-2-R003950,BATCH-2-CLM-0003694,none
batch-2-R003951,BATCH-2-CLM-0003695,none
batch-2-R003952,BATCH-2-CLM-0003696,none
batch-2-R003953,BATCH-2-CLM-0003697,none
batch-2-R003954,BATCH-2-CLM-0003698,none
batch-2-R003955,BATCH-2-CLM-0003699,none
batch-2-R003956,BATCH-2-CLM-0003700,none
batch-2-R003957,BATCH-2-CLM-0003701,none
batch-2-R003958,BATCH-2-CLM-0003702,none
batch-2-R003959,BATCH-2-CLM-0003703,none
batch-2-R003960,BATCH-2-CLM-0003704,none
batch-2-R003961,BATCH-2-CLM-0003705,none
batch-2-R003962,BATCH-2-CLM-0003706,none
batch-2-R003963,BATCH-2-CLM-0003707,none
batch-2-R003964,BATCH-2-CLM-0003708,none
batch-2-R003965,BATCH-2-CLM-0003709,none
batch-2-R003966,BATCH-2-CLM-0003710,none
batch-2-R003967,BATCH-2-CLM-0003711,none
batch-2-R003968,BATCH-2-CLM-0003712,none
batch-2-R003969,BATCH-2-CLM-0003713,none
batch-2-R003970,BATCH-2-CLM-0003714,none
batch-2-R003971,BATCH-2-CLM-0003715,none
batch-2-R003972,BATCH-2-CLM-0003716,none
batch-2-R003973,BATCH-2-CLM-0003717,none
batch-2-R003974,BATCH-2-CLM-0003718,none
batch-2-R003975,BATCH-2-CLM-0003719,none
batch-2-R003976,BATCH-2-CLM-0003720,none
batch-2-R003977,BATCH-2-CLM-0003721,none
batch-2-R003978,BATCH-2-CLM-0003722,none
batch-2-R003979,BATCH-2-CLM-0003723,none
batch-2-R003980,BATCH-2-CLM-0003724,none
batch-2-R003981,BATCH-2-CLM-0003725,none
batch-2-R003982,BATCH-2-CLM-0003726,none
batch-2-R003983,BATCH-2-CLM-0003727,none
batch-2-R003984,BATCH-2-CLM-0003728,none
batch-2-R003985,BATCH-2-CLM-0003729,none
batch-2-R003986,BATCH-2-CLM-0003730,none
batch-2-R003987,BATCH-2-CLM-0003731,none
batch-2-R003988,BATCH-2-CLM-0003732,none
batch-2-R003989,BATCH-2-CLM-0003733,none
batch-2-R003990,BATCH-2-CLM-0003734,none
batch-2-R003991,BATCH-2-CLM-0003735,none
batch-2-R003992,BATCH-2-CLM-0003736,none
batch-2-R003993,BATCH-2-CLM-0003737,none
batch-2-R003994,BATCH-2-CLM-0003738,none
batch-2-R003995,BATCH-2-CLM-0003739,none
batch-2-R003996,BATCH-2-CLM-0003740,none
batch-2-R003997,BATCH-2-CLM-0003741,none
batch-2-R003998,BATCH-2-CLM-0003742,none
batch-2-R003999,BATCH-2-CLM-0003743,none
batch-2-R004000,BATCH-2-CLM-0003744,none
batch-2-R004001,BATCH-2-CLM-0003745,none
batch-2-R004002,BATCH-2-CLM-0003746,none
batch-2-R004003,BATCH-2-CLM-0003747,none
batch-2-R004004,BATCH-2-CLM-0003748,none
batch-2-R004005,BATCH-2-CLM-0003749,none
batch-2-R004006,BATCH-2-CLM-0003750,none
batch-2-R004007,BATCH-2-CLM-0003751,none
batch-2-R004008,BATCH-2-CLM-0003752,none
batch-2-R004009,BATCH-2-CLM-0003753,none
batch-2-R004010,BATCH-2-CLM-0003754,none
batch-2-R004011,BATCH-2-CLM-0003755,none
batch-2-R004012,BATCH-2-CLM-0003756,none
batch-2-R004013,BATCH-2-CLM-0003757,none
batch-2-R004014,BATCH-2-CLM-0003708,none
batch-2-R004015,BATCH-2-CLM-0003758,none
batch-2-R004016,BATCH-2-CLM-0003759,none
batch-2-R004017,BATCH-2-CLM-0003760,none
batch-2-R004018,BATCH-2-CLM-0003761,none
batch-2-R004019,BATCH-2-CLM-0003762,none
batch-2-R004020,BATCH-2-CLM-0003763,none
batch-2-R004021,BATCH-2-CLM-0003764,none
batch-2-R004022,BATCH-2-CLM-0003765,none
batch-2-R004023,BATCH-2-CLM-0003766,none
batch-2-R004024,BATCH-2-CLM-0003767,none
batch-2-R004025,BATCH-2-CLM-0003768,none
batch-2-R004026,BATCH-2-CLM-0003769,none
batch-2-R004027,BATCH-2-CLM-0003770,none
batch-2-R004028,BATCH-2-CLM-0003771,none
batch-2-R004029,BATCH-2-CLM-0003772,none
batch-2-R004030,BATCH-2-CLM-0003773,none
batch-2-R004031,BATCH-2-CLM-0003774,none
batch-2-R004032,BATCH-2-CLM-0003775,none
batch-2-R004033,BATCH-2-CLM-0003776,none
batch-2-R004034,BATCH-2-CLM-0003777,none
batch-2-R004035,BATCH-2-CLM-0003778,none
batch-2-R004036,BATCH-2-CLM-0003779,none
batch-2-R004037,BATCH-2-CLM-0003780,none
batch-2-R004038,BATCH-2-CLM-0003781,none
batch-2-R004039,BATCH-2-CLM-0003782,none
batch-2-R004040,BATCH-2-CLM-0003783,none
batch-2-R004041,BATCH-2-CLM-0003784,none
batch-2-R004042,BATCH-2-CLM-0003785,none
batch-2-R004043,BATCH-2-CLM-0003786,none
batch-2-R004044,BATCH-2-CLM-0003787,none
batch-2-R004045,BATCH-2-CLM-0003788,none
batch-2-R004046,BATCH-2-CLM-0003789,none
batch-2-R004047,BATCH-2-CLM-0003790,none
batch-2-R004048,BATCH-2-CLM-0003791,none
batch-2-R004049,BATCH-2-CLM-0003792,none
batch-2-R004050,BATCH-2-CLM-0003793,none
batch-2-R004051,BATCH-2-CLM-0003794,none
batch-2-R004052,BATCH-2-CLM-0003795,none
batch-2-R004053,BATCH-2-CLM-0003796,none
batch-2-R004054,BATCH-2-CLM-0003797,none
batch-2-R004055,BATCH-2-CLM-0003764,none
batch-2-R004056,BATCH-2-CLM-0003798,none
batch-2-R004057,BATCH-2-CLM-0003799,none
batch-2-R004058,BATCH-2-CLM-0003800,none
batch-2-R004059,BATCH-2-CLM-0003801,none
batch-2-R004060,BATCH-2-CLM-0003802,none
batch-2-R004061,BATCH-2-CLM-0003803,none
batch-2-R004062,BATCH-2-CLM-0003804,none
batch-2-R004063,BATCH-2-CLM-0003805,none
batch-2-R004064,BATCH-2-CLM-0003806,none
batch-2-R004065,BATCH-2-CLM-0003807,none
batch-2-R004066,BATCH-2-CLM-0003808,none
batch-2-R004067,BATCH-2-CLM-0003809,none
batch-2-R004068,BATCH-2-CLM-0003810,none
batch-2-R004069,BATCH-2-CLM-0003811,none
batch-2-R004070,BATCH-2-CLM-0003812,none
batch-2-R004071,BATCH-2-CLM-0003813,none
batch-2-R004072,BATCH-2-CLM-0003814,none
batch-2-R004073,BATCH-2-CLM-0003815,none
batch-2-R004074,BATCH-2-CLM-0003816,none
batch-2-R004075,BATCH-2-CLM-0003817,none
batch-2-R004076,BATCH-2-CLM-0003818,none
batch-2-R004077,BATCH-2-CLM-0003819,none
batch-2-R004078,BATCH-2-CLM-0003820,none
batch-2-R004079,BATCH-2-CLM-0003821,none
batch-2-R004080,BATCH-2-CLM-0003822,none
batch-2-R004081,BATCH-2-CLM-0003823,none
batch-2-R004082,BATCH-2-CLM-0003824,none
batch-2-R004083,BATCH-2-CLM-0003825,none
batch-2-R004084,BATCH-2-CLM-0003826,none
batch-2-R004085,BATCH-2-CLM-0003827,none
batch-2-R004086,BATCH-2-CLM-0003828,none
batch-2-R004087,BATCH-2-CLM-0003829,none
batch-2-R004088,BATCH-2-CLM-0003830,none
batch-2-R004089,BATCH-2-CLM-0003831,none
batch-2-R004090,BATCH-2-CLM-0003832,none
batch-2-R004091,BATCH-2-CLM-0003833,none
batch-2-R004092,BATCH-2-CLM-0003834,none
batch-2-R004093,BATCH-2-CLM-0003835,none
batch-2-R004094,BATCH-2-CLM-0003836,none
batch-2-R004095,BATCH-2-CLM-0003837,none
batch-2-R004096,BATCH-2-CLM-0003838,none
batch-2-R004097,BATCH-2-CLM-0003839,none
batch-2-R004098,BATCH-2-CLM-0003840,none
batch-2-R004099,BATCH-2-CLM-0003841,none
batch-2-R004100,BATCH-2-CLM-0003842,none
batch-2-R004101,BATCH-2-CLM-0003843,none
batch-2-R004102,BATCH-2-CLM-0003844,none
batch-2-R004103,BATCH-2-CLM-0003845,none
batch-2-R004104,BATCH-2-CLM-0003846,none
batch-2-R004105,BATCH-2-CLM-0003847,none
batch-2-R004106,BATCH-2-CLM-0003848,none
batch-2-R004107,BATCH-2-CLM-0003849,none
batch-2-R004108,BATCH-2-CLM-0003850,none
batch-2-R004109,BATCH-2-CLM-0003851,none
batch-2-R004110,BATCH-2-CLM-0003852,none
batch-2-R004111,BATCH-2-CLM-0003853,none
batch-2-R004112,BATCH-2-CLM-0003854,none
batch-2-R004113,BATCH-2-CLM-0003855,none
batch-2-R004114,BATCH-2-CLM-0003856,none
batch-2-R004115,BATCH-2-CLM-0003857,none
batch-2-R004116,BATCH-2-CLM-0003858,none
batch-2-R004117,BATCH-2-CLM-0003859,none
batch-2-R004118,BATCH-2-CLM-0003860,none
batch-2-R004119,BATCH-2-CLM-0003861,none
batch-2-R004120,BATCH-2-CLM-0003826,none
batch-2-R004121,BATCH-2-CLM-0003813,none
batch-2-R004122,BATCH-2-CLM-0003862,none
batch-2-R004123,BATCH-2-CLM-0003863,none
batch-2-R004124,BATCH-2-CLM-0003864,none
batch-2-R004125,BATCH-2-CLM-0003865,none
batch-2-R004126,BATCH-2-CLM-0003866,none
batch-2-R004127,BATCH-2-CLM-0003867,none
batch-2-R004128,BATCH-2-CLM-0003868,none
batch-2-R004129,BATCH-2-CLM-0003869,none
batch-2-R004130,BATCH-2-CLM-0003870,none
batch-2-R004131,BATCH-2-CLM-0003871,none
batch-2-R004132,BATCH-2-CLM-0003872,none
batch-2-R004133,BATCH-2-CLM-0003873,none
batch-2-R004134,BATCH-2-CLM-0003874,none
batch-2-R004135,BATCH-2-CLM-0003875,none
batch-2-R004136,BATCH-2-CLM-0003876,none
batch-2-R004137,BATCH-2-CLM-0003877,none
batch-2-R004138,BATCH-2-CLM-0003878,none
batch-2-R004139,BATCH-2-CLM-0003879,none
batch-2-R004140,BATCH-2-CLM-0003880,none
batch-2-R004141,BATCH-2-CLM-0003881,none
batch-2-R004142,BATCH-2-CLM-0003882,none
batch-2-R004143,BATCH-2-CLM-0003883,none
batch-2-R004144,BATCH-2-CLM-0003884,none
batch-2-R004145,BATCH-2-CLM-0003885,none
batch-2-R004146,BATCH-2-CLM-0003886,none
batch-2-R004147,BATCH-2-CLM-0003887,none
batch-2-R004148,BATCH-2-CLM-0003888,none
batch-2-R004149,BATCH-2-CLM-0003889,none
batch-2-R004150,BATCH-2-CLM-0003890,none
batch-2-R004151,BATCH-2-CLM-0003891,none
batch-2-R004152,BATCH-2-CLM-0003892,none
batch-2-R004153,BATCH-2-CLM-0003893,none
batch-2-R004154,BATCH-2-CLM-0003894,none
batch-2-R004155,BATCH-2-CLM-0003895,none
batch-2-R004156,BATCH-2-CLM-0003896,none
batch-2-R004157,BATCH-2-CLM-0003897,none
batch-2-R004158,BATCH-2-CLM-0003898,none
batch-2-R004159,BATCH-2-CLM-0003899,none
batch-2-R004160,BATCH-2-CLM-0003900,none
batch-2-R004161,BATCH-2-CLM-0003901,none
batch-2-R004162,BATCH-2-CLM-0003902,none
batch-2-R004163,BATCH-2-CLM-0003903,none
batch-2-R004164,BATCH-2-CLM-0003904,none
batch-2-R004165,BATCH-2-CLM-0003905,none
batch-2-R004166,BATCH-2-CLM-0003906,none
batch-2-R004167,BATCH-2-CLM-0003907,none
batch-2-R004168,BATCH-2-CLM-0003908,none
batch-2-R004169,BATCH-2-CLM-0003909,none
batch-2-R004170,BATCH-2-CLM-0003910,none
batch-2-R004171,BATCH-2-CLM-0003911,none
batch-2-R004172,BATCH-2-CLM-0003912,none
batch-2-R004173,BATCH-2-CLM-0003913,none
batch-2-R004174,BATCH-2-CLM-0003914,none
batch-2-R004175,BATCH-2-CLM-0003915,none
batch-2-R004176,BATCH-2-CLM-0003895,none
batch-2-R004177,BATCH-2-CLM-0003911,none
batch-2-R004178,BATCH-2-CLM-0003867,none
batch-2-R004179,BATCH-2-CLM-0003902,none
batch-2-R004180,BATCH-2-CLM-0003916,none
batch-2-R004181,BATCH-2-CLM-0003917,none
batch-2-R004182,BATCH-2-CLM-0003918,none
batch-2-R004183,BATCH-2-CLM-0003919,none
batch-2-R004184,BATCH-2-CLM-0003920,none
batch-2-R004185,BATCH-2-CLM-0003921,none
batch-2-R004186,BATCH-2-CLM-0003922,none
batch-2-R004187,BATCH-2-CLM-0003923,none
batch-2-R004188,BATCH-2-CLM-0003924,none
batch-2-R004189,BATCH-2-CLM-0003925,none
batch-2-R004190,BATCH-2-CLM-0003926,none
batch-2-R004191,BATCH-2-CLM-0003927,none
batch-2-R004192,BATCH-2-CLM-0003928,none
batch-2-R004193,BATCH-2-CLM-0003929,none
batch-2-R004194,BATCH-2-CLM-0003930,none
batch-2-R004195,BATCH-2-CLM-0003931,none
batch-2-R004196,BATCH-2-CLM-0003932,none
batch-2-R004197,BATCH-2-CLM-0003933,none
batch-2-R004198,BATCH-2-CLM-0003934,none
batch-2-R004199,BATCH-2-CLM-0003935,none
batch-2-R004200,BATCH-2-CLM-0003936,none
batch-2-R004201,BATCH-2-CLM-0003937,none
batch-2-R004202,BATCH-2-CLM-0003938,none
batch-2-R004203,BATCH-2-CLM-0003939,none
batch-2-R004204,BATCH-2-CLM-0003940,none
batch-2-R004205,BATCH-2-CLM-0003941,none
batch-2-R004206,BATCH-2-CLM-0003942,none
batch-2-R004207,BATCH-2-CLM-0003943,none
batch-2-R004208,BATCH-2-CLM-0003944,none
batch-2-R004209,BATCH-2-CLM-0003945,none
batch-2-R004210,BATCH-2-CLM-0003946,none
batch-2-R004211,BATCH-2-CLM-0003947,none
batch-2-R004212,BATCH-2-CLM-0003948,none
batch-2-R004213,BATCH-2-CLM-0003949,none
batch-2-R004214,BATCH-2-CLM-0003950,none
batch-2-R004215,BATCH-2-CLM-0003951,none
batch-2-R004216,BATCH-2-CLM-0003952,none
batch-2-R004217,BATCH-2-CLM-0003953,none
batch-2-R004218,BATCH-2-CLM-0003954,none
batch-2-R004219,BATCH-2-CLM-0003955,none
batch-2-R004220,BATCH-2-CLM-0003956,none
batch-2-R004221,BATCH-2-CLM-0003957,none
batch-2-R004222,BATCH-2-CLM-0003958,none
batch-2-R004223,BATCH-2-CLM-0003959,none
batch-2-R004224,BATCH-2-CLM-0003960,none
batch-2-R004225,BATCH-2-CLM-0003961,none
batch-2-R004226,BATCH-2-CLM-0003962,none
batch-2-R004227,BATCH-2-CLM-0003963,none
batch-2-R004228,BATCH-2-CLM-0003964,none
batch-2-R004229,BATCH-2-CLM-0003965,none
batch-2-R004230,BATCH-2-CLM-0003966,none
batch-2-R004231,BATCH-2-CLM-0003967,none
batch-2-R004232,BATCH-2-CLM-0003950,none
batch-2-R004233,BATCH-2-CLM-0003967,none
batch-2-R004234,BATCH-2-CLM-0003968,none
batch-2-R004235,BATCH-2-CLM-0003969,none
batch-2-R004236,BATCH-2-CLM-0003970,none
batch-2-R004237,BATCH-2-CLM-0003971,none
batch-2-R004238,BATCH-2-CLM-0003972,none
batch-2-R004239,BATCH-2-CLM-0003973,none
batch-2-R004240,BATCH-2-CLM-0003974,none
batch-2-R004241,BATCH-2-CLM-0003975,none
batch-2-R004242,BATCH-2-CLM-0003976,none
batch-2-R004243,BATCH-2-CLM-0003977,none
batch-2-R004244,BATCH-2-CLM-0003978,none
batch-2-R004245,BATCH-2-CLM-0003979,none
batch-2-R004246,BATCH-2-CLM-0003980,none
batch-2-R004247,BATCH-2-CLM-0003981,none
batch-2-R004248,BATCH-2-CLM-0003982,none
batch-2-R004249,BATCH-2-CLM-0003983,none
batch-2-R004250,BATCH-2-CLM-0003984,none
batch-2-R004251,BATCH-2-CLM-0003985,none
batch-2-R004252,BATCH-2-CLM-0003986,none
batch-2-R004253,BATCH-2-CLM-0003987,none
batch-2-R004254,BATCH-2-CLM-0003988,none
batch-2-R004255,BATCH-2-CLM-0003989,none
batch-2-R004256,BATCH-2-CLM-0003990,none
batch-2-R004257,BATCH-2-CLM-0003991,none
batch-2-R004258,BATCH-2-CLM-0003992,none
batch-2-R004259,BATCH-2-CLM-0003993,none
batch-2-R004260,BATCH-2-CLM-0003994,none
batch-2-R004261,BATCH-2-CLM-0003995,none
batch-2-R004262,BATCH-2-CLM-0003996,none
batch-2-R004263,BATCH-2-CLM-0003997,none
batch-2-R004264,BATCH-2-CLM-0003998,none
batch-2-R004265,BATCH-2-CLM-0003999,none
batch-2-R004266,BATCH-2-CLM-0004000,none
batch-2-R004267,BATCH-2-CLM-0004001,none
batch-2-R004268,BATCH-2-CLM-0004002,none
batch-2-R004269,BATCH-2-CLM-0004003,none
batch-2-R004270,BATCH-2-CLM-0004004,none
batch-2-R004271,BATCH-2-CLM-0004005,none
batch-2-R004272,BATCH-2-CLM-0004006,none
batch-2-R004273,BATCH-2-CLM-0004007,none
batch-2-R004274,BATCH-2-CLM-0004008,none
batch-2-R004275,BATCH-2-CLM-0004009,none
batch-2-R004276,BATCH-2-CLM-0004010,none
batch-2-R004277,BATCH-2-CLM-0004011,none
batch-2-R004278,BATCH-2-CLM-0004012,none
batch-2-R004279,BATCH-2-CLM-0004013,none
batch-2-R004280,BATCH-2-CLM-0004014,none
batch-2-R004281,BATCH-2-CLM-0004015,none
batch-2-R004282,BATCH-2-CLM-0004016,none
batch-2-R004283,BATCH-2-CLM-0004017,none
batch-2-R004284,BATCH-2-CLM-0004018,none
batch-2-R004285,BATCH-2-CLM-0004019,none
batch-2-R004286,BATCH-2-CLM-0004020,none
batch-2-R004287,BATCH-2-CLM-0004021,none
batch-2-R004288,BATCH-2-CLM-0004022,none
batch-2-R004289,BATCH-2-CLM-0004023,none
batch-2-R004290,BATCH-2-CLM-0004024,none
batch-2-R004291,BATCH-2-CLM-0004025,none
batch-2-R004292,BATCH-2-CLM-0004026,none
batch-2-R004293,BATCH-2-CLM-0004027,none
batch-2-R004294,BATCH-2-CLM-0004028,none
batch-2-R004295,BATCH-2-CLM-0004029,none
batch-2-R004296,BATCH-2-CLM-0003999,none
batch-2-R004297,BATCH-2-CLM-0004003,none
batch-2-R004298,BATCH-2-CLM-0004030,none
batch-2-R004299,BATCH-2-CLM-0004031,none
batch-2-R004300,BATCH-2-CLM-0004032,none
batch-2-R004301,BATCH-2-CLM-0004033,none
batch-2-R004302,BATCH-2-CLM-0004034,none
batch-2-R004303,BATCH-2-CLM-0004035,none
batch-2-R004304,BATCH-2-CLM-0004036,none
batch-2-R004305,BATCH-2-CLM-0004037,none
batch-2-R004306,BATCH-2-CLM-0004038,none
batch-2-R004307,BATCH-2-CLM-0004039,none
batch-2-R004308,BATCH-2-CLM-0004040,none
batch-2-R004309,BATCH-2-CLM-0004041,none
batch-2-R004310,BATCH-2-CLM-0004042,none
batch-2-R004311,BATCH-2-CLM-0004043,none
batch-2-R004312,BATCH-2-CLM-0004044,none
batch-2-R004313,BATCH-2-CLM-0004045,none
batch-2-R004314,BATCH-2-CLM-0004046,none
batch-2-R004315,BATCH-2-CLM-0004047,none
batch-2-R004316,BATCH-2-CLM-0004048,none
batch-2-R004317,BATCH-2-CLM-0004049,none
batch-2-R004318,BATCH-2-CLM-0004050,none
batch-2-R004319,BATCH-2-CLM-0004051,none
batch-2-R004320,BATCH-2-CLM-0004052,none
batch-2-R004321,BATCH-2-CLM-0004053,none
batch-2-R004322,BATCH-2-CLM-0004054,none
batch-2-R004323,BATCH-2-CLM-0004055,none
batch-2-R004324,BATCH-2-CLM-0004056,none
batch-2-R004325,BATCH-2-CLM-0004057,none
batch-2-R004326,BATCH-2-CLM-0004058,none
batch-2-R004327,BATCH-2-CLM-0004059,none
batch-2-R004328,BATCH-2-CLM-0004060,none
batch-2-R004329,BATCH-2-CLM-0004061,none
batch-2-R004330,BATCH-2-CLM-0004062,none
batch-2-R004331,BATCH-2-CLM-0004063,none
batch-2-R004332,BATCH-2-CLM-0004064,none
batch-2-R004333,BATCH-2-CLM-0004065,none
batch-2-R004334,BATCH-2-CLM-0004066,none
batch-2-R004335,BATCH-2-CLM-0004067,none
batch-2-R004336,BATCH-2-CLM-0004068,none
batch-2-R004337,BATCH-2-CLM-0004069,none
batch-2-R004338,BATCH-2-CLM-0004070,none
batch-2-R004339,BATCH-2-CLM-0004071,none
batch-2-R004340,BATCH-2-CLM-0004072,none
batch-2-R004341,BATCH-2-CLM-0004073,none
batch-2-R004342,BATCH-2-CLM-0004074,none
batch-2-R004343,BATCH-2-CLM-0004075,none
batch-2-R004344,BATCH-2-CLM-0004076,none
batch-2-R004345,BATCH-2-CLM-0004077,none
batch-2-R004346,BATCH-2-CLM-0004078,none
batch-2-R004347,BATCH-2-CLM-0004079,none
batch-2-R004348,BATCH-2-CLM-0004080,none
batch-2-R004349,BATCH-2-CLM-0004081,none
batch-2-R004350,BATCH-2-CLM-0004082,none
batch-2-R004351,BATCH-2-CLM-0004083,none
batch-2-R004352,BATCH-2-CLM-0004084,none
batch-2-R004353,BATCH-2-CLM-0004085,none
batch-2-R004354,BATCH-2-CLM-0004086,none
batch-2-R004355,BATCH-2-CLM-0004087,none
batch-2-R004356,BATCH-2-CLM-0004088,none
batch-2-R004357,BATCH-2-CLM-0004089,none
batch-2-R004358,BATCH-2-CLM-0004090,none
batch-2-R004359,BATCH-2-CLM-0004091,none
batch-2-R004360,BATCH-2-CLM-0004092,none
batch-2-R004361,BATCH-2-CLM-0004093,none
batch-2-R004362,BATCH-2-CLM-0004094,none
batch-2-R004363,BATCH-2-CLM-0004095,none
batch-2-R004364,BATCH-2-CLM-0004096,none
batch-2-R004365,BATCH-2-CLM-0004097,none
batch-2-R004366,BATCH-2-CLM-0004098,none
batch-2-R004367,BATCH-2-CLM-0004099,none
batch-2-R004368,BATCH-2-CLM-0004100,none
batch-2-R004369,BATCH-2-CLM-0004101,none
batch-2-R004370,BATCH-2-CLM-0004102,none
batch-2-R004371,BATCH-2-CLM-0004103,none
batch-2-R004372,BATCH-2-CLM-0004104,none
batch-2-R004373,BATCH-2-CLM-0004105,none
batch-2-R004374,BATCH-2-CLM-0004106,none
batch-2-R004375,BATCH-2-CLM-0004107,none
batch-2-R004376,BATCH-2-CLM-0004108,none
batch-2-R004377,BATCH-2-CLM-0004109,none
batch-2-R004378,BATCH-2-CLM-0004110,none
batch-2-R004379,BATCH-2-CLM-0004111,none
batch-2-R004380,BATCH-2-CLM-0004112,none
batch-2-R004381,BATCH-2-CLM-0004113,none
batch-2-R004382,BATCH-2-CLM-0004114,none
batch-2-R004383,BATCH-2-CLM-0004115,none
batch-2-R004384,BATCH-2-CLM-0004116,none
batch-2-R004385,BATCH-2-CLM-0004117,none
batch-2-R004386,BATCH-2-CLM-0004118,none
batch-2-R004387,BATCH-2-CLM-0004119,none
batch-2-R004388,BATCH-2-CLM-0004120,none
batch-2-R004389,BATCH-2-CLM-0004121,none
batch-2-R004390,BATCH-2-CLM-0004122,none
batch-2-R004391,BATCH-2-CLM-0004123,none
batch-2-R004392,BATCH-2-CLM-0004124,none
batch-2-R004393,BATCH-2-CLM-0004125,none
batch-2-R004394,BATCH-2-CLM-0004126,none
batch-2-R004395,BATCH-2-CLM-0004127,none
batch-2-R004396,BATCH-2-CLM-0004128,none
batch-2-R004397,BATCH-2-CLM-0004129,none
batch-2-R004398,BATCH-2-CLM-0004130,none
batch-2-R004399,BATCH-2-CLM-0004131,none
batch-2-R004400,BATCH-2-CLM-0004132,none
batch-2-R004401,BATCH-2-CLM-0004133,none
batch-2-R004402,BATCH-2-CLM-0004134,none
batch-2-R004403,BATCH-2-CLM-0004135,none
batch-2-R004404,BATCH-2-CLM-0004136,none
batch-2-R004405,BATCH-2-CLM-0004137,none
batch-2-R004406,BATCH-2-CLM-0004138,none
batch-2-R004407,BATCH-2-CLM-0004139,none
batch-2-R004408,BATCH-2-CLM-0004140,none
batch-2-R004409,BATCH-2-CLM-0004141,none
batch-2-R004410,BATCH-2-CLM-0004142,none
batch-2-R004411,BATCH-2-CLM-0004143,none
batch-2-R004412,BATCH-2-CLM-0004144,none
batch-2-R004413,BATCH-2-CLM-0004145,none
batch-2-R004414,BATCH-2-CLM-0004146,none
batch-2-R004415,BATCH-2-CLM-0004147,none
batch-2-R004416,BATCH-2-CLM-0004148,none
batch-2-R004417,BATCH-2-CLM-0004149,none
batch-2-R004418,BATCH-2-CLM-0004150,none
batch-2-R004419,BATCH-2-CLM-0004151,none
batch-2-R004420,BATCH-2-CLM-0004152,none
batch-2-R004421,BATCH-2-CLM-0004153,none
batch-2-R004422,BATCH-2-CLM-0004154,none
batch-2-R004423,BATCH-2-CLM-0004155,none
batch-2-R004424,BATCH-2-CLM-0004156,none
batch-2-R004425,BATCH-2-CLM-0004157,none
batch-2-R004426,BATCH-2-CLM-0004158,none
batch-2-R004427,BATCH-2-CLM-0004104,none
batch-2-R004428,BATCH-2-CLM-0004108,none
batch-2-R004429,BATCH-2-CLM-0004113,none
batch-2-R004430,BATCH-2-CLM-0004145,none
batch-2-R004431,BATCH-2-CLM-0004159,none
batch-2-R004432,BATCH-2-CLM-0004160,none
batch-2-R004433,BATCH-2-CLM-0004161,none
batch-2-R004434,BATCH-2-CLM-0004162,none
batch-2-R004435,BATCH-2-CLM-0004163,none
batch-2-R004436,BATCH-2-CLM-0004164,none
batch-2-R004437,BATCH-2-CLM-0004165,none
batch-2-R004438,BATCH-2-CLM-0004166,none
batch-2-R004439,BATCH-2-CLM-0004167,none
batch-2-R004440,BATCH-2-CLM-0004168,none
batch-2-R004441,BATCH-2-CLM-0004169,none
batch-2-R004442,BATCH-2-CLM-0004170,none
batch-2-R004443,BATCH-2-CLM-0004171,none
batch-2-R004444,BATCH-2-CLM-0004172,none
batch-2-R004445,BATCH-2-CLM-0004173,none
batch-2-R004446,BATCH-2-CLM-0004174,none
batch-2-R004447,BATCH-2-CLM-0004175,none
batch-2-R004448,BATCH-2-CLM-0004176,none
batch-2-R004449,BATCH-2-CLM-0004177,none
batch-2-R004450,BATCH-2-CLM-0004178,none
batch-2-R004451,BATCH-2-CLM-0004179,none
batch-2-R004452,BATCH-2-CLM-0004180,none
batch-2-R004453,BATCH-2-CLM-0004181,none
batch-2-R004454,BATCH-2-CLM-0004182,none
batch-2-R004455,BATCH-2-CLM-0004183,none
batch-2-R004456,BATCH-2-CLM-0004184,none
batch-2-R004457,BATCH-2-CLM-0004185,none
batch-2-R004458,BATCH-2-CLM-0004186,none
batch-2-R004459,BATCH-2-CLM-0004187,none
batch-2-R004460,BATCH-2-CLM-0004188,none
batch-2-R004461,BATCH-2-CLM-0004189,none
batch-2-R004462,BATCH-2-CLM-0004190,none
batch-2-R004463,BATCH-2-CLM-0004191,none
batch-2-R004464,BATCH-2-CLM-0004192,none
batch-2-R004465,BATCH-2-CLM-0004193,none
batch-2-R004466,BATCH-2-CLM-0004194,none
batch-2-R004467,BATCH-2-CLM-0004195,none
batch-2-R004468,BATCH-2-CLM-0004196,none
batch-2-R004469,BATCH-2-CLM-0004197,none
batch-2-R004470,BATCH-2-CLM-0004198,none
batch-2-R004471,BATCH-2-CLM-0004199,none
batch-2-R004472,BATCH-2-CLM-0004200,none
batch-2-R004473,BATCH-2-CLM-0004201,none
batch-2-R004474,BATCH-2-CLM-0004202,none
batch-2-R004475,BATCH-2-CLM-0004203,none
batch-2-R004476,BATCH-2-CLM-0004204,none
batch-2-R004477,BATCH-2-CLM-0004205,none
batch-2-R004478,BATCH-2-CLM-0004206,none
batch-2-R004479,BATCH-2-CLM-0004207,none
batch-2-R004480,BATCH-2-CLM-0004208,none
batch-2-R004481,BATCH-2-CLM-0004209,none
batch-2-R004482,BATCH-2-CLM-0004210,none
batch-2-R004483,BATCH-2-CLM-0004211,none
batch-2-R004484,BATCH-2-CLM-0004212,none
batch-2-R004485,BATCH-2-CLM-0004213,none
batch-2-R004486,BATCH-2-CLM-0004176,none
batch-2-R004487,BATCH-2-CLM-0004214,none
batch-2-R004488,BATCH-2-CLM-0004215,none
batch-2-R004489,BATCH-2-CLM-0004216,none
batch-2-R004490,BATCH-2-CLM-0004217,none
batch-2-R004491,BATCH-2-CLM-0004218,none
batch-2-R004492,BATCH-2-CLM-0004219,none
batch-2-R004493,BATCH-2-CLM-0004220,none
batch-2-R004494,BATCH-2-CLM-0004221,none
batch-2-R004495,BATCH-2-CLM-0004222,none
batch-2-R004496,BATCH-2-CLM-0004223,none
batch-2-R004497,BATCH-2-CLM-0004224,none
batch-2-R004498,BATCH-2-CLM-0004225,none
batch-2-R004499,BATCH-2-CLM-0004226,none
batch-2-R004500,BATCH-2-CLM-0004227,none
batch-2-R004501,BATCH-2-CLM-0004228,none
batch-2-R004502,BATCH-2-CLM-0004229,none
batch-2-R004503,BATCH-2-CLM-0004230,none
batch-2-R004504,BATCH-2-CLM-0004231,none
batch-2-R004505,BATCH-2-CLM-0004232,none
batch-2-R004506,BATCH-2-CLM-0004233,none
batch-2-R004507,BATCH-2-CLM-0004234,none
batch-2-R004508,BATCH-2-CLM-0004235,none
batch-2-R004509,BATCH-2-CLM-0004236,none
batch-2-R004510,BATCH-2-CLM-0004237,none
batch-2-R004511,BATCH-2-CLM-0004238,none
batch-2-R004512,BATCH-2-CLM-0004239,none
batch-2-R004513,BATCH-2-CLM-0004240,none
batch-2-R004514,BATCH-2-CLM-0004241,none
batch-2-R004515,BATCH-2-CLM-0004242,none
batch-2-R004516,BATCH-2-CLM-0004243,none
batch-2-R004517,BATCH-2-CLM-0004244,none
batch-2-R004518,BATCH-2-CLM-0004245,none
batch-2-R004519,BATCH-2-CLM-0004246,none
batch-2-R004520,BATCH-2-CLM-0004247,none
batch-2-R004521,BATCH-2-CLM-0004248,none
batch-2-R004522,BATCH-2-CLM-0004249,none
batch-2-R004523,BATCH-2-CLM-0004250,none
batch-2-R004524,BATCH-2-CLM-0004251,none
batch-2-R004525,BATCH-2-CLM-0004252,none
batch-2-R004526,BATCH-2-CLM-0004253,none
batch-2-R004527,BATCH-2-CLM-0004254,none
batch-2-R004528,BATCH-2-CLM-0004255,none
batch-2-R004529,BATCH-2-CLM-0004256,none
batch-2-R004530,BATCH-2-CLM-0004257,none
batch-2-R004531,BATCH-2-CLM-0004258,none
batch-2-R004532,BATCH-2-CLM-0004259,none
batch-2-R004533,BATCH-2-CLM-0004260,none
batch-2-R004534,BATCH-2-CLM-0004261,none
batch-2-R004535,BATCH-2-CLM-0004262,none
batch-2-R004536,BATCH-2-CLM-0004263,none
batch-2-R004537,BATCH-2-CLM-0004264,none
batch-2-R004538,BATCH-2-CLM-0004265,none
batch-2-R004539,BATCH-2-CLM-0004219,none
batch-2-R004540,BATCH-2-CLM-0004234,none
batch-2-R004541,BATCH-2-CLM-0004266,none
batch-2-R004542,BATCH-2-CLM-0004267,none
batch-2-R004543,BATCH-2-CLM-0004268,none
batch-2-R004544,BATCH-2-CLM-0004269,none
batch-2-R004545,BATCH-2-CLM-0004270,none
batch-2-R004546,BATCH-2-CLM-0004271,none
batch-2-R004547,BATCH-2-CLM-0004272,none
batch-2-R004548,BATCH-2-CLM-0004273,none
batch-2-R004549,BATCH-2-CLM-0004274,none
batch-2-R004550,BATCH-2-CLM-0004275,none
batch-2-R004551,BATCH-2-CLM-0004276,none
batch-2-R004552,BATCH-2-CLM-0004277,none
batch-2-R004553,BATCH-2-CLM-0004278,none
batch-2-R004554,BATCH-2-CLM-0004279,none
batch-2-R004555,BATCH-2-CLM-0004280,none
batch-2-R004556,BATCH-2-CLM-0004281,none
batch-2-R004557,BATCH-2-CLM-0004282,none
batch-2-R004558,BATCH-2-CLM-0004283,none
batch-2-R004559,BATCH-2-CLM-0004284,none
batch-2-R004560,BATCH-2-CLM-0004285,none
batch-2-R004561,BATCH-2-CLM-0004286,none
batch-2-R004562,BATCH-2-CLM-0004287,none
batch-2-R004563,BATCH-2-CLM-0004288,none
batch-2-R004564,BATCH-2-CLM-0004289,none
batch-2-R004565,BATCH-2-CLM-0004290,none
batch-2-R004566,BATCH-2-CLM-0004291,none
batch-2-R004567,BATCH-2-CLM-0004292,none
batch-2-R004568,BATCH-2-CLM-0004293,none
batch-2-R004569,BATCH-2-CLM-0004294,none
batch-2-R004570,BATCH-2-CLM-0004295,none
batch-2-R004571,BATCH-2-CLM-0004296,none
batch-2-R004572,BATCH-2-CLM-0004297,none
batch-2-R004573,BATCH-2-CLM-0004298,none
batch-2-R004574,BATCH-2-CLM-0004299,none
batch-2-R004575,BATCH-2-CLM-0004300,none
batch-2-R004576,BATCH-2-CLM-0004301,none
batch-2-R004577,BATCH-2-CLM-0004302,none
batch-2-R004578,BATCH-2-CLM-0004303,none
batch-2-R004579,BATCH-2-CLM-0004304,none
batch-2-R004580,BATCH-2-CLM-0004305,none
batch-2-R004581,BATCH-2-CLM-0004306,none
batch-2-R004582,BATCH-2-CLM-0004307,none
batch-2-R004583,BATCH-2-CLM-0004308,none
batch-2-R004584,BATCH-2-CLM-0004309,none
batch-2-R004585,BATCH-2-CLM-0004310,none
batch-2-R004586,BATCH-2-CLM-0004311,none
batch-2-R004587,BATCH-2-CLM-0004312,none
batch-2-R004588,BATCH-2-CLM-0004313,none
batch-2-R004589,BATCH-2-CLM-0004314,none
batch-2-R004590,BATCH-2-CLM-0004315,none
batch-2-R004591,BATCH-2-CLM-0004316,none
batch-2-R004592,BATCH-2-CLM-0004317,none
batch-2-R004593,BATCH-2-CLM-0004318,none
batch-2-R004594,BATCH-2-CLM-0004319,none
batch-2-R004595,BATCH-2-CLM-0004320,none
batch-2-R004596,BATCH-2-CLM-0004321,none
batch-2-R004597,BATCH-2-CLM-0004322,none
batch-2-R004598,BATCH-2-CLM-0004323,none
batch-2-R004599,BATCH-2-CLM-0004324,none
batch-2-R004600,BATCH-2-CLM-0004325,distribution_shift
batch-2-R004601,BATCH-2-CLM-0004326,none
batch-2-R004602,BATCH-2-CLM-0004327,distribution_shift
batch-2-R004603,BATCH-2-CLM-0004328,none
batch-2-R004604,BATCH-2-CLM-0004329,distribution_shift
batch-2-R004605,BATCH-2-CLM-0004330,none
batch-2-R004606,BATCH-2-CLM-0004331,distribution_shift
batch-2-R004607,BATCH-2-CLM-0004332,distribution_shift
batch-2-R004608,BATCH-2-CLM-0004333,none
batch-2-R004609,BATCH-2-CLM-0004334,none
batch-2-R004610,BATCH-2-CLM-0004320,none
batch-2-R004611,BATCH-2-CLM-0004289,distribution_shift
batch-2-R004612,BATCH-2-CLM-0004301,distribution_shift
batch-2-R004613,BATCH-2-CLM-0004335,none
batch-2-R004614,BATCH-2-CLM-0004336,distribution_shift
batch-2-R004615,BATCH-2-CLM-0004337,none
batch-2-R004616,BATCH-2-CLM-0004338,distribution_shift
batch-2-R004617,BATCH-2-CLM-0004339,none
batch-2-R004618,BATCH-2-CLM-0004340,distribution_shift
batch-2-R004619,BATCH-2-CLM-0004341,distribution_shift
batch-2-R004620,BATCH-2-CLM-0004342,distribution_shift
batch-2-R004621,BATCH-2-CLM-0004343,none
batch-2-R004622,BATCH-2-CLM-0004344,distribution_shift
batch-2-R004623,BATCH-2-CLM-0004345,distribution_shift
batch-2-R004624,BATCH-2-CLM-0004346,none
batch-2-R004625,BATCH-2-CLM-0004347,distribution_shift
batch-2-R004626,BATCH-2-CLM-0004348,distribution_shift
batch-2-R004627,BATCH-2-CLM-0004349,distribution_shift
batch-2-R004628,BATCH-2-CLM-0004350,distribution_shift
batch-2-R004629,BATCH-2-CLM-0004351,distribution_shift
batch-2-R004630,BATCH-2-CLM-0004352,distribution_shift
batch-2-R004631,BATCH-2-CLM-0004353,distribution_shift
batch-2-R004632,BATCH-2-CLM-0004354,distribution_shift
batch-2-R004633,BATCH-2-CLM-0004355,distribution_shift
batch-2-R004634,BATCH-2-CLM-0004356,distribution_shift
batch-2-R004635,BATCH-2-CLM-0004357,none
batch-2-R004636,BATCH-2-CLM-0004358,distribution_shift
batch-2-R004637,BATCH-2-CLM-0004359,none
batch-2-R004638,BATCH-2-CLM-0004360,distribution_shift
batch-2-R004639,BATCH-2-CLM-0004361,none
batch-2-R004640,BATCH-2-CLM-0004362,distribution_shift
batch-2-R004641,BATCH-2-CLM-0004363,distribution_shift
batch-2-R004642,BATCH-2-CLM-0004364,distribution_shift
batch-2-R004643,BATCH-2-CLM-0004365,distribution_shift
batch-2-R004644,BATCH-2-CLM-0004366,distribution_shift
batch-2-R004645,BATCH-2-CLM-0004367,none
batch-2-R004646,BATCH-2-CLM-0004368,none
batch-2-R004647,BATCH-2-CLM-0004369,none
batch-2-R004648,BATCH-2-CLM-0004370,none
batch-2-R004649,BATCH-2-CLM-0004371,distribution_shift
batch-2-R004650,BATCH-2-CLM-0004372,distribution_shift
batch-2-R004651,BATCH-2-CLM-0004373,distribution_shift
batch-2-R004652,BATCH-2-CLM-0004374,distribution_shift
batch-2-R004653,BATCH-2-CLM-0004375,distribution_shift
batch-2-R004654,BATCH-2-CLM-0004376,none
batch-2-R004655,BATCH-2-CLM-0004377,none
batch-2-R004656,BATCH-2-CLM-0004378,distribution_shift
batch-2-R004657,BATCH-2-CLM-0004379,none
batch-2-R004658,BATCH-2-CLM-0004380,distribution_shift
batch-2-R004659,BATCH-2-CLM-0004381,distribution_shift
batch-2-R004660,BATCH-2-CLM-0004382,none
batch-2-R004661,BATCH-2-CLM-0004383,none
batch-2-R004662,BATCH-2-CLM-0004384,none
batch-2-R004663,BATCH-2-CLM-0004385,distribution_shift
batch-2-R004664,BATCH-2-CLM-0004386,none
batch-2-R004665,BATCH-2-CLM-0004387,distribution_shift
batch-2-R004666,BATCH-2-CLM-0004388,none
batch-2-R004667,BATCH-2-CLM-0004374,distribution_shift
batch-2-R004668,BATCH-2-CLM-0004371,distribution_shift
batch-2-R004669,BATCH-2-CLM-0004365,none
batch-2-R004670,BATCH-2-CLM-0004381,distribution_shift
batch-2-R004671,BATCH-2-CLM-0004345,distribution_shift
batch-2-R004672,BATCH-2-CLM-0004389,distribution_shift
batch-2-R004673,BATCH-2-CLM-0004390,none
batch-2-R004674,BATCH-2-CLM-0004391,distribution_shift
batch-2-R004675,BATCH-2-CLM-0004392,none
batch-2-R004676,BATCH-2-CLM-0004393,none
batch-2-R004677,BATCH-2-CLM-0004394,distribution_shift
batch-2-R004678,BATCH-2-CLM-0004395,none
batch-2-R004679,BATCH-2-CLM-0004396,none
batch-2-R004680,BATCH-2-CLM-0004397,none
batch-2-R004681,BATCH-2-CLM-0004398,distribution_shift
batch-2-R004682,BATCH-2-CLM-0004399,none
batch-2-R004683,BATCH-2-CLM-0004400,distribution_shift
batch-2-R004684,BATCH-2-CLM-0004401,none
batch-2-R004685,BATCH-2-CLM-0004402,distribution_shift
batch-2-R004686,BATCH-2-CLM-0004403,distribution_shift
batch-2-R004687,BATCH-2-CLM-0004404,distribution_shift
batch-2-R004688,BATCH-2-CLM-0004405,distribution_shift
batch-2-R004689,BATCH-2-CLM-0004406,distribution_shift
batch-2-R004690,BATCH-2-CLM-0004407,none
batch-2-R004691,BATCH-2-CLM-0004408,distribution_shift
batch-2-R004692,BATCH-2-CLM-0004409,distribution_shift
batch-2-R004693,BATCH-2-CLM-0004410,distribution_shift
batch-2-R004694,BATCH-2-CLM-0004411,distribution_shift
batch-2-R004695,BATCH-2-CLM-0004412,distribution_shift
batch-2-R004696,BATCH-2-CLM-0004413,none
batch-2-R004697,BATCH-2-CLM-0004414,distribution_shift
batch-2-R004698,BATCH-2-CLM-0004415,none
batch-2-R004699,BATCH-2-CLM-0004416,distribution_shift
batch-2-R004700,BATCH-2-CLM-0004417,distribution_shift
batch-2-R004701,BATCH-2-CLM-0004418,none
batch-2-R004702,BATCH-2-CLM-0004419,none
batch-2-R004703,BATCH-2-CLM-0004420,distribution_shift
batch-2-R004704,BATCH-2-CLM-0004421,none
batch-2-R004705,BATCH-2-CLM-0004422,none
batch-2-R004706,BATCH-2-CLM-0004423,none
batch-2-R004707,BATCH-2-CLM-0004424,none
batch-2-R004708,BATCH-2-CLM-0004425,none
batch-2-R004709,BATCH-2-CLM-0004426,distribution_shift
batch-2-R004710,BATCH-2-CLM-0004427,distribution_shift
batch-2-R004711,BATCH-2-CLM-0004428,distribution_shift
batch-2-R004712,BATCH-2-CLM-0004429,none
batch-2-R004713,BATCH-2-CLM-0004430,distribution_shift
batch-2-R004714,BATCH-2-CLM-0004431,none
batch-2-R004715,BATCH-2-CLM-0004432,distribution_shift
batch-2-R004716,BATCH-2-CLM-0004433,distribution_shift
batch-2-R004717,BATCH-2-CLM-0004434,none
batch-2-R004718,BATCH-2-CLM-0004435,distribution_shift
batch-2-R004719,BATCH-2-CLM-0004436,distribution_shift
batch-2-R004720,BATCH-2-CLM-0004437,none
batch-2-R004721,BATCH-2-CLM-0004438,distribution_shift
batch-2-R004722,BATCH-2-CLM-0004439,distribution_shift
batch-2-R004723,BATCH-2-CLM-0004440,distribution_shift
batch-2-R004724,BATCH-2-CLM-0004441,none
batch-2-R004725,BATCH-2-CLM-0004442,none
batch-2-R004726,BATCH-2-CLM-0004443,none
batch-2-R004727,BATCH-2-CLM-0004444,none
batch-2-R004728,BATCH-2-CLM-0004445,none
batch-2-R004729,BATCH-2-CLM-0004446,none
batch-2-R004730,BATCH-2-CLM-0004447,none
batch-2-R004731,BATCH-2-CLM-0004448,none
batch-2-R004732,BATCH-2-CLM-0004449,none
batch-2-R004733,BATCH-2-CLM-0004450,none
batch-2-R004734,BATCH-2-CLM-0004451,none
batch-2-R004735,BATCH-2-CLM-0004452,none
batch-2-R004736,BATCH-2-CLM-0004453,none
batch-2-R004737,BATCH-2-CLM-0004416,none
batch-2-R004738,BATCH-2-CLM-0004398,none
batch-2-R004739,BATCH-2-CLM-0004454,none
batch-2-R004740,BATCH-2-CLM-0004455,none
batch-2-R004741,BATCH-2-CLM-0004456,none
batch-2-R004742,BATCH-2-CLM-0004457,none
batch-2-R004743,BATCH-2-CLM-0004458,none
batch-2-R004744,BATCH-2-CLM-0004459,none
batch-2-R004745,BATCH-2-CLM-0004460,none
batch-2-R004746,BATCH-2-CLM-0004461,none
batch-2-R004747,BATCH-2-CLM-0004462,none
batch-2-R004748,BATCH-2-CLM-0004463,none
batch-2-R004749,BATCH-2-CLM-0004464,none
batch-2-R004750,BATCH-2-CLM-0004465,none
batch-2-R004751,BATCH-2-CLM-0004466,none
batch-2-R004752,BATCH-2-CLM-0004467,none
batch-2-R004753,BATCH-2-CLM-0004468,none
batch-2-R004754,BATCH-2-CLM-0004469,none
batch-2-R004755,BATCH-2-CLM-0004470,none
batch-2-R004756,BATCH-2-CLM-0004471,none
batch-2-R004757,BATCH-2-CLM-0004472,none
batch-2-R004758,BATCH-2-CLM-0004473,none
batch-2-R004759,BATCH-2-CLM-0004474,none
batch-2-R004760,BATCH-2-CLM-0004475,none
batch-2-R004761,BATCH-2-CLM-0004476,none
batch-2-R004762,BATCH-2-CLM-0004477,none
batch-2-R004763,BATCH-2-CLM-0004478,none
batch-2-R004764,BATCH-2-CLM-0004479,none
batch-2-R004765,BATCH-2-CLM-0004480,none
batch-2-R004766,BATCH-2-CLM-0004481,none
batch-2-R004767,BATCH-2-CLM-0004482,none
batch-2-R004768,BATCH-2-CLM-0004483,none
batch-2-R004769,BATCH-2-CLM-0004484,none
batch-2-R004770,BATCH-2-CLM-0004485,none
batch-2-R004771,BATCH-2-CLM-0004486,none
batch-2-R004772,BATCH-2-CLM-0004487,none
batch-2-R004773,BATCH-2-CLM-0004488,none
batch-2-R004774,BATCH-2-CLM-0004489,none
batch-2-R004775,BATCH-2-CLM-0004490,none
batch-2-R004776,BATCH-2-CLM-0004491,none
batch-2-R004777,BATCH-2-CLM-0004492,none
batch-2-R004778,BATCH-2-CLM-0004493,none
batch-2-R004779,BATCH-2-CLM-0004494,none
batch-2-R004780,BATCH-2-CLM-0004495,none
batch-2-R004781,BATCH-2-CLM-0004496,none
batch-2-R004782,BATCH-2-CLM-0004497,none
batch-2-R004783,BATCH-2-CLM-0004498,none
batch-2-R004784,BATCH-2-CLM-0004499,none
batch-2-R004785,BATCH-2-CLM-0004500,none
batch-2-R004786,BATCH-2-CLM-0004501,none
batch-2-R004787,BATCH-2-CLM-0004502,none
batch-2-R004788,BATCH-2-CLM-0004503,none
batch-2-R004789,BATCH-2-CLM-0004504,none
batch-2-R004790,BATCH-2-CLM-0004505,none
batch-2-R004791,BATCH-2-CLM-0004506,none
batch-2-R004792,BATCH-2-CLM-0004507,none
batch-2-R004793,BATCH-2-CLM-0004508,none
batch-2-R004794,BATCH-2-CLM-0004509,none
batch-2-R004795,BATCH-2-CLM-0004510,none
batch-2-R004796,BATCH-2-CLM-0004511,none
batch-2-R004797,BATCH-2-CLM-0004512,none
batch-2-R004798,BATCH-2-CLM-0004513,none
batch-2-R004799,BATCH-2-CLM-0004514,none
batch-2-R004800,BATCH-2-CLM-0004515,none
batch-2-R004801,BATCH-2-CLM-0004516,none
batch-2-R004802,BATCH-2-CLM-0004517,none
batch-2-R004803,BATCH-2-CLM-0004518,none
batch-2-R004804,BATCH-2-CLM-0004519,none
batch-2-R004805,BATCH-2-CLM-0004520,none
batch-2-R004806,BATCH-2-CLM-0004521,none
batch-2-R004807,BATCH-2-CLM-0004522,none
batch-2-R004808,BATCH-2-CLM-0004523,none
batch-2-R004809,BATCH-2-CLM-0004524,none
batch-2-R004810,BATCH-2-CLM-0004525,none
batch-2-R004811,BATCH-2-CLM-0004526,none
batch-2-R004812,BATCH-2-CLM-0004527,none
batch-2-R004813,BATCH-2-CLM-0004528,none
batch-2-R004814,BATCH-2-CLM-0004502,none
batch-2-R004815,BATCH-2-CLM-0004490,none
batch-2-R004816,BATCH-2-CLM-0004524,none
batch-2-R004817,BATCH-2-CLM-0004476,none
batch-2-R004818,BATCH-2-CLM-0004497,none
batch-2-R004819,BATCH-2-CLM-0004529,none
batch-2-R004820,BATCH-2-CLM-0004530,none
batch-2-R004821,BATCH-2-CLM-0004531,none
batch-2-R004822,BATCH-2-CLM-0004532,none
batch-2-R004823,BATCH-2-CLM-0004533,none
batch-2-R004824,BATCH-2-CLM-0004534,none
batch-2-R004825,BATCH-2-CLM-0004535,none
batch-2-R004826,BATCH-2-CLM-0004536,none
batch-2-R004827,BATCH-2-CLM-0004537,none
batch-2-R004828,BATCH-2-CLM-0004538,none
batch-2-R004829,BATCH-2-CLM-0004539,none
batch-2-R004830,BATCH-2-CLM-0004540,none
batch-2-R004831,BATCH-2-CLM-0004541,none
batch-2-R004832,BATCH-2-CLM-0004542,none
batch-2-R004833,BATCH-2-CLM-0004543,none
batch-2-R004834,BATCH-2-CLM-0004544,none
batch-2-R004835,BATCH-2-CLM-0004545,none
batch-2-R004836,BATCH-2-CLM-0004546,none
batch-2-R004837,BATCH-2-CLM-0004547,none
batch-2-R004838,BATCH-2-CLM-0004548,none
batch-2-R004839,BATCH-2-CLM-0004549,none
batch-2-R004840,BATCH-2-CLM-0004550,none
batch-2-R004841,BATCH-2-CLM-0004551,none
batch-2-R004842,BATCH-2-CLM-0004552,none
batch-2-R004843,BATCH-2-CLM-0004553,none
batch-2-R004844,BATCH-2-CLM-0004554,none
batch-2-R004845,BATCH-2-CLM-0004555,none
batch-2-R004846,BATCH-2-CLM-0004556,none
batch-2-R004847,BATCH-2-CLM-0004557,none
batch-2-R004848,BATCH-2-CLM-0004558,none
batch-2-R004849,BATCH-2-CLM-0004559,none
batch-2-R004850,BATCH-2-CLM-0004560,none
batch-2-R004851,BATCH-2-CLM-0004561,none
batch-2-R004852,BATCH-2-CLM-0004562,none
batch-2-R004853,BATCH-2-CLM-0004563,none
batch-2-R004854,BATCH-2-CLM-0004564,none
batch-2-R004855,BATCH-2-CLM-0004565,none
batch-2-R004856,BATCH-2-CLM-0004566,none
batch-2-R004857,BATCH-2-CLM-0004567,none
batch-2-R004858,BATCH-2-CLM-0004568,none
batch-2-R004859,BATCH-2-CLM-0004569,none
batch-2-R004860,BATCH-2-CLM-0004570,none
batch-2-R004861,BATCH-2-CLM-0004571,none
batch-2-R004862,BATCH-2-CLM-0004572,none
batch-2-R004863,BATCH-2-CLM-0004573,none
batch-2-R004864,BATCH-2-CLM-0004574,none
batch-2-R004865,BATCH-2-CLM-0004575,none
batch-2-R004866,BATCH-2-CLM-0004576,none
batch-2-R004867,BATCH-2-CLM-0004577,none
batch-2-R004868,BATCH-2-CLM-0004578,none
batch-2-R004869,BATCH-2-CLM-0004579,none
batch-2-R004870,BATCH-2-CLM-0004580,none
batch-2-R004871,BATCH-2-CLM-0004581,none
batch-2-R004872,BATCH-2-CLM-0004582,none
batch-2-R004873,BATCH-2-CLM-0004583,none
batch-2-R004874,BATCH-2-CLM-0004584,none
batch-2-R004875,BATCH-2-CLM-0004585,none
batch-2-R004876,BATCH-2-CLM-0004586,none
batch-2-R004877,BATCH-2-CLM-0004587,none
batch-2-R004878,BATCH-2-CLM-0004588,none
batch-2-R004879,BATCH-2-CLM-0004589,none
batch-2-R004880,BATCH-2-CLM-0004590,none
batch-2-R004881,BATCH-2-CLM-0004572,none
batch-2-R004882,BATCH-2-CLM-0004535,none
batch-2-R004883,BATCH-2-CLM-0004591,none
batch-2-R004884,BATCH-2-CLM-0004592,none
batch-2-R004885,BATCH-2-CLM-0004593,none
batch-2-R004886,BATCH-2-CLM-0004594,none
batch-2-R004887,BATCH-2-CLM-0004595,none
batch-2-R004888,BATCH-2-CLM-0004596,none
batch-2-R004889,BATCH-2-CLM-0004597,none
batch-2-R004890,BATCH-2-CLM-0004598,none
batch-2-R004891,BATCH-2-CLM-0004599,none
batch-2-R004892,BATCH-2-CLM-0004600,none
batch-2-R004893,BATCH-2-CLM-0004601,none
batch-2-R004894,BATCH-2-CLM-0004602,none
batch-2-R004895,BATCH-2-CLM-0004603,none
batch-2-R004896,BATCH-2-CLM-0004604,none
batch-2-R004897,BATCH-2-CLM-0004605,none
batch-2-R004898,BATCH-2-CLM-0004606,none
batch-2-R004899,BATCH-2-CLM-0004607,none
batch-2-R004900,BATCH-2-CLM-0004608,none
batch-2-R004901,BATCH-2-CLM-0004609,none
batch-2-R004902,BATCH-2-CLM-0004610,none
batch-2-R004903,BATCH-2-CLM-0004611,none
batch-2-R004904,BATCH-2-CLM-0004612,none
batch-2-R004905,BATCH-2-CLM-0004613,none
batch-2-R004906,BATCH-2-CLM-0004614,none
batch-2-R004907,BATCH-2-CLM-0004615,none
batch-2-R004908,BATCH-2-CLM-0004616,none
batch-2-R004909,BATCH-2-CLM-0004617,none
batch-2-R004910,BATCH-2-CLM-0004618,none
batch-2-R004911,BATCH-2-CLM-0004619,none
batch-2-R004912,BATCH-2-CLM-0004620,none
batch-2-R004913,BATCH-2-CLM-0004621,none
batch-2-R004914,BATCH-2-CLM-0004622,none
batch-2-R004915,BATCH-2-CLM-0004623,none
batch-2-R004916,BATCH-2-CLM-0004624,none
batch-2-R004917,BATCH-2-CLM-0004625,none
batch-2-R004918,BATCH-2-CLM-0004626,none
batch-2-R004919,BATCH-2-CLM-0004627,none
batch-2-R004920,BATCH-2-CLM-0004628,none
batch-2-R004921,BATCH-2-CLM-0004629,none
batch-2-R004922,BATCH-2-CLM-0004630,none
batch-2-R004923,BATCH-2-CLM-0004631,none
batch-2-R004924,BATCH-2-CLM-0004632,none
batch-2-R004925,BATCH-2-CLM-0004633,none
batch-2-R004926,BATCH-2-CLM-0004634,none
batch-2-R004927,BATCH-2-CLM-0004635,none
batch-2-R004928,BATCH-2-CLM-0004636,none
batch-2-R004929,BATCH-2-CLM-0004637,none
batch-2-R004930,BATCH-2-CLM-0004638,none
batch-2-R004931,BATCH-2-CLM-0004639,none
batch-2-R004932,BATCH-2-CLM-0004640,none
batch-2-R004933,BATCH-2-CLM-0004605,none
batch-2-R004934,BATCH-2-CLM-0004613,none
batch-2-R004935,BATCH-2-CLM-0004641,none
batch-2-R004936,BATCH-2-CLM-0004642,none
batch-2-R004937,BATCH-2-CLM-0004643,none
batch-2-R004938,BATCH-2-CLM-0004644,none
batch-2-R004939,BATCH-2-CLM-0004645,none
batch-2-R004940,BATCH-2-CLM-0004646,none
batch-2-R004941,BATCH-2-CLM-0004647,none
batch-2-R004942,BATCH-2-CLM-0004648,none
batch-2-R004943,BATCH-2-CLM-0004649,none
batch-2-R004944,BATCH-2-CLM-0004650,none
batch-2-R004945,BATCH-2-CLM-0004651,none
batch-2-R004946,BATCH-2-CLM-0004652,none
batch-2-R004947,BATCH-2-CLM-0004653,none
batch-2-R004948,BATCH-2-CLM-0004654,none
batch-2-R004949,BATCH-2-CLM-0004655,none
batch-2-R004950,BATCH-2-CLM-0004656,none
batch-2-R004951,BATCH-2-CLM-0004657,none
batch-2-R004952,BATCH-2-CLM-0004658,none
batch-2-R004953,BATCH-2-CLM-0004659,none
batch-2-R004954,BATCH-2-CLM-0004660,none
batch-2-R004955,BATCH-2-CLM-0004661,none
batch-2-R004956,BATCH-2-CLM-0004662,none
batch-2-R004957,BATCH-2-CLM-0004663,none
batch-2-R004958,BATCH-2-CLM-0004664,none
batch-2-R004959,BATCH-2-CLM-0004665,none
batch-2-R004960,BATCH-2-CLM-0004666,none
batch-2-R004961,BATCH-2-CLM-0004667,none
batch-2-R004962,BATCH-2-CLM-0004668,none
batch-2-R004963,BATCH-2-CLM-0004669,none
batch-2-R004964,BATCH-2-CLM-0004670,none
batch-2-R004965,BATCH-2-CLM-0004671,none
batch-2-R004966,BATCH-2-CLM-0004672,none
batch-2-R004967,BATCH-2-CLM-0004673,none
batch-2-R004968,BATCH-2-CLM-0004674,none
batch-2-R004969,BATCH-2-CLM-0004675,none
batch-2-R004970,BATCH-2-CLM-0004676,none
batch-2-R004971,BATCH-2-CLM-0004677,none
batch-2-R004972,BATCH-2-CLM-0004678,none
batch-2-R004973,BATCH-2-CLM-0004679,none
batch-2-R004974,BATCH-2-CLM-0004680,none
batch-2-R004975,BATCH-2-CLM-0004681,none
batch-2-R004976,BATCH-2-CLM-0004682,none
batch-2-R004977,BATCH-2-CLM-0004683,none
batch-2-R004978,BATCH-2-CLM-0004684,none
batch-2-R004979,BATCH-2-CLM-0004685,none
batch-2-R004980,BATCH-2-CLM-0004686,none
batch-2-R004981,BATCH-2-CLM-0004687,none
batch-2-R004982,BATCH-2-CLM-0004688,none
batch-2-R004983,BATCH-2-CLM-0004689,none
batch-2-R004984,BATCH-2-CLM-0004690,none
batch-2-R004985,BATCH-2-CLM-0004691,none
batch-2-R004986,BATCH-2-CLM-0004692,none
batch-2-R004987,BATCH-2-CLM-0004693,none
batch-2-R004988,BATCH-2-CLM-0004694,none
batch-2-R004989,BATCH-2-CLM-0004695,none
batch-2-R004990,BATCH-2-CLM-0004696,none
batch-2-R004991,BATCH-2-CLM-0004697,none
batch-2-R004992,BATCH-2-CLM-0004698,none
batch-2-R004993,BATCH-2-CLM-0004699,none
batch-2-R004994,BATCH-2-CLM-0004700,none
batch-2-R004995,BATCH-2-CLM-0004701,none
batch-2-R004996,BATCH-2-CLM-0004702,none
batch-2-R004997,BATCH-2-CLM-0004703,none
batch-2-R004998,BATCH-2-CLM-0004703,none
batch-2-R004999,BATCH-2-CLM-0004654,none
batch-2-R005000,BATCH-2-CLM-0004704,none
batch-2-R005001,BATCH-2-CLM-0004705,none
batch-2-R005002,BATCH-2-CLM-0004706,none
batch-2-R005003,BATCH-2-CLM-0004707,none
batch-2-R005004,BATCH-2-CLM-0004708,none
batch-2-R005005,BATCH-2-CLM-0004709,none
batch-2-R005006,BATCH-2-CLM-0004710,none
batch-2-R005007,BATCH-2-CLM-0004711,none
batch-2-R005008,BATCH-2-CLM-0004712,none
batch-2-R005009,BATCH-2-CLM-0004713,none
batch-2-R005010,BATCH-2-CLM-0004714,none
batch-2-R005011,BATCH-2-CLM-0004715,none
batch-2-R005012,BATCH-2-CLM-0004716,none
batch-2-R005013,BATCH-2-CLM-0004717,none
batch-2-R005014,BATCH-2-CLM-0004718,none
batch-2-R005015,BATCH-2-CLM-0004719,none
batch-2-R005016,BATCH-2-CLM-0004720,none
batch-2-R005017,BATCH-2-CLM-0004721,none
batch-2-R005018,BATCH-2-CLM-0004722,none
batch-2-R005019,BATCH-2-CLM-0004723,none
batch-2-R005020,BATCH-2-CLM-0004724,none
batch-2-R005021,BATCH-2-CLM-0004725,none
batch-2-R005022,BATCH-2-CLM-0004726,none
batch-2-R005023,BATCH-2-CLM-0004727,none
batch-2-R005024,BATCH-2-CLM-0004728,none
batch-2-R005025,BATCH-2-CLM-0004729,none
batch-2-R005026,BATCH-2-CLM-0004730,none
batch-2-R005027,BATCH-2-CLM-0004731,none
batch-2-R005028,BATCH-2-CLM-0004732,none
batch-2-R005029,BATCH-2-CLM-0004733,none
batch-2-R005030,BATCH-2-CLM-0004734,none
batch-2-R005031,BATCH-2-CLM-0004735,none
batch-2-R005032,BATCH-2-CLM-0004736,none
batch-2-R005033,BATCH-2-CLM-0004737,none
batch-2-R005034,BATCH-2-CLM-0004738,none
batch-2-R005035,BATCH-2-CLM-0004739,none
batch-2-R005036,BATCH-2-CLM-0004740,none
batch-2-R005037,BATCH-2-CLM-0004741,none
batch-2-R005038,BATCH-2-CLM-0004742,none
batch-2-R005039,BATCH-2-CLM-0004743,none
batch-2-R005040,BATCH-2-CLM-0004744,none
batch-2-R005041,BATCH-2-CLM-0004745,none
batch-2-R005042,BATCH-2-CLM-0004746,none
batch-2-R005043,BATCH-2-CLM-0004747,none
batch-2-R005044,BATCH-2-CLM-0004715,none
batch-2-R005045,BATCH-2-CLM-0004718,none
batch-2-R005046,BATCH-2-CLM-0004748,none
batch-2-R005047,BATCH-2-CLM-0004749,none
batch-2-R005048,BATCH-2-CLM-0004750,none
batch-2-R005049,BATCH-2-CLM-0004751,none
batch-2-R005050,BATCH-2-CLM-0004752,none
batch-2-R005051,BATCH-2-CLM-0004753,none
batch-2-R005052,BATCH-2-CLM-0004754,none
batch-2-R005053,BATCH-2-CLM-0004755,none
batch-2-R005054,BATCH-2-CLM-0004756,none
batch-2-R005055,BATCH-2-CLM-0004757,none
batch-2-R005056,BATCH-2-CLM-0004758,none
batch-2-R005057,BATCH-2-CLM-0004759,none
batch-2-R005058,BATCH-2-CLM-0004760,none
batch-2-R005059,BATCH-2-CLM-0004761,none
batch-2-R005060,BATCH-2-CLM-0004762,none
batch-2-R005061,BATCH-2-CLM-0004763,none
batch-2-R005062,BATCH-2-CLM-0004764,none
batch-2-R005063,BATCH-2-CLM-0004765,none
batch-2-R005064,BATCH-2-CLM-0004766,none
batch-2-R005065,BATCH-2-CLM-0004767,none
batch-2-R005066,BATCH-2-CLM-0004768,none
batch-2-R005067,BATCH-2-CLM-0004769,none
batch-2-R005068,BATCH-2-CLM-0004770,none
batch-2-R005069,BATCH-2-CLM-0004771,none
batch-2-R005070,BATCH-2-CLM-0004772,none
batch-2-R005071,BATCH-2-CLM-0004773,none
batch-2-R005072,BATCH-2-CLM-0004774,none
batch-2-R005073,BATCH-2-CLM-0004775,none
batch-2-R005074,BATCH-2-CLM-0004776,none
batch-2-R005075,BATCH-2-CLM-0004777,none
batch-2-R005076,BATCH-2-CLM-0004778,none
batch-2-R005077,BATCH-2-CLM-0004779,none
batch-2-R005078,BATCH-2-CLM-0004780,none
batch-2-R005079,BATCH-2-CLM-0004781,none
batch-2-R005080,BATCH-2-CLM-0004782,none
batch-2-R005081,BATCH-2-CLM-0004783,none
batch-2-R005082,BATCH-2-CLM-0004784,none
batch-2-R005083,BATCH-2-CLM-0004785,none
batch-2-R005084,BATCH-2-CLM-0004786,none
batch-2-R005085,BATCH-2-CLM-0004787,none
batch-2-R005086,BATCH-2-CLM-0004788,none
batch-2-R005087,BATCH-2-CLM-0004789,none
batch-2-R005088,BATCH-2-CLM-0004790,none
batch-2-R005089,BATCH-2-CLM-0004791,none
batch-2-R005090,BATCH-2-CLM-0004792,none
batch-2-R005091,BATCH-2-CLM-0004793,none
batch-2-R005092,BATCH-2-CLM-0004794,none
batch-2-R005093,BATCH-2-CLM-0004795,none
batch-2-R005094,BATCH-2-CLM-0004796,none
batch-2-R005095,BATCH-2-CLM-0004797,none
batch-2-R005096,BATCH-2-CLM-0004798,none
batch-2-R005097,BATCH-2-CLM-0004799,none
batch-2-R005098,BATCH-2-CLM-0004748,none
