row_key,CLM_ID,injection_type
batch-1-R000000,BATCH-1-CLM-0000000,none
batch-1-R000001,BATCH-1-CLM-0000001,none
batch-1-R000002,BATCH-1-CLM-0000002,none
batch-1-R000003,BATCH-1-CLM-0000003,none
batch-1-R000004,BATCH-1-CLM-0000004,none
batch-1-R000005,BATCH-1-CLM-0000005,none
batch-1-R000006,BATCH-1-CLM-0000006,none
batch-1-R000007,BATCH-1-CLM-0000007,none
batch-1-R000008,BATCH-1-CLM-0000008,none
batch-1-R000009,BATCH-1-CLM-0000009,none
batch-1-R000010,BATCH-1-CLM-0000010,none
batch-1-R000011,BATCH-1-CLM-0000011,none
batch-1-R000012,BATCH-1-CLM-0000012,none
batch-1-R000013,BATCH-1-CLM-0000013,none
batch-1-R000014,BATCH-1-CLM-0000014,none
batch-1-R000015,BATCH-1-CLM-0000015,none
batch-1-R000016,BATCH-1-CLM-0000016,none
batch-1-R000017,BATCH-1-CLM-0000017,none
batch-1-R000018,BATCH-1-CLM-0000018,none
batch-1-R000019,BATCH-1-CLM-0000019,none
batch-1-R000020,BATCH-1-CLM-0000020,none
batch-1-R000021,BATCH-1-CLM-0000021,none
batch-1-R000022,BATCH-1-CLM-0000022,none
batch-1-R000023,BATCH-1-CLM-0000023,none
batch-1-R000024,BATCH-1-CLM-0000024,none
batch-1-R000025,BATCH-1-CLM-0000025,none
batch-1-R000026,BATCH-1-CLM-0000026,none
batch-1-R000027,BATCH-1-CLM-0000027,none
batch-1-R000028,BATCH-1-CLM-0000028,none
batch-1-R000029,BATCH-1-CLM-0000029,none
batch-1-R000030,BATCH-1-CLM-0000030,none
batch-1-R000031,BATCH-1-CLM-0000031,none
batch-1-R000032,BATCH-1-CLM-0000032,none
batch-1-R000033,BATCH-1-CLM-0000033,none
batch-1-R000034,BATCH-1-CLM-0000034,none
batch-1-R000035,BATCH-1-CLM-0000035,none
batch-1-R000036,BATCH-1-CLM-0000036,none
batch-1-R000037,BATCH-1-CLM-0000037,none
batch-1-R000038,BATCH-1-CLM-0000038,none
batch-1-R000039,BATCH-1-CLM-0000039,none
batch-1-R000040,BATCH-1-CLM-0000040,none
batch-1-R000041,BATCH-1-CLM-0000041,none
batch-1-R000042,BATCH-1-CLM-0000042,none
batch-1-R000043,BATCH-1-CLM-0000043,none
batch-1-R000044,BATCH-1-CLM-0000044,none
batch-1-R000045,BATCH-1-CLM-0000045,none
batch-1-R000046,BATCH-1-CLM-0000046,none
batch-1-R000047,BATCH-1-CLM-0000047,none
batch-1-R000048,BATCH-1-CLM-0000048,none
batch-1-R000049,BATCH-1-CLM-0000049,none
batch-1-R000050,BATCH-1-CLM-0000050,none
batch-1-R000051,BATCH-1-CLM-0000051,none
batch-1-R000052,BATCH-1-CLM-0000052,none
batch-1-R000053,BATCH-1-CLM-0000053,none
batch-1-R000054,BATCH-1-CLM-0000054,none
batch-1-R000055,BATCH-1-CLM-0000055,none
batch-1-R000056,BATCH-1-CLM-0000056,none
batch-1-R000057,BATCH-1-CLM-0000057,none
batch-1-R000058,BATCH-1-CLM-0000058,none
batch-1-R000059,BATCH-1-CLM-0000059,none
batch-1-R000060,BATCH-1-CLM-0000060,none
batch-1-R000061,BATCH-1-CLM-0000061,none
batch-1-R000062,BATCH-1-CLM-0000062,none
batch-1-R000063,BATCH-1-CLM-0000063,none
batch-1-R000064,BATCH-1-CLM-0000064,none
batch-1-R000065,BATCH-1-CLM-0000065,none
batch-1-R000066,BATCH-1-CLM-0000066,none
batch-1-R000067,BATCH-1-CLM-0000067,none
batch-1-R000068,BATCH-1-CLM-0000068,none
batch-1-R000069,BATCH-1-CLM-0000069,none
batch-1-R000070,BATCH-1-CLM-0000070,none
batch-1-R000071,BATCH-1-CLM-0000071,none
batch-1-R000072,BATCH-1-CLM-0000072,none
batch-1-R000073,BATCH-1-CLM-0000073,none
batch-1-R000074,BATCH-1-CLM-0000074,none
batch-1-R000075,BATCH-1-CLM-0000075,none
batch-1-R000076,BATCH-1-CLM-0000076,none
batch-1-R000077,BATCH-1-CLM-0000077,none
batch-1-R000078,BATCH-1-CLM-0000078,none
batch-1-R000079,BATCH-1-CLM-0000079,none
batch-1-R000080,BATCH-1-CLM-0000080,none
batch-1-R000081,BATCH-1-CLM-0000081,none
batch-1-R000082,BATCH-1-CLM-0000082,none
batch-1-R000083,BATCH-1-CLM-0000083,none
batch-1-R000084,BATCH-1-CLM-0000084,none
batch-1-R000085,BATCH-1-CLM-0000085,none
batch-1-R000086,BATCH-1-CLM-0000086,none
batch-1-R000087,BATCH-1-CLM-0000087,none
batch-1-R000088,BATCH-1-CLM-0000088,none
batch-1-R000089,BATCH-1-CLM-0000089,none
batch-1-R000090,BATCH-1-CLM-0000090,none
batch-1-R000091,BATCH-1-CLM-0000091,none
batch-1-R000092,BATCH-1-CLM-0000092,none
batch-1-R000093,BATCH-1-CLM-0000093,none
batch-1-R000094,BATCH-1-CLM-0000094,none
batch-1-R000095,BATCH-1-CLM-0000095,none
batch-1-R000096,BATCH-1-CLM-0000096,none
batch-1-R000097,BATCH-1-CLM-0000097,none
batch-1-R000098,BATCH-1-CLM-0000098,none
batch-1-R000099,BATCH-1-CLM-0000099,none
batch-1-R000100,BATCH-1-CLM-0000100,none
batch-1-R000101,BATCH-1-CLM-0000101,none
batch-1-R000102,BATCH-1-CLM-0000102,none
batch-1-R000103,BATCH-1-CLM-0000103,none
batch-1-R000104,BATCH-1-CLM-0000104,none
batch-1-R000105,BATCH-1-CLM-0000105,none
batch-1-R000106,BATCH-1-CLM-0000106,none
batch-1-R000107,BATCH-1-CLM-0000107,none
batch-1-R000108,BATCH-1-CLM-0000108,none
batch-1-R000109,BATCH-1-CLM-0000109,none
batch-1-R000110,BATCH-1-CLM-0000110,none
batch-1-R000111,BATCH-1-CLM-0000111,none
batch-1-R000112,BATCH-1-CLM-0000112,none
batch-1-R000113,BATCH-1-CLM-0000113,none
batch-1-R000114,BATCH-1-CLM-0000114,none
batch-1-R000115,BATCH-1-CLM-0000115,none
batch-1-R000116,BATCH-1-CLM-0000116,none
batch-1-R000117,BATCH-1-CLM-0000117,none
batch-1-R000118,BATCH-1-CLM-0000118,none
batch-1-R000119,BATCH-1-CLM-0000119,none
batch-1-R000120,BATCH-1-CLM-0000120,none
batch-1-R000121,BATCH-1-CLM-0000121,none
batch-1-R000122,BATCH-1-CLM-0000122,none
batch-1-R000123,BATCH-1-CLM-0000123,none
batch-1-R000124,BATCH-1-CLM-0000124,none
batch-1-R000125,BATCH-1-CLM-0000125,none
batch-1-R000126,BATCH-1-CLM-0000126,none
batch-1-R000127,BATCH-1-CLM-0000127,none
batch-1-R000128,BATCH-1-CLM-0000128,none
batch-1-R000129,BATCH-1-CLM-0000129,none
batch-1-R000130,BATCH-1-CLM-0000130,none
batch-1-R000131,BATCH-1-CLM-0000131,none
batch-1-R000132,BATCH-1-CLM-0000132,none
batch-1-R000133,BATCH-1-CLM-0000133,none
batch-1-R000134,BATCH-1-CLM-0000134,none
batch-1-R000135,BATCH-1-CLM-0000135,none
batch-1-R000136,BATCH-1-CLM-0000136,none
batch-1-R000137,BATCH-1-CLM-0000137,none
batch-1-R000138,BATCH-1-CLM-0000138,none
batch-1-R000139,BATCH-1-CLM-0000139,none
batch-1-R000140,BATCH-1-CLM-0000140,none
batch-1-R000141,BATCH-1-CLM-0000141,none
batch-1-R000142,BATCH-1-CLM-0000142,none
batch-1-R000143,BATCH-1-CLM-0000143,none
batch-1-R000144,BATCH-1-CLM-0000144,none
batch-1-R000145,BATCH-1-CLM-0000145,none
batch-1-R000146,BATCH-1-CLM-0000146,none
batch-1-R000147,BATCH-1-CLM-0000147,none
batch-1-R000148,BATCH-1-CLM-0000148,none
batch-1-R000149,BATCH-1-CLM-0000149,none
batch-1-R000150,BATCH-1-CLM-0000150,none
batch-1-R000151,BATCH-1-CLM-0000151,none
batch-1-R000152,BATCH-1-CLM-0000152,none
batch-1-R000153,BATCH-1-CLM-0000153,none
batch-1-R000154,BATCH-1-CLM-0000154,none
batch-1-R000155,BATCH-1-CLM-0000155,none
batch-1-R000156,BATCH-1-CLM-0000156,none
batch-1-R000157,BATCH-1-CLM-0000157,none
batch-1-R000158,BATCH-1-CLM-0000158,none
batch-1-R000159,BATCH-1-CLM-0000159,none
batch-1-R000160,BATCH-1-CLM-0000160,none
batch-1-R000161,BATCH-1-CLM-0000161,none
batch-1-R000162,BATCH-1-CLM-0000162,none
batch-1-R000163,BATCH-1-CLM-0000163,none
batch-1-R000164,BATCH-1-CLM-0000164,none
batch-1-R000165,BATCH-1-CLM-0000165,none
batch-1-R000166,BATCH-1-CLM-0000166,none
batch-1-R000167,BATCH-1-CLM-0000167,none
batch-1-R000168,BATCH-1-CLM-0000168,none
batch-1-R000169,BATCH-1-CLM-0000169,none
batch-1-R000170,BATCH-1-CLM-0000170,none
batch-1-R000171,BATCH-1-CLM-0000171,none
batch-1-R000172,BATCH-1-CLM-0000172,none
batch-1-R000173,BATCH-1-CLM-0000173,none
batch-1-R000174,BATCH-1-CLM-0000174,none
batch-1-R000175,BATCH-1-CLM-0000175,none
batch-1-R000176,BATCH-1-CLM-0000176,none
batch-1-R000177,BATCH-1-CLM-0000177,none
batch-1-R000178,BATCH-1-CLM-0000178,none
batch-1-R000179,BATCH-1-CLM-0000179,none
batch-1-R000180,BATCH-1-CLM-0000180,none
batch-1-R000181,BATCH-1-CLM-0000181,none
batch-1-R000182,BATCH-1-CLM-0000182,none
batch-1-R000183,BATCH-1-CLM-0000183,none
batch-1-R000184,BATCH-1-CLM-0000184,none
batch-1-R000185,BATCH-1-CLM-0000185,none
batch-1-R000186,BATCH-1-CLM-0000186,none
batch-1-R000187,BATCH-1-CLM-0000187,none
batch-1-R000188,BATCH-1-CLM-0000188,none
batch-1-R000189,BATCH-1-CLM-0000189,none
batch-1-R000190,BATCH-1-CLM-0000190,none
batch-1-R000191,BATCH-1-CLM-0000191,none
batch-1-R000192,BATCH-1-CLM-0000192,none
batch-1-R000193,BATCH-1-CLM-0000193,none
batch-1-R000194,BATCH-1-CLM-0000194,none
batch-1-R000195,BATCH-1-CLM-0000195,none
batch-1-R000196,BATCH-1-CLM-0000196,none
batch-1-R000197,BATCH-1-CLM-0000197,none
batch-1-R000198,BATCH-1-CLM-0000198,none
batch-1-R000199,BATCH-1-CLM-0000199,none
batch-1-R000200,BATCH-1-CLM-0000200,none
batch-1-R000201,BATCH-1-CLM-0000201,none
batch-1-R000202,BATCH-1-CLM-0000202,none
batch-1-R000203,BATCH-1-CLM-0000203,none
batch-1-R000204,BATCH-1-CLM-0000204,none
batch-1-R000205,BATCH-1-CLM-0000205,none
batch-1-R000206,BATCH-1-CLM-0000206,none
batch-1-R000207,BATCH-1-CLM-0000207,none
batch-1-R000208,BATCH-1-CLM-0000208,none
batch-1-R000209,BATCH-1-CLM-0000209,none
batch-1-R000210,BATCH-1-CLM-0000210,none
batch-1-R000211,BATCH-1-CLM-0000211,none
batch-1-R000212,BATCH-1-CLM-0000212,none
batch-1-R000213,BATCH-1-CLM-0000213,none
batch-1-R000214,BATCH-1-CLM-0000214,none
batch-1-R000215,BATCH-1-CLM-0000215,none
batch-1-R000216,BATCH-1-CLM-0000216,none
batch-1-R000217,BATCH-1-CLM-0000217,none
batch-1-R000218,BATCH-1-CLM-0000218,none
batch-1-R000219,BATCH-1-CLM-0000219,none
batch-1-R000220,BATCH-1-CLM-0000220,none
batch-1-R000221,BATCH-1-CLM-0000221,none
batch-1-R000222,BATCH-1-CLM-0000222,none
batch-1-R000223,BATCH-1-CLM-0000223,none
batch-1-R000224,BATCH-1-CLM-0000224,none
batch-1-R000225,BATCH-1-CLM-0000225,none
batch-1-R000226,BATCH-1-CLM-0000226,none
batch-1-R000227,BATCH-1-CLM-0000227,none
batch-1-R000228,BATCH-1-CLM-0000228,none
batch-1-R000229,BATCH-1-CLM-0000229,none
batch-1-R000230,BATCH-1-CLM-0000230,none
batch-1-R000231,BATCH-1-CLM-0000231,none
batch-1-R000232,BATCH-1-CLM-0000232,none
batch-1-R000233,BATCH-1-CLM-0000233,none
batch-1-R000234,BATCH-1-CLM-0000234,none
batch-1-R000235,BATCH-1-CLM-0000235,none
batch-1-R000236,BATCH-1-CLM-0000236,none
batch-1-R000237,BATCH-1-CLM-0000237,none
batch-1-R000238,BATCH-1-CLM-0000238,none
batch-1-R000239,BATCH-1-CLM-0000239,none
batch-1-R000240,BATCH-1-CLM-0000240,none
batch-1-R000241,BATCH-1-CLM-0000241,none
batch-1-R000242,BATCH-1-CLM-0000242,none
batch-1-R000243,BATCH-1-CLM-0000243,none
batch-1-R000244,BATCH-1-CLM-0000244,none
batch-1-R000245,BATCH-1-CLM-0000245,none
batch-1-R000246,BATCH-1-CLM-0000246,none
batch-1-R000247,BATCH-1-CLM-0000247,none
batch-1-R000248,BATCH-1-CLM-0000248,none
batch-1-R000249,BATCH-1-CLM-0000249,none
batch-1-R000250,BATCH-1-CLM-0000250,none
batch-1-R000251,BATCH-1-CLM-0000251,none
batch-1-R000252,BATCH-1-CLM-0000252,none
batch-1-R000253,BATCH-1-CLM-0000253,none
batch-1-R000254,BATCH-1-CLM-0000254,none
batch-1-R000255,BATCH-1-CLM-0000255,none
batch-1-R000256,BATCH-1-CLM-0000256,none
batch-1-R000257,BATCH-1-CLM-0000257,none
batch-1-R000258,BATCH-1-CLM-0000258,none
batch-1-R000259,BATCH-1-CLM-0000259,none
batch-1-R000260,BATCH-1-CLM-0000260,none
batch-1-R000261,BATCH-1-CLM-0000261,none
batch-1-R000262,BATCH-1-CLM-0000262,none
batch-1-R000263,BATCH-1-CLM-0000263,none
batch-1-R000264,BATCH-1-CLM-0000264,none
batch-1-R000265,BATCH-1-CLM-0000265,none
batch-1-R000266,BATCH-1-CLM-0000266,none
batch-1-R000267,BATCH-1-CLM-0000267,none
batch-1-R000268,BATCH-1-CLM-0000268,none
batch-1-R000269,BATCH-1-CLM-0000269,none
batch-1-R000270,BATCH-1-CLM-0000270,none
batch-1-R000271,BATCH-1-CLM-0000271,none
batch-1-R000272,BATCH-1-CLM-0000272,none
batch-1-R000273,BATCH-1-CLM-0000273,none
batch-1-R000274,BATCH-1-CLM-0000274,none
batch-1-R000275,BATCH-1-CLM-0000275,none
batch-1-R000276,BATCH-1-CLM-0000276,none
batch-1-R000277,BATCH-1-CLM-0000277,none
batch-1-R000278,BATCH-1-CLM-0000278,none
batch-1-R000279,BATCH-1-CLM-0000279,none
batch-1-R000280,BATCH-1-CLM-0000280,none
batch-1-R000281,BATCH-1-CLM-0000281,none
batch-1-R000282,BATCH-1-CLM-0000282,none
batch-1-R000283,BATCH-1-CLM-0000283,none
batch-1-R000284,BATCH-1-CLM-0000284,none
batch-1-R000285,BATCH-1-CLM-0000285,none
batch-1-R000286,BATCH-1-CLM-0000286,none
batch-1-R000287,BATCH-1-CLM-0000287,none
batch-1-R000288,BATCH-1-CLM-0000288,none
batch-1-R000289,BATCH-1-CLM-0000289,none
batch-1-R000290,BATCH-1-CLM-0000290,none
batch-1-R000291,BATCH-1-CLM-0000291,none
batch-1-R000292,BATCH-1-CLM-0000292,none
batch-1-R000293,BATCH-1-CLM-0000261,none
batch-1-R000294,BATCH-1-CLM-0000293,none
batch-1-R000295,BATCH-1-CLM-0000294,none
batch-1-R000296,BATCH-1-CLM-0000295,none
batch-1-R000297,BATCH-1-CLM-0000296,none
batch-1-R000298,BATCH-1-CLM-0000297,none
batch-1-R000299,BATCH-1-CLM-0000298,none
batch-1-R000300,BATCH-1-CLM-0000299,none
batch-1-R000301,BATCH-1-CLM-0000300,none
batch-1-R000302,BATCH-1-CLM-0000301,none
batch-1-R000303,BATCH-1-CLM-0000302,none
batch-1-R000304,BATCH-1-CLM-0000303,none
batch-1-R000305,BATCH-1-CLM-0000304,none
batch-1-R000306,BATCH-1-CLM-0000305,none
batch-1-R000307,BATCH-1-CLM-0000306,none
batch-1-R000308,BATCH-1-CLM-0000307,none
batch-1-R000309,BATCH-1-CLM-0000308,none
batch-1-R000310,BATCH-1-CLM-0000309,none
batch-1-R000311,BATCH-1-CLM-0000310,none
batch-1-R000312,BATCH-1-CLM-0000311,none
batch-1-R000313,BATCH-1-CLM-0000312,none
batch-1-R000314,BATCH-1-CLM-0000313,none
batch-1-R000315,BATCH-1-CLM-0000314,none
batch-1-R000316,BATCH-1-CLM-0000315,none
batch-1-R000317,BATCH-1-CLM-0000316,none
batch-1-R000318,BATCH-1-CLM-0000317,none
batch-1-R000319,BATCH-1-CLM-0000318,none
batch-1-R000320,BATCH-1-CLM-0000319,none
batch-1-R000321,BATCH-1-CLM-0000320,none
batch-1-R000322,BATCH-1-CLM-0000321,none
batch-1-R000323,BATCH-1-CLM-0000322,none
batch-1-R000324,BATCH-1-CLM-0000323,none
batch-1-R000325,BATCH-1-CLM-0000324,none
batch-1-R000326,BATCH-1-CLM-0000325,none
batch-1-R000327,BATCH-1-CLM-0000326,none
batch-1-R000328,BATCH-1-CLM-0000327,none
batch-1-R000329,BATCH-1-CLM-0000328,none
batch-1-R000330,BATCH-1-CLM-0000329,none
batch-1-R000331,BATCH-1-CLM-0000330,none
batch-1-R000332,BATCH-1-CLM-0000331,none
batch-1-R000333,BATCH-1-CLM-0000332,none
batch-1-R000334,BATCH-1-CLM-0000333,none
batch-1-R000335,BATCH-1-CLM-0000334,none
batch-1-R000336,BATCH-1-CLM-0000335,none
batch-1-R000337,BATCH-1-CLM-0000336,none
batch-1-R000338,BATCH-1-CLM-0000337,none
batch-1-R000339,BATCH-1-CLM-0000338,none
batch-1-R000340,BATCH-1-CLM-0000339,none
batch-1-R000341,BATCH-1-CLM-0000340,none
batch-1-R000342,BATCH-1-CLM-0000341,none
batch-1-R000343,BATCH-1-CLM-0000342,none
batch-1-R000344,BATCH-1-CLM-0000343,none
batch-1-R000345,BATCH-1-CLM-0000344,none
batch-1-R000346,BATCH-1-CLM-0000345,none
batch-1-R000347,BATCH-1-CLM-0000346,none
batch-1-R000348,BATCH-1-CLM-0000347,none
batch-1-R000349,BATCH-1-CLM-0000348,none
batch-1-R000350,BATCH-1-CLM-0000349,none
batch-1-R000351,BATCH-1-CLM-0000350,none
batch-1-R000352,BATCH-1-CLM-0000351,none
batch-1-R000353,BATCH-1-CLM-0000352,none
batch-1-R000354,BATCH-1-CLM-0000353,none
batch-1-R000355,BATCH-1-CLM-0000354,none
batch-1-R000356,BATCH-1-CLM-0000355,none
batch-1-R000357,BATCH-1-CLM-0000356,none
batch-1-R000358,BATCH-1-CLM-0000357,none
batch-1-R000359,BATCH-1-CLM-0000358,none
batch-1-R000360,BATCH-1-CLM-0000359,none
batch-1-R000361,BATCH-1-CLM-0000360,none
batch-1-R000362,BATCH-1-CLM-0000361,none
batch-1-R000363,BATCH-1-CLM-0000362,none
batch-1-R000364,BATCH-1-CLM-0000363,none
batch-1-R000365,BATCH-1-CLM-0000364,none
batch-1-R000366,BATCH-1-CLM-0000365,none
batch-1-R000367,BATCH-1-CLM-0000366,none
batch-1-R000368,BATCH-1-CLM-0000367,none
batch-1-R000369,BATCH-1-CLM-0000368,none
batch-1-R000370,BATCH-1-CLM-0000369,none
batch-1-R000371,BATCH-1-CLM-0000370,none
batch-1-R000372,BATCH-1-CLM-0000371,none
batch-1-R000373,BATCH-1-CLM-0000372,none
batch-1-R000374,BATCH-1-CLM-0000373,none
batch-1-R000375,BATCH-1-CLM-0000374,none
batch-1-R000376,BATCH-1-CLM-0000375,none
batch-1-R000377,BATCH-1-CLM-0000376,none
batch-1-R000378,BATCH-1-CLM-0000377,none
batch-1-R000379,BATCH-1-CLM-0000378,none
batch-1-R000380,BATCH-1-CLM-0000379,none
batch-1-R000381,BATCH-1-CLM-0000380,none
batch-1-R000382,BATCH-1-CLM-0000381,none
batch-1-R000383,BATCH-1-CLM-0000382,none
batch-1-R000384,BATCH-1-CLM-0000383,none
batch-1-R000385,BATCH-1-CLM-0000384,none
batch-1-R000386,BATCH-1-CLM-0000385,none
batch-1-R000387,BATCH-1-CLM-0000386,none
batch-1-R000388,BATCH-1-CLM-0000387,none
batch-1-R000389,BATCH-1-CLM-0000388,none
batch-1-R000390,BATCH-1-CLM-0000389,none
batch-1-R000391,BATCH-1-CLM-0000390,none
batch-1-R000392,BATCH-1-CLM-0000391,none
batch-1-R000393,BATCH-1-CLM-0000392,none
batch-1-R000394,BATCH-1-CLM-0000393,none
batch-1-R000395,BATCH-1-CLM-0000394,none
batch-1-R000396,BATCH-1-CLM-0000395,none
batch-1-R000397,BATCH-1-CLM-0000396,none
batch-1-R000398,BATCH-1-CLM-0000397,none
batch-1-R000399,BATCH-1-CLM-0000398,none
batch-1-R000400,BATCH-1-CLM-0000399,none
batch-1-R000401,BATCH-1-CLM-0000400,none
batch-1-R000402,BATCH-1-CLM-0000401,none
batch-1-R000403,BATCH-1-CLM-0000402,none
batch-1-R000404,BATCH-1-CLM-0000403,none
batch-1-R000405,BATCH-1-CLM-0000404,none
batch-1-R000406,BATCH-1-CLM-0000405,none
batch-1-R000407,BATCH-1-CLM-0000406,none
batch-1-R000408,BATCH-1-CLM-0000407,none
batch-1-R000409,BATCH-1-CLM-0000408,none
batch-1-R000410,BATCH-1-CLM-0000409,none
batch-1-R000411,BATCH-1-CLM-0000410,none
batch-1-R000412,BATCH-1-CLM-0000411,none
batch-1-R000413,BATCH-1-CLM-0000412,none
batch-1-R000414,BATCH-1-CLM-0000413,none
batch-1-R000415,BATCH-1-CLM-0000414,none
batch-1-R000416,BATCH-1-CLM-0000415,none
batch-1-R000417,BATCH-1-CLM-0000416,none
batch-1-R000418,BATCH-1-CLM-0000417,none
batch-1-R000419,BATCH-1-CLM-0000418,none
batch-1-R000420,BATCH-1-CLM-0000419,none
batch-1-R000421,BATCH-1-CLM-0000420,none
batch-1-R000422,BATCH-1-CLM-0000421,none
batch-1-R000423,BATCH-1-CLM-0000422,none
batch-1-R000424,BATCH-1-CLM-0000423,none
batch-1-R000425,BATCH-1-CLM-0000424,none
batch-1-R000426,BATCH-1-CLM-0000425,none
batch-1-R000427,BATCH-1-CLM-0000426,none
batch-1-R000428,BATCH-1-CLM-0000427,none
batch-1-R000429,BATCH-1-CLM-0000428,none
batch-1-R000430,BATCH-1-CLM-0000429,none
batch-1-R000431,BATCH-1-CLM-0000430,none
batch-1-R000432,BATCH-1-CLM-0000431,none
batch-1-R000433,BATCH-1-CLM-0000432,none
batch-1-R000434,BATCH-1-CLM-0000433,none
batch-1-R000435,BATCH-1-CLM-0000434,none
batch-1-R000436,BATCH-1-CLM-0000435,none
batch-1-R000437,BATCH-1-CLM-0000436,none
batch-1-R000438,BATCH-1-CLM-0000437,none
batch-1-R000439,BATCH-1-CLM-0000438,none
batch-1-R000440,BATCH-1-CLM-0000439,none
batch-1-R000441,BATCH-1-CLM-0000440,none
batch-1-R000442,BATCH-1-CLM-0000441,none
batch-1-R000443,BATCH-1-CLM-0000442,none
batch-1-R000444,BATCH-1-CLM-0000443,none
batch-1-R000445,BATCH-1-CLM-0000444,none
batch-1-R000446,BATCH-1-CLM-0000445,none
batch-1-R000447,BATCH-1-CLM-0000446,none
batch-1-R000448,BATCH-1-CLM-0000447,none
batch-1-R000449,BATCH-1-CLM-0000448,none
batch-1-R000450,BATCH-1-CLM-0000449,none
batch-1-R000451,BATCH-1-CLM-0000450,none
batch-1-R000452,BATCH-1-CLM-0000451,none
batch-1-R000453,BATCH-1-CLM-0000452,none
batch-1-R000454,BATCH-1-CLM-0000453,none
batch-1-R000455,BATCH-1-CLM-0000454,none
batch-1-R000456,BATCH-1-CLM-0000455,none
batch-1-R000457,BATCH-1-CLM-0000456,none
batch-1-R000458,BATCH-1-CLM-0000457,none
batch-1-R000459,BATCH-1-CLM-0000458,none
batch-1-R000460,BATCH-1-CLM-0000459,none
batch-1-R000461,BATCH-1-CLM-0000460,none
batch-1-R000462,BATCH-1-CLM-0000461,none
batch-1-R000463,BATCH-1-CLM-0000462,none
batch-1-R000464,BATCH-1-CLM-0000463,none
batch-1-R000465,BATCH-1-CLM-0000464,none
batch-1-R000466,BATCH-1-CLM-0000465,none
batch-1-R000467,BATCH-1-CLM-0000466,none
batch-1-R000468,BATCH-1-CLM-0000467,none
batch-1-R000469,BATCH-1-CLM-0000468,none
batch-1-R000470,BATCH-1-CLM-0000469,none
batch-1-R000471,BATCH-1-CLM-0000470,none
batch-1-R000472,BATCH-1-CLM-0000471,none
batch-1-R000473,BATCH-1-CLM-0000472,none
batch-1-R000474,BATCH-1-CLM-0000473,none
batch-1-R000475,BATCH-1-CLM-0000474,none
batch-1-R000476,BATCH-1-CLM-0000475,none
batch-1-R000477,BATCH-1-CLM-0000476,none
batch-1-R000478,BATCH-1-CLM-0000477,none
batch-1-R000479,BATCH-1-CLM-0000478,none
batch-1-R000480,BATCH-1-CLM-0000479,none
batch-1-R000481,BATCH-1-CLM-0000480,none
batch-1-R000482,BATCH-1-CLM-0000481,none
batch-1-R000483,BATCH-1-CLM-0000482,none
batch-1-R000484,BATCH-1-CLM-0000483,none
batch-1-R000485,BATCH-1-CLM-0000484,none
batch-1-R000486,BATCH-1-CLM-0000485,none
batch-1-R000487,BATCH-1-CLM-0000486,none
batch-1-R000488,BATCH-1-CLM-0000487,none
batch-1-R000489,BATCH-1-CLM-0000488,none
batch-1-R000490,BATCH-1-CLM-0000489,none
batch-1-R000491,BATCH-1-CLM-0000490,none
batch-1-R000492,BATCH-1-CLM-0000491,none
batch-1-R000493,BATCH-1-CLM-0000492,none
batch-1-R000494,BATCH-1-CLM-0000493,none
batch-1-R000495,BATCH-1-CLM-0000494,none
batch-1-R000496,BATCH-1-CLM-0000495,none
batch-1-R000497,BATCH-1-CLM-0000496,none
batch-1-R000498,BATCH-1-CLM-0000497,none
batch-1-R000499,BATCH-1-CLM-0000498,none
batch-1-R000500,BATCH-1-CLM-0000499,none
batch-1-R000501,BATCH-1-CLM-0000500,none
batch-1-R000502,BATCH-1-CLM-0000501,none
batch-1-R000503,BATCH-1-CLM-0000502,none
batch-1-R000504,BATCH-1-CLM-0000503,none
batch-1-R000505,BATCH-1-CLM-0000504,none
batch-1-R000506,BATCH-1-CLM-0000505,none
batch-1-R000507,BATCH-1-CLM-0000506,none
batch-1-R000508,BATCH-1-CLM-0000507,none
batch-1-R000509,BATCH-1-CLM-0000508,none
batch-1-R000510,BATCH-1-CLM-0000509,none
batch-1-R000511,BATCH-1-CLM-0000510,none
batch-1-R000512,BATCH-1-CLM-0000511,none
batch-1-R000513,BATCH-1-CLM-0000512,none
batch-1-R000514,BATCH-1-CLM-0000513,none
batch-1-R000515,BATCH-1-CLM-0000478,none
batch-1-R000516,BATCH-1-CLM-0000514,none
batch-1-R000517,BATCH-1-CLM-0000515,none
batch-1-R000518,BATCH-1-CLM-0000516,none
batch-1-R000519,BATCH-1-CLM-0000517,none
batch-1-R000520,BATCH-1-CLM-0000518,none
batch-1-R000521,BATCH-1-CLM-0000519,none
batch-1-R000522,BATCH-1-CLM-0000520,none
batch-1-R000523,BATCH-1-CLM-0000521,none
batch-1-R000524,BATCH-1-CLM-0000522,none
batch-1-R000525,BATCH-1-CLM-0000523,none
batch-1-R000526,BATCH-1-CLM-0000524,none
batch-1-R000527,BATCH-1-CLM-0000525,none
batch-1-R000528,BATCH-1-CLM-0000526,none
batch-1-R000529,BATCH-1-CLM-0000527,none
batch-1-R000530,BATCH-1-CLM-0000528,none
batch-1-R000531,BATCH-1-CLM-0000529,none
batch-1-R000532,BATCH-1-CLM-0000530,none
batch-1-R000533,BATCH-1-CLM-0000531,none
batch-1-R000534,BATCH-1-CLM-0000532,none
batch-1-R000535,BATCH-1-CLM-0000533,none
batch-1-R000536,BATCH-1-CLM-0000534,none
batch-1-R000537,BATCH-1-CLM-0000535,none
batch-1-R000538,BATCH-1-CLM-0000536,none
batch-1-R000539,BATCH-1-CLM-0000537,none
batch-1-R000540,BATCH-1-CLM-0000538,none
batch-1-R000541,BATCH-1-CLM-0000539,none
batch-1-R000542,BATCH-1-CLM-0000540,none
batch-1-R000543,BATCH-1-CLM-0000541,none
batch-1-R000544,BATCH-1-CLM-0000542,none
batch-1-R000545,BATCH-1-CLM-0000543,none
batch-1-R000546,BATCH-1-CLM-0000544,none
batch-1-R000547,BATCH-1-CLM-0000545,none
batch-1-R000548,BATCH-1-CLM-0000546,none
batch-1-R000549,BATCH-1-CLM-0000547,none
batch-1-R000550,BATCH-1-CLM-0000548,none
batch-1-R000551,BATCH-1-CLM-0000549,none
batch-1-R000552,BATCH-1-CLM-0000550,none
batch-1-R000553,BATCH-1-CLM-0000551,none
batch-1-R000554,BATCH-1-CLM-0000552,none
batch-1-R000555,BATCH-1-CLM-0000553,none
batch-1-R000556,BATCH-1-CLM-0000554,none
batch-1-R000557,BATCH-1-CLM-0000555,none
batch-1-R000558,BATCH-1-CLM-0000556,none
batch-1-R000559,BATCH-1-CLM-0000557,none
batch-1-R000560,BATCH-1-CLM-0000558,none
batch-1-R000561,BATCH-1-CLM-0000559,none
batch-1-R000562,BATCH-1-CLM-0000560,none
batch-1-R000563,BATCH-1-CLM-0000561,none
batch-1-R000564,BATCH-1-CLM-0000562,none
batch-1-R000565,BATCH-1-CLM-0000563,none
batch-1-R000566,BATCH-1-CLM-0000564,none
batch-1-R000567,BATCH-1-CLM-0000565,none
batch-1-R000568,BATCH-1-CLM-0000566,none
batch-1-R000569,BATCH-1-CLM-0000567,none
batch-1-R000570,BATCH-1-CLM-0000568,none
batch-1-R000571,BATCH-1-CLM-0000569,none
batch-1-R000572,BATCH-1-CLM-0000570,none
batch-1-R000573,BATCH-1-CLM-0000571,none
batch-1-R000574,BATCH-1-CLM-0000572,none
batch-1-R000575,BATCH-1-CLM-0000573,none
batch-1-R000576,BATCH-1-CLM-0000574,none
batch-1-R000577,BATCH-1-CLM-0000575,none
batch-1-R000578,BATCH-1-CLM-0000576,none
batch-1-R000579,BATCH-1-CLM-0000577,none
batch-1-R000580,BATCH-1-CLM-0000578,none
batch-1-R000581,BATCH-1-CLM-0000579,none
batch-1-R000582,BATCH-1-CLM-0000580,none
batch-1-R000583,BATCH-1-CLM-0000581,none
batch-1-R000584,BATCH-1-CLM-0000582,none
batch-1-R000585,BATCH-1-CLM-0000583,none
batch-1-R000586,BATCH-1-CLM-0000584,none
batch-1-R000587,BATCH-1-CLM-0000585,none
batch-1-R000588,BATCH-1-CLM-0000586,none
batch-1-R000589,BATCH-1-CLM-0000587,none
batch-1-R000590,BATCH-1-CLM-0000588,none
batch-1-R000591,BATCH-1-CLM-0000589,none
batch-1-R000592,BATCH-1-CLM-0000590,none
batch-1-R000593,BATCH-1-CLM-0000591,none
batch-1-R000594,BATCH-1-CLM-0000592,none
batch-1-R000595,BATCH-1-CLM-0000593,none
batch-1-R000596,BATCH-1-CLM-0000594,none
batch-1-R000597,BATCH-1-CLM-0000595,none
batch-1-R000598,BATCH-1-CLM-0000596,none
batch-1-R000599,BATCH-1-CLM-0000597,none
batch-1-R000600,BATCH-1-CLM-0000598,none
batch-1-R000601,BATCH-1-CLM-0000599,none
batch-1-R000602,BATCH-1-CLM-0000600,none
batch-1-R000603,BATCH-1-CLM-0000601,none
batch-1-R000604,BATCH-1-CLM-0000602,none
batch-1-R000605,BATCH-1-CLM-0000603,none
batch-1-R000606,BATCH-1-CLM-0000604,none
batch-1-R000607,BATCH-1-CLM-0000605,none
batch-1-R000608,BATCH-1-CLM-0000606,none
batch-1-R000609,BATCH-1-CLM-0000607,none
batch-1-R000610,BATCH-1-CLM-0000608,none
batch-1-R000611,BATCH-1-CLM-0000609,none
batch-1-R000612,BATCH-1-CLM-0000610,none
batch-1-R000613,BATCH-1-CLM-0000611,none
batch-1-R000614,BATCH-1-CLM-0000612,none
batch-1-R000615,BATCH-1-CLM-0000613,none
batch-1-R000616,BATCH-1-CLM-0000614,none
batch-1-R000617,BATCH-1-CLM-0000615,none
batch-1-R000618,BATCH-1-CLM-0000616,none
batch-1-R000619,BATCH-1-CLM-0000617,none
batch-1-R000620,BATCH-1-CLM-0000618,none
batch-1-R000621,BATCH-1-CLM-0000619,none
batch-1-R000622,BATCH-1-CLM-0000620,none
batch-1-R000623,BATCH-1-CLM-0000621,none
batch-1-R000624,BATCH-1-CLM-0000622,none
batch-1-R000625,BATCH-1-CLM-0000623,none
batch-1-R000626,BATCH-1-CLM-0000624,none
batch-1-R000627,BATCH-1-CLM-0000625,none
batch-1-R000628,BATCH-1-CLM-0000626,none
batch-1-R000629,BATCH-1-CLM-0000627,none
batch-1-R000630,BATCH-1-CLM-0000628,none
batch-1-R000631,BATCH-1-CLM-0000629,none
batch-1-R000632,BATCH-1-CLM-0000630,none
batch-1-R000633,BATCH-1-CLM-0000631,none
batch-1-R000634,BATCH-1-CLM-0000632,none
batch-1-R000635,BATCH-1-CLM-0000633,none
batch-1-R000636,BATCH-1-CLM-0000634,none
batch-1-R000637,BATCH-1-CLM-0000635,none
batch-1-R000638,BATCH-1-CLM-0000636,none
batch-1-R000639,BATCH-1-CLM-0000637,none
batch-1-R000640,BATCH-1-CLM-0000638,none
batch-1-R000641,BATCH-1-CLM-0000639,none
batch-1-R000642,BATCH-1-CLM-0000640,none
batch-1-R000643,BATCH-1-CLM-0000641,none
batch-1-R000644,BATCH-1-CLM-0000642,none
batch-1-R000645,BATCH-1-CLM-0000643,none
batch-1-R000646,BATCH-1-CLM-0000644,none
batch-1-R000647,BATCH-1-CLM-0000645,none
batch-1-R000648,BATCH-1-CLM-0000646,none
batch-1-R000649,BATCH-1-CLM-0000647,none
batch-1-R000650,BATCH-1-CLM-0000648,none
batch-1-R000651,BATCH-1-CLM-0000649,none
batch-1-R000652,BATCH-1-CLM-0000650,none
batch-1-R000653,BATCH-1-CLM-0000651,none
batch-1-R000654,BATCH-1-CLM-0000652,none
batch-1-R000655,BATCH-1-CLM-0000653,none
batch-1-R000656,BATCH-1-CLM-0000654,none
batch-1-R000657,BATCH-1-CLM-0000655,none
batch-1-R000658,BATCH-1-CLM-0000656,none
batch-1-R000659,BATCH-1-CLM-0000657,none
batch-1-R000660,BATCH-1-CLM-0000658,none
batch-1-R000661,BATCH-1-CLM-0000659,none
batch-1-R000662,BATCH-1-CLM-0000660,none
batch-1-R000663,BATCH-1-CLM-0000661,none
batch-1-R000664,BATCH-1-CLM-0000662,none
batch-1-R000665,BATCH-1-CLM-0000663,none
batch-1-R000666,BATCH-1-CLM-0000664,none
batch-1-R000667,BATCH-1-CLM-0000665,none
batch-1-R000668,BATCH-1-CLM-0000666,none
batch-1-R000669,BATCH-1-CLM-0000667,none
batch-1-R000670,BATCH-1-CLM-0000668,none
batch-1-R000671,BATCH-1-CLM-0000669,none
batch-1-R000672,BATCH-1-CLM-0000670,none
batch-1-R000673,BATCH-1-CLM-0000671,none
batch-1-R000674,BATCH-1-CLM-0000672,none
batch-1-R000675,BATCH-1-CLM-0000673,none
batch-1-R000676,BATCH-1-CLM-0000674,none
batch-1-R000677,BATCH-1-CLM-0000675,none
batch-1-R000678,BATCH-1-CLM-0000676,none
batch-1-R000679,BATCH-1-CLM-0000677,none
batch-1-R000680,BATCH-1-CLM-0000678,none
batch-1-R000681,BATCH-1-CLM-0000679,none
batch-1-R000682,BATCH-1-CLM-0000680,none
batch-1-R000683,BATCH-1-CLM-0000681,none
batch-1-R000684,BATCH-1-CLM-0000682,none
batch-1-R000685,BATCH-1-CLM-0000683,none
batch-1-R000686,BATCH-1-CLM-0000684,none
batch-1-R000687,BATCH-1-CLM-0000685,none
batch-1-R000688,BATCH-1-CLM-0000686,none
batch-1-R000689,BATCH-1-CLM-0000687,none
batch-1-R000690,BATCH-1-CLM-0000688,none
batch-1-R000691,BATCH-1-CLM-0000689,none
batch-1-R000692,BATCH-1-CLM-0000690,none
batch-1-R000693,BATCH-1-CLM-0000691,none
batch-1-R000694,BATCH-1-CLM-0000692,none
batch-1-R000695,BATCH-1-CLM-0000693,none
batch-1-R000696,BATCH-1-CLM-0000694,none
batch-1-R000697,BATCH-1-CLM-0000695,none
batch-1-R000698,BATCH-1-CLM-0000696,none
batch-1-R000699,BATCH-1-CLM-0000697,none
batch-1-R000700,BATCH-1-CLM-0000698,none
batch-1-R000701,BATCH-1-CLM-0000699,none
batch-1-R000702,BATCH-1-CLM-0000700,none
batch-1-R000703,BATCH-1-CLM-0000701,none
batch-1-R000704,BATCH-1-CLM-0000702,none
batch-1-R000705,BATCH-1-CLM-0000703,none
batch-1-R000706,BATCH-1-CLM-0000704,none
batch-1-R000707,BATCH-1-CLM-0000705,none
batch-1-R000708,BATCH-1-CLM-0000706,none
batch-1-R000709,BATCH-1-CLM-0000707,none
batch-1-R000710,BATCH-1-CLM-0000708,none
batch-1-R000711,BATCH-1-CLM-0000709,none
batch-1-R000712,BATCH-1-CLM-0000710,none
batch-1-R000713,BATCH-1-CLM-0000711,none
batch-1-R000714,BATCH-1-CLM-0000712,none
batch-1-R000715,BATCH-1-CLM-0000713,none
batch-1-R000716,BATCH-1-CLM-0000714,none
batch-1-R000717,BATCH-1-CLM-0000715,none
batch-1-R000718,BATCH-1-CLM-0000716,none
batch-1-R000719,BATCH-1-CLM-0000717,none
batch-1-R000720,BATCH-1-CLM-0000718,none
batch-1-R000721,BATCH-1-CLM-0000719,none
batch-1-R000722,BATCH-1-CLM-0000720,none
batch-1-R000723,BATCH-1-CLM-0000721,none
batch-1-R000724,BATCH-1-CLM-0000722,none
batch-1-R000725,BATCH-1-CLM-0000723,none
batch-1-R000726,BATCH-1-CLM-0000724,none
batch-1-R000727,BATCH-1-CLM-0000725,none
batch-1-R000728,BATCH-1-CLM-0000726,none
batch-1-R000729,BATCH-1-CLM-0000727,none
batch-1-R000730,BATCH-1-CLM-0000728,none
batch-1-R000731,BATCH-1-CLM-0000729,none
batch-1-R000732,BATCH-1-CLM-0000730,none
batch-1-R000733,BATCH-1-CLM-0000731,none
batch-1-R000734,BATCH-1-CLM-0000725,none
batch-1-R000735,BATCH-1-CLM-0000732,none
batch-1-R000736,BATCH-1-CLM-0000733,none
batch-1-R000737,BATCH-1-CLM-0000734,none
batch-1-R000738,BATCH-1-CLM-0000735,none
batch-1-R000739,BATCH-1-CLM-0000736,none
batch-1-R000740,BATCH-1-CLM-0000737,none
batch-1-R000741,BATCH-1-CLM-0000738,none
batch-1-R000742,BATCH-1-CLM-0000739,none
batch-1-R000743,BATCH-1-CLM-0000740,none
batch-1-R000744,BATCH-1-CLM-0000741,none
batch-1-R000745,BATCH-1-CLM-0000742,none
batch-1-R000746,BATCH-1-CLM-0000743,none
batch-1-R000747,BATCH-1-CLM-0000744,none
batch-1-R000748,BATCH-1-CLM-0000745,none
batch-1-R000749,BATCH-1-CLM-0000746,none
batch-1-R000750,BATCH-1-CLM-0000747,none
batch-1-R000751,BATCH-1-CLM-0000748,none
batch-1-R000752,BATCH-1-CLM-0000749,none
batch-1-R000753,BATCH-1-CLM-0000750,none
batch-1-R000754,BATCH-1-CLM-0000751,none
batch-1-R000755,BATCH-1-CLM-0000752,none
batch-1-R000756,BATCH-1-CLM-0000753,none
batch-1-R000757,BATCH-1-CLM-0000754,none
batch-1-R000758,BATCH-1-CLM-0000755,none
batch-1-R000759,BATCH-1-CLM-0000756,none
batch-1-R000760,BATCH-1-CLM-0000757,none
batch-1-R000761,BATCH-1-CLM-0000758,none
batch-1-R000762,BATCH-1-CLM-0000759,none
batch-1-R000763,BATCH-1-CLM-0000760,none
batch-1-R000764,BATCH-1-CLM-0000761,none
batch-1-R000765,BATCH-1-CLM-0000762,none
batch-1-R000766,BATCH-1-CLM-0000763,none
batch-1-R000767,BATCH-1-CLM-0000764,none
batch-1-R000768,BATCH-1-CLM-0000765,none
batch-1-R000769,BATCH-1-CLM-0000766,none
batch-1-R000770,BATCH-1-CLM-0000767,none
batch-1-R000771,BATCH-1-CLM-0000768,none
batch-1-R000772,BATCH-1-CLM-0000769,none
batch-1-R000773,BATCH-1-CLM-0000770,none
batch-1-R000774,BATCH-1-CLM-0000771,none
batch-1-R000775,BATCH-1-CLM-0000772,none
batch-1-R000776,BATCH-1-CLM-0000773,none
batch-1-R000777,BATCH-1-CLM-0000774,none
batch-1-R000778,BATCH-1-CLM-0000775,none
batch-1-R000779,BATCH-1-CLM-0000776,none
batch-1-R000780,BATCH-1-CLM-0000777,none
batch-1-R000781,BATCH-1-CLM-0000778,none
batch-1-R000782,BATCH-1-CLM-0000779,none
batch-1-R000783,BATCH-1-CLM-0000780,none
batch-1-R000784,BATCH-1-CLM-0000781,none
batch-1-R000785,BATCH-1-CLM-0000782,none
batch-1-R000786,BATCH-1-CLM-0000783,none
batch-1-R000787,BATCH-1-CLM-0000784,none
batch-1-R000788,BATCH-1-CLM-0000785,none
batch-1-R000789,BATCH-1-CLM-0000786,none
batch-1-R000790,BATCH-1-CLM-0000787,none
batch-1-R000791,BATCH-1-CLM-0000788,none
batch-1-R000792,BATCH-1-CLM-0000789,none
batch-1-R000793,BATCH-1-CLM-0000790,none
batch-1-R000794,BATCH-1-CLM-0000791,none
batch-1-R000795,BATCH-1-CLM-0000792,none
batch-1-R000796,BATCH-1-CLM-0000793,none
batch-1-R000797,BATCH-1-CLM-0000794,none
batch-1-R000798,BATCH-1-CLM-0000795,none
batch-1-R000799,BATCH-1-CLM-0000796,none
batch-1-R000800,BATCH-1-CLM-0000797,none
batch-1-R000801,BATCH-1-CLM-0000798,none
batch-1-R000802,BATCH-1-CLM-0000799,none
batch-1-R000803,BATCH-1-CLM-0000800,none
batch-1-R000804,BATCH-1-CLM-0000801,none
batch-1-R000805,BATCH-1-CLM-0000802,none
batch-1-R000806,BATCH-1-CLM-0000803,none
batch-1-R000807,BATCH-1-CLM-0000804,none
batch-1-R000808,BATCH-1-CLM-0000805,none
batch-1-R000809,BATCH-1-CLM-0000806,none
batch-1-R000810,BATCH-1-CLM-0000807,none
batch-1-R000811,BATCH-1-CLM-0000808,none
batch-1-R000812,BATCH-1-CLM-0000809,none
batch-1-R000813,BATCH-1-CLM-0000810,none
batch-1-R000814,BATCH-1-CLM-0000811,none
batch-1-R000815,BATCH-1-CLM-0000812,none
batch-1-R000816,BATCH-1-CLM-0000813,none
batch-1-R000817,BATCH-1-CLM-0000814,none
batch-1-R000818,BATCH-1-CLM-0000815,none
batch-1-R000819,BATCH-1-CLM-0000816,none
batch-1-R000820,BATCH-1-CLM-0000817,none
batch-1-R000821,BATCH-1-CLM-0000818,none
batch-1-R000822,BATCH-1-CLM-0000819,none
batch-1-R000823,BATCH-1-CLM-0000820,none
batch-1-R000824,BATCH-1-CLM-0000821,none
batch-1-R000825,BATCH-1-CLM-0000822,none
batch-1-R000826,BATCH-1-CLM-0000823,none
batch-1-R000827,BATCH-1-CLM-0000824,none
batch-1-R000828,BATCH-1-CLM-0000825,none
batch-1-R000829,BATCH-1-CLM-0000826,none
batch-1-R000830,BATCH-1-CLM-0000827,none
batch-1-R000831,BATCH-1-CLM-0000828,none
batch-1-R000832,BATCH-1-CLM-0000829,none
batch-1-R000833,BATCH-1-CLM-0000830,none
batch-1-R000834,BATCH-1-CLM-0000831,none
batch-1-R000835,BATCH-1-CLM-0000832,none
batch-1-R000836,BATCH-1-CLM-0000833,none
batch-1-R000837,BATCH-1-CLM-0000834,none
batch-1-R000838,BATCH-1-CLM-0000835,none
batch-1-R000839,BATCH-1-CLM-0000836,none
batch-1-R000840,BATCH-1-CLM-0000837,none
batch-1-R000841,BATCH-1-CLM-0000838,none
batch-1-R000842,BATCH-1-CLM-0000839,none
batch-1-R000843,BATCH-1-CLM-0000840,none
batch-1-R000844,BATCH-1-CLM-0000841,none
batch-1-R000845,BATCH-1-CLM-0000842,none
batch-1-R000846,BATCH-1-CLM-0000843,none
batch-1-R000847,BATCH-1-CLM-0000844,none
batch-1-R000848,BATCH-1-CLM-0000845,none
batch-1-R000849,BATCH-1-CLM-0000846,none
batch-1-R000850,BATCH-1-CLM-0000847,none
batch-1-R000851,BATCH-1-CLM-0000848,none
batch-1-R000852,BATCH-1-CLM-0000849,none
batch-1-R000853,BATCH-1-CLM-0000850,none
batch-1-R000854,BATCH-1-CLM-0000851,none
batch-1-R000855,BATCH-1-CLM-0000852,none
batch-1-R000856,BATCH-1-CLM-0000853,none
batch-1-R000857,BATCH-1-CLM-0000854,none
batch-1-R000858,BATCH-1-CLM-0000855,none
batch-1-R000859,BATCH-1-CLM-0000856,none
batch-1-R000860,BATCH-1-CLM-0000857,none
batch-1-R000861,BATCH-1-CLM-0000858,none
batch-1-R000862,BATCH-1-CLM-0000859,none
batch-1-R000863,BATCH-1-CLM-0000860,none
batch-1-R000864,BATCH-1-CLM-0000861,none
batch-1-R000865,BATCH-1-CLM-0000862,none
batch-1-R000866,BATCH-1-CLM-0000863,none
batch-1-R000867,BATCH-1-CLM-0000864,none
batch-1-R000868,BATCH-1-CLM-0000865,none
batch-1-R000869,BATCH-1-CLM-0000866,none
batch-1-R000870,BATCH-1-CLM-0000867,none
batch-1-R000871,BATCH-1-CLM-0000868,none
batch-1-R000872,BATCH-1-CLM-0000858,none
batch-1-R000873,BATCH-1-CLM-0000869,none
batch-1-R000874,BATCH-1-CLM-0000870,none
batch-1-R000875,BATCH-1-CLM-0000871,none
batch-1-R000876,BATCH-1-CLM-0000872,none
batch-1-R000877,BATCH-1-CLM-0000873,none
batch-1-R000878,BATCH-1-CLM-0000874,none
batch-1-R000879,BATCH-1-CLM-0000875,none
batch-1-R000880,BATCH-1-CLM-0000876,none
batch-1-R000881,BATCH-1-CLM-0000877,none
batch-1-R000882,BATCH-1-CLM-0000878,none
batch-1-R000883,BATCH-1-CLM-0000879,none
batch-1-R000884,BATCH-1-CLM-0000880,none
batch-1-R000885,BATCH-1-CLM-0000881,none
batch-1-R000886,BATCH-1-CLM-0000882,none
batch-1-R000887,BATCH-1-CLM-0000883,none
batch-1-R000888,BATCH-1-CLM-0000884,none
batch-1-R000889,BATCH-1-CLM-0000885,none
batch-1-R000890,BATCH-1-CLM-0000886,none
batch-1-R000891,BATCH-1-CLM-0000887,none
batch-1-R000892,BATCH-1-CLM-0000888,none
batch-1-R000893,BATCH-1-CLM-0000889,none
batch-1-R000894,BATCH-1-CLM-0000890,none
batch-1-R000895,BATCH-1-CLM-0000891,none
batch-1-R000896,BATCH-1-CLM-0000892,none
batch-1-R000897,BATCH-1-CLM-0000893,none
batch-1-R000898,BATCH-1-CLM-0000894,none
batch-1-R000899,BATCH-1-CLM-0000895,none
batch-1-R000900,BATCH-1-CLM-0000896,none
batch-1-R000901,BATCH-1-CLM-0000897,none
batch-1-R000902,BATCH-1-CLM-0000898,none
batch-1-R000903,BATCH-1-CLM-0000899,none
batch-1-R000904,BATCH-1-CLM-0000900,none
batch-1-R000905,BATCH-1-CLM-0000901,none
batch-1-R000906,BATCH-1-CLM-0000902,none
batch-1-R000907,BATCH-1-CLM-0000903,none
batch-1-R000908,BATCH-1-CLM-0000904,none
batch-1-R000909,BATCH-1-CLM-0000905,none
batch-1-R000910,BATCH-1-CLM-0000906,none
batch-1-R000911,BATCH-1-CLM-0000907,missing_value_spike
batch-1-R000912,BATCH-1-CLM-0000890,missing_value_spike
batch-1-R000913,BATCH-1-CLM-0000908,none
batch-1-R000914,BATCH-1-CLM-0000909,missing_value_spike
batch-1-R000915,BATCH-1-CLM-0000910,missing_value_spike
batch-1-R000916,BATCH-1-CLM-0000911,none
batch-1-R000917,BATCH-1-CLM-0000912,missing_value_spike
batch-1-R000918,BATCH-1-CLM-0000913,none
batch-1-R000919,BATCH-1-CLM-0000914,missing_value_spike
batch-1-R000920,BATCH-1-CLM-0000915,missing_value_spike
batch-1-R000921,BATCH-1-CLM-0000916,missing_value_spike
batch-1-R000922,BATCH-1-CLM-0000917,none
batch-1-R000923,BATCH-1-CLM-0000918,none
batch-1-R000924,BATCH-1-CLM-0000919,missing_value_spike
batch-1-R000925,BATCH-1-CLM-0000920,none
batch-1-R000926,BATCH-1-CLM-0000921,missing_value_spike
batch-1-R000927,BATCH-1-CLM-0000922,none
batch-1-R000928,BATCH-1-CLM-0000923,none
batch-1-R000929,BATCH-1-CLM-0000924,missing_value_spike
batch-1-R000930,BATCH-1-CLM-0000925,missing_value_spike
batch-1-R000931,BATCH-1-CLM-0000926,missing_value_spike
batch-1-R000932,BATCH-1-CLM-0000927,missing_value_spike
batch-1-R000933,BATCH-1-CLM-0000928,missing_value_spike
batch-1-R000934,BATCH-1-CLM-0000929,none
batch-1-R000935,BATCH-1-CLM-0000930,none
batch-1-R000936,BATCH-1-CLM-0000931,none
batch-1-R000937,BATCH-1-CLM-0000932,none
batch-1-R000938,BATCH-1-CLM-0000933,none
batch-1-R000939,BATCH-1-CLM-0000934,missing_value_spike
batch-1-R000940,BATCH-1-CLM-0000935,missing_value_spike
batch-1-R000941,BATCH-1-CLM-0000936,missing_value_spike
batch-1-R000942,BATCH-1-CLM-0000937,none
batch-1-R000943,BATCH-1-CLM-0000938,missing_value_spike
batch-1-R000944,BATCH-1-CLM-0000939,none
batch-1-R000945,BATCH-1-CLM-0000940,none
batch-1-R000946,BATCH-1-CLM-0000941,none
batch-1-R000947,BATCH-1-CLM-0000942,missing_value_spike
batch-1-R000948,BATCH-1-CLM-0000937,duplicate_spike
batch-1-R000949,BATCH-1-CLM-0000931,duplicate_spike
batch-1-R000950,BATCH-1-CLM-0000932,duplicate_spike
batch-1-R000951,BATCH-1-CLM-0000918,duplicate_spike
batch-1-R000952,BATCH-1-CLM-0000923,duplicate_spike
batch-1-R000953,BATCH-1-CLM-0000939,duplicate_spike
batch-1-R000954,BATCH-1-CLM-0000929,duplicate_spike
batch-1-R000955,BATCH-1-CLM-0000911,duplicate_spike
batch-1-R000956,BATCH-1-CLM-0000922,duplicate_spike
batch-1-R000957,BATCH-1-CLM-0000913,duplicate_spike
batch-1-R000958,BATCH-1-CLM-0000940,duplicate_spike
batch-1-R000959,BATCH-1-CLM-0000941,duplicate_spike
batch-1-R000960,BATCH-1-CLM-0000917,duplicate_spike
batch-1-R000961,BATCH-1-CLM-0000933,duplicate_spike
batch-1-R000962,BATCH-1-CLM-0000930,duplicate_spike
batch-1-R000963,BATCH-1-CLM-0000908,duplicate_spike
batch-1-R000964,BATCH-1-CLM-0000920,duplicate_spike
batch-1-R000965,BATCH-1-CLM-0000943,missing_value_spike
batch-1-R000966,BATCH-1-CLM-0000944,missing_value_spike
batch-1-R000967,BATCH-1-CLM-0000945,none
batch-1-R000968,BATCH-1-CLM-0000946,none
batch-1-R000969,BATCH-1-CLM-0000947,none
batch-1-R000970,BATCH-1-CLM-0000948,none
batch-1-R000971,BATCH-1-CLM-0000949,missing_value_spike
batch-1-R000972,BATCH-1-CLM-0000950,missing_value_spike
batch-1-R000973,BATCH-1-CLM-0000951,none
batch-1-R000974,BATCH-1-CLM-0000952,missing_value_spike
batch-1-R000975,BATCH-1-CLM-0000953,none
batch-1-R000976,BATCH-1-CLM-0000954,missing_value_spike
batch-1-R000977,BATCH-1-CLM-0000955,none
batch-1-R000978,BATCH-1-CLM-0000956,none
batch-1-R000979,BATCH-1-CLM-0000957,missing_value_spike
batch-1-R000980,BATCH-1-CLM-0000958,missing_value_spike
batch-1-R000981,BATCH-1-CLM-0000959,missing_value_spike
batch-1-R000982,BATCH-1-CLM-0000960,none
batch-1-R000983,BATCH-1-CLM-0000961,missing_value_spike
batch-1-R000984,BATCH-1-CLM-0000962,none
batch-1-R000985,BATCH-1-CLM-0000963,missing_value_spike
batch-1-R000986,BATCH-1-CLM-0000964,missing_value_spike
batch-1-R000987,BATCH-1-CLM-0000965,none
batch-1-R000988,BATCH-1-CLM-0000966,none
batch-1-R000989,BATCH-1-CLM-0000967,missing_value_spike
batch-1-R000990,BATCH-1-CLM-0000968,missing_value_spike
batch-1-R000991,BATCH-1-CLM-0000969,missing_value_spike
batch-1-R000992,BATCH-1-CLM-0000970,missing_value_spike
batch-1-R000993,BATCH-1-CLM-0000971,none
batch-1-R000994,BATCH-1-CLM-0000972,none
batch-1-R000995,BATCH-1-CLM-0000973,missing_value_spike
batch-1-R000996,BATCH-1-CLM-0000974,none
batch-1-R000997,BATCH-1-CLM-0000975,none
batch-1-R000998,BATCH-1-CLM-0000976,none
batch-1-R000999,BATCH-1-CLM-0000977,missing_value_spike
batch-1-R001000,BATCH-1-CLM-0000978,none
batch-1-R001001,BATCH-1-CLM-0000979,missing_value_spike
batch-1-R001002,BATCH-1-CLM-0000980,missing_value_spike
batch-1-R001003,BATCH-1-CLM-0000981,missing_value_spike
batch-1-R001004,BATCH-1-CLM-0000982,none
batch-1-R001005,BATCH-1-CLM-0000983,none
batch-1-R001006,BATCH-1-CLM-0000984,missing_value_spike
batch-1-R001007,BATCH-1-CLM-0000985,missing_value_spike
batch-1-R001008,BATCH-1-CLM-0000986,none
batch-1-R001009,BATCH-1-CLM-0000987,none
batch-1-R001010,BATCH-1-CLM-0000988,missing_value_spike
batch-1-R001011,BATCH-1-CLM-0000989,missing_value_spike
batch-1-R001012,BATCH-1-CLM-0000990,missing_value_spike
batch-1-R001013,BATCH-1-CLM-0000991,none
batch-1-R001014,BATCH-1-CLM-0000982,duplicate_spike
batch-1-R001015,BATCH-1-CLM-0000978,duplicate_spike
batch-1-R001016,BATCH-1-CLM-0000948,duplicate_spike
batch-1-R001017,BATCH-1-CLM-0000951,duplicate_spike
batch-1-R001018,BATCH-1-CLM-0000971,duplicate_spike
batch-1-R001019,BATCH-1-CLM-0000947,duplicate_spike
batch-1-R001020,BATCH-1-CLM-0000975,duplicate_spike
batch-1-R001021,BATCH-1-CLM-0000986,duplicate_spike
batch-1-R001022,BATCH-1-CLM-0000960,duplicate_spike
batch-1-R001023,BATCH-1-CLM-0000962,duplicate_spike
batch-1-R001024,BATCH-1-CLM-0000976,duplicate_spike
batch-1-R001025,BATCH-1-CLM-0000991,duplicate_spike
batch-1-R001026,BATCH-1-CLM-0000987,duplicate_spike
batch-1-R001027,BATCH-1-CLM-0000946,duplicate_spike
batch-1-R001028,BATCH-1-CLM-0000953,duplicate_spike
batch-1-R001029,BATCH-1-CLM-0000972,duplicate_spike
batch-1-R001030,BATCH-1-CLM-0000955,duplicate_spike
batch-1-R001031,BATCH-1-CLM-0000974,duplicate_spike
batch-1-R001032,BATCH-1-CLM-0000983,duplicate_spike
batch-1-R001033,BATCH-1-CLM-0000965,duplicate_spike
batch-1-R001034,BATCH-1-CLM-0000956,duplicate_spike
batch-1-R001035,BATCH-1-CLM-0000945,duplicate_spike
batch-1-R001036,BATCH-1-CLM-0000966,duplicate_spike
batch-1-R001037,BATCH-1-CLM-0000992,missing_value_spike
batch-1-R001038,BATCH-1-CLM-0000993,none
batch-1-R001039,BATCH-1-CLM-0000994,none
batch-1-R001040,BATCH-1-CLM-0000995,missing_value_spike
batch-1-R001041,BATCH-1-CLM-0000996,none
batch-1-R001042,BATCH-1-CLM-0000997,none
batch-1-R001043,BATCH-1-CLM-0000998,none
batch-1-R001044,BATCH-1-CLM-0000999,none
batch-1-R001045,BATCH-1-CLM-0001000,none
batch-1-R001046,BATCH-1-CLM-0001001,none
batch-1-R001047,BATCH-1-CLM-0001002,none
batch-1-R001048,BATCH-1-CLM-0001003,none
batch-1-R001049,BATCH-1-CLM-0001004,none
batch-1-R001050,BATCH-1-CLM-0001005,none
batch-1-R001051,BATCH-1-CLM-0001006,none
batch-1-R001052,BATCH-1-CLM-0001007,none
batch-1-R001053,BATCH-1-CLM-0001008,none
batch-1-R001054,BATCH-1-CLM-0001009,none
batch-1-R001055,BATCH-1-CLM-0001010,none
batch-1-R001056,BATCH-1-CLM-0001011,none
batch-1-R001057,BATCH-1-CLM-0001012,none
batch-1-R001058,BATCH-1-CLM-0001013,none
batch-1-R001059,BATCH-1-CLM-0001014,none
batch-1-R001060,BATCH-1-CLM-0001015,none
batch-1-R001061,BATCH-1-CLM-0001016,none
batch-1-R001062,BATCH-1-CLM-0001017,none
batch-1-R001063,BATCH-1-CLM-0001018,none
batch-1-R001064,BATCH-1-CLM-0001019,none
batch-1-R001065,BATCH-1-CLM-0001020,none
batch-1-R001066,BATCH-1-CLM-0001021,none
batch-1-R001067,BATCH-1-CLM-0001022,none
batch-1-R001068,BATCH-1-CLM-0001023,none
batch-1-R001069,BATCH-1-CLM-0001024,none
batch-1-R001070,BATCH-1-CLM-0001025,none
batch-1-R001071,BATCH-1-CLM-0001026,none
batch-1-R001072,BATCH-1-CLM-0001027,none
batch-1-R001073,BATCH-1-CLM-0001028,none
batch-1-R001074,BATCH-1-CLM-0001029,none
batch-1-R001075,BATCH-1-CLM-0001030,none
batch-1-R001076,BATCH-1-CLM-0000993,duplicate_spike
batch-1-R001077,BATCH-1-CLM-0000994,duplicate_spike
batch-1-R001078,BATCH-1-CLM-0001031,none
batch-1-R001079,BATCH-1-CLM-0001032,none
batch-1-R001080,BATCH-1-CLM-0001033,none
batch-1-R001081,BATCH-1-CLM-0001034,none
batch-1-R001082,BATCH-1-CLM-0001035,none
batch-1-R001083,BATCH-1-CLM-0001036,none
batch-1-R001084,BATCH-1-CLM-0001037,none
batch-1-R001085,BATCH-1-CLM-0001038,none
batch-1-R001086,BATCH-1-CLM-0001039,none
batch-1-R001087,BATCH-1-CLM-0001040,none
batch-1-R001088,BATCH-1-CLM-0001041,none
batch-1-R001089,BATCH-1-CLM-0001042,none
batch-1-R001090,BATCH-1-CLM-0001043,none
batch-1-R001091,BATCH-1-CLM-0001044,none
batch-1-R001092,BATCH-1-CLM-0001045,none
batch-1-R001093,BATCH-1-CLM-0001046,none
batch-1-R001094,BATCH-1-CLM-0001047,none
batch-1-R001095,BATCH-1-CLM-0001048,none
batch-1-R001096,BATCH-1-CLM-0001049,none
batch-1-R001097,BATCH-1-CLM-0001050,none
batch-1-R001098,BATCH-1-CLM-0001051,none
batch-1-R001099,BATCH-1-CLM-0001052,none
batch-1-R001100,BATCH-1-CLM-0001053,none
batch-1-R001101,BATCH-1-CLM-0001054,none
batch-1-R001102,BATCH-1-CLM-0001055,none
batch-1-R001103,BATCH-1-CLM-0001056,none
batch-1-R001104,BATCH-1-CLM-0001057,none
batch-1-R001105,BATCH-1-CLM-0001058,none
batch-1-R001106,BATCH-1-CLM-0001059,none
batch-1-R001107,BATCH-1-CLM-0001060,none
batch-1-R001108,BATCH-1-CLM-0001061,none
batch-1-R001109,BATCH-1-CLM-0001062,none
batch-1-R001110,BATCH-1-CLM-0001063,none
batch-1-R001111,BATCH-1-CLM-0001064,none
batch-1-R001112,BATCH-1-CLM-0001065,none
batch-1-R001113,BATCH-1-CLM-0001066,none
batch-1-R001114,BATCH-1-CLM-0001067,none
batch-1-R001115,BATCH-1-CLM-0001068,none
batch-1-R001116,BATCH-1-CLM-0001069,none
batch-1-R001117,BATCH-1-CLM-0001070,none
batch-1-R001118,BATCH-1-CLM-0001071,none
batch-1-R001119,BATCH-1-CLM-0001072,none
batch-1-R001120,BATCH-1-CLM-0001073,none
batch-1-R001121,BATCH-1-CLM-0001074,none
batch-1-R001122,BATCH-1-CLM-0001075,none
batch-1-R001123,BATCH-1-CLM-0001076,none
batch-1-R001124,BATCH-1-CLM-0001077,none
batch-1-R001125,BATCH-1-CLM-0001078,none
batch-1-R001126,BATCH-1-CLM-0001079,none
batch-1-R001127,BATCH-1-CLM-0001080,none
batch-1-R001128,BATCH-1-CLM-0001081,none
batch-1-R001129,BATCH-1-CLM-0001082,none
batch-1-R001130,BATCH-1-CLM-0001083,none
batch-1-R001131,BATCH-1-CLM-0001084,none
batch-1-R001132,BATCH-1-CLM-0001085,none
batch-1-R001133,BATCH-1-CLM-0001086,none
batch-1-R001134,BATCH-1-CLM-0001087,none
batch-1-R001135,BATCH-1-CLM-0001088,none
batch-1-R001136,BATCH-1-CLM-0001089,none
batch-1-R001137,BATCH-1-CLM-0001090,none
batch-1-R001138,BATCH-1-CLM-0001091,none
batch-1-R001139,BATCH-1-CLM-0001092,none
batch-1-R001140,BATCH-1-CLM-0001093,none
batch-1-R001141,BATCH-1-CLM-0001094,none
batch-1-R001142,BATCH-1-CLM-0001095,none
batch-1-R001143,BATCH-1-CLM-0001096,none
batch-1-R001144,BATCH-1-CLM-0001097,none
batch-1-R001145,BATCH-1-CLM-0001098,none
batch-1-R001146,BATCH-1-CLM-0001099,none
batch-1-R001147,BATCH-1-CLM-0001100,none
batch-1-R001148,BATCH-1-CLM-0001101,none
batch-1-R001149,BATCH-1-CLM-0001102,none
batch-1-R001150,BATCH-1-CLM-0001103,none
batch-1-R001151,BATCH-1-CLM-0001104,none
batch-1-R001152,BATCH-1-CLM-0001105,none
batch-1-R001153,BATCH-1-CLM-0001106,none
batch-1-R001154,BATCH-1-CLM-0001107,none
batch-1-R001155,BATCH-1-CLM-0001108,none
batch-1-R001156,BATCH-1-CLM-0001109,none
batch-1-R001157,BATCH-1-CLM-0001110,none
batch-1-R001158,BATCH-1-CLM-0001111,none
batch-1-R001159,BATCH-1-CLM-0001112,none
batch-1-R001160,BATCH-1-CLM-0001113,none
batch-1-R001161,BATCH-1-CLM-0001114,none
batch-1-R001162,BATCH-1-CLM-0001115,none
batch-1-R001163,BATCH-1-CLM-0001116,none
batch-1-R001164,BATCH-1-CLM-0001117,none
batch-1-R001165,BATCH-1-CLM-0001118,none
batch-1-R001166,BATCH-1-CLM-0001119,none
batch-1-R001167,BATCH-1-CLM-0001120,none
batch-1-R001168,BATCH-1-CLM-0001121,none
batch-1-R001169,BATCH-1-CLM-0001122,none
batch-1-R001170,BATCH-1-CLM-0001123,none
batch-1-R001171,BATCH-1-CLM-0001124,none
batch-1-R001172,BATCH-1-CLM-0001125,none
batch-1-R001173,BATCH-1-CLM-0001126,none
batch-1-R001174,BATCH-1-CLM-0001127,none
batch-1-R001175,BATCH-1-CLM-0001128,none
batch-1-R001176,BATCH-1-CLM-0001129,none
batch-1-R001177,BATCH-1-CLM-0001130,none
batch-1-R001178,BATCH-1-CLM-0001131,none
batch-1-R001179,BATCH-1-CLM-0001132,none
batch-1-R001180,BATCH-1-CLM-0001133,none
batch-1-R001181,BATCH-1-CLM-0001134,none
batch-1-R001182,BATCH-1-CLM-0001135,none
batch-1-R001183,BATCH-1-CLM-0001136,none
batch-1-R001184,BATCH-1-CLM-0001137,none
batch-1-R001185,BATCH-1-CLM-0001138,none
batch-1-R001186,BATCH-1-CLM-0001139,none
batch-1-R001187,BATCH-1-CLM-0001140,none
batch-1-R001188,BATCH-1-CLM-0001141,none
batch-1-R001189,BATCH-1-CLM-0001142,none
batch-1-R001190,BATCH-1-CLM-0001143,none
batch-1-R001191,BATCH-1-CLM-0001144,none
batch-1-R001192,BATCH-1-CLM-0001145,none
batch-1-R001193,BATCH-1-CLM-0001146,none
batch-1-R001194,BATCH-1-CLM-0001147,none
batch-1-R001195,BATCH-1-CLM-0001148,none
batch-1-R001196,BATCH-1-CLM-0001149,none
batch-1-R001197,BATCH-1-CLM-0001150,none
batch-1-R001198,BATCH-1-CLM-0001151,none
batch-1-R001199,BATCH-1-CLM-0001152,none
batch-1-R001200,BATCH-1-CLM-0001153,none
batch-1-R001201,BATCH-1-CLM-0001154,none
batch-1-R001202,BATCH-1-CLM-0001155,none
batch-1-R001203,BATCH-1-CLM-0001156,none
batch-1-R001204,BATCH-1-CLM-0001157,none
batch-1-R001205,BATCH-1-CLM-0001158,none
batch-1-R001206,BATCH-1-CLM-0001159,none
batch-1-R001207,BATCH-1-CLM-0001160,none
batch-1-R001208,BATCH-1-CLM-0001161,none
batch-1-R001209,BATCH-1-CLM-0001162,none
batch-1-R001210,BATCH-1-CLM-0001163,none
batch-1-R001211,BATCH-1-CLM-0001164,none
batch-1-R001212,BATCH-1-CLM-0001165,none
batch-1-R001213,BATCH-1-CLM-0001166,none
batch-1-R001214,BATCH-1-CLM-0001167,none
batch-1-R001215,BATCH-1-CLM-0001168,none
batch-1-R001216,BATCH-1-CLM-0001169,none
batch-1-R001217,BATCH-1-CLM-0001170,none
batch-1-R001218,BATCH-1-CLM-0001171,none
batch-1-R001219,BATCH-1-CLM-0001172,none
batch-1-R001220,BATCH-1-CLM-0001173,none
batch-1-R001221,BATCH-1-CLM-0001174,none
batch-1-R001222,BATCH-1-CLM-0001175,none
batch-1-R001223,BATCH-1-CLM-0001176,none
batch-1-R001224,BATCH-1-CLM-0001177,none
batch-1-R001225,BATCH-1-CLM-0001178,none
batch-1-R001226,BATCH-1-CLM-0001179,none
batch-1-R001227,BATCH-1-CLM-0001180,none
batch-1-R001228,BATCH-1-CLM-0001181,none
batch-1-R001229,BATCH-1-CLM-0001182,none
batch-1-R001230,BATCH-1-CLM-0001183,none
batch-1-R001231,BATCH-1-CLM-0001184,none
batch-1-R001232,BATCH-1-CLM-0001185,none
batch-1-R001233,BATCH-1-CLM-0001186,none
batch-1-R001234,BATCH-1-CLM-0001187,none
batch-1-R001235,BATCH-1-CLM-0001188,none
batch-1-R001236,BATCH-1-CLM-0001189,none
batch-1-R001237,BATCH-1-CLM-0001190,none
batch-1-R001238,BATCH-1-CLM-0001191,none
batch-1-R001239,BATCH-1-CLM-0001192,none
batch-1-R001240,BATCH-1-CLM-0001193,none
batch-1-R001241,BATCH-1-CLM-0001194,none
batch-1-R001242,BATCH-1-CLM-0001195,none
batch-1-R001243,BATCH-1-CLM-0001196,none
batch-1-R001244,BATCH-1-CLM-0001197,none
batch-1-R001245,BATCH-1-CLM-0001198,none
batch-1-R001246,BATCH-1-CLM-0001199,none
batch-1-R001247,BATCH-1-CLM-0001200,none
batch-1-R001248,BATCH-1-CLM-0001201,none
batch-1-R001249,BATCH-1-CLM-0001202,none
batch-1-R001250,BATCH-1-CLM-0001203,none
batch-1-R001251,BATCH-1-CLM-0001204,none
batch-1-R001252,BATCH-1-CLM-0001205,none
batch-1-R001253,BATCH-1-CLM-0001206,none
batch-1-R001254,BATCH-1-CLM-0001207,none
batch-1-R001255,BATCH-1-CLM-0001208,none
batch-1-R001256,BATCH-1-CLM-0001209,none
batch-1-R001257,BATCH-1-CLM-0001210,none
batch-1-R001258,BATCH-1-CLM-0001211,none
batch-1-R001259,BATCH-1-CLM-0001212,none
batch-1-R001260,BATCH-1-CLM-0001213,none
batch-1-R001261,BATCH-1-CLM-0001214,none
batch-1-R001262,BATCH-1-CLM-0001215,none
batch-1-R001263,BATCH-1-CLM-0001216,none
batch-1-R001264,BATCH-1-CLM-0001217,none
batch-1-R001265,BATCH-1-CLM-0001218,none
batch-1-R001266,BATCH-1-CLM-0001219,none
batch-1-R001267,BATCH-1-CLM-0001220,none
batch-1-R001268,BATCH-1-CLM-0001221,none
batch-1-R001269,BATCH-1-CLM-0001222,none
batch-1-R001270,BATCH-1-CLM-0001223,none
batch-1-R001271,BATCH-1-CLM-0001224,none
batch-1-R001272,BATCH-1-CLM-0001225,none
batch-1-R001273,BATCH-1-CLM-0001226,none
batch-1-R001274,BATCH-1-CLM-0001227,none
batch-1-R001275,BATCH-1-CLM-0001228,none
batch-1-R001276,BATCH-1-CLM-0001229,none
batch-1-R001277,BATCH-1-CLM-0001230,none
batch-1-R001278,BATCH-1-CLM-0001231,none
batch-1-R001279,BATCH-1-CLM-0001232,none
batch-1-R001280,BATCH-1-CLM-0001233,none
batch-1-R001281,BATCH-1-CLM-0001234,none
batch-1-R001282,BATCH-1-CLM-0001235,none
batch-1-R001283,BATCH-1-CLM-0001236,none
batch-1-R001284,BATCH-1-CLM-0001237,none
batch-1-R001285,BATCH-1-CLM-0001238,none
batch-1-R001286,BATCH-1-CLM-0001239,none
batch-1-R001287,BATCH-1-CLM-0001240,none
batch-1-R001288,BATCH-1-CLM-0001241,none
batch-1-R001289,BATCH-1-CLM-0001242,none
batch-1-R001290,BATCH-1-CLM-0001243,none
batch-1-R001291,BATCH-1-CLM-0001244,none
batch-1-R001292,BATCH-1-CLM-0001245,none
batch-1-R001293,BATCH-1-CLM-0001246,none
batch-1-R001294,BATCH-1-CLM-0001247,none
batch-1-R001295,BATCH-1-CLM-0001248,none
batch-1-R001296,BATCH-1-CLM-0001249,none
batch-1-R001297,BATCH-1-CLM-0001250,none
batch-1-R001298,BATCH-1-CLM-0001251,none
batch-1-R001299,BATCH-1-CLM-0001252,none
batch-1-R001300,BATCH-1-CLM-0001253,none
batch-1-R001301,BATCH-1-CLM-0001254,none
batch-1-R001302,BATCH-1-CLM-0001255,none
batch-1-R001303,BATCH-1-CLM-0001256,missing_value_spike
batch-1-R001304,BATCH-1-CLM-0001257,missing_value_spike
batch-1-R001305,BATCH-1-CLM-0001258,none
batch-1-R001306,BATCH-1-CLM-0001259,none
batch-1-R001307,BATCH-1-CLM-0001260,none
batch-1-R001308,BATCH-1-CLM-0001261,missing_value_spike
batch-1-R001309,BATCH-1-CLM-0001262,missing_value_spike
batch-1-R001310,BATCH-1-CLM-0001263,none
batch-1-R001311,BATCH-1-CLM-0001264,none
batch-1-R001312,BATCH-1-CLM-0001265,missing_value_spike
batch-1-R001313,BATCH-1-CLM-0001266,missing_value_spike
batch-1-R001314,BATCH-1-CLM-0001267,missing_value_spike
batch-1-R001315,BATCH-1-CLM-0001268,missing_value_spike
batch-1-R001316,BATCH-1-CLM-0001269,none
batch-1-R001317,BATCH-1-CLM-0001270,none
batch-1-R001318,BATCH-1-CLM-0001271,missing_value_spike
batch-1-R001319,BATCH-1-CLM-0001272,missing_value_spike
batch-1-R001320,BATCH-1-CLM-0001273,none
batch-1-R001321,BATCH-1-CLM-0001274,none
batch-1-R001322,BATCH-1-CLM-0001275,none
batch-1-R001323,BATCH-1-CLM-0001276,missing_value_spike
batch-1-R001324,BATCH-1-CLM-0001277,missing_value_spike
batch-1-R001325,BATCH-1-CLM-0001278,none
batch-1-R001326,BATCH-1-CLM-0001279,none
batch-1-R001327,BATCH-1-CLM-0001280,none
batch-1-R001328,BATCH-1-CLM-0001281,none
batch-1-R001329,BATCH-1-CLM-0001282,none
batch-1-R001330,BATCH-1-CLM-0001283,none
batch-1-R001331,BATCH-1-CLM-0001284,none
batch-1-R001332,BATCH-1-CLM-0001285,none
batch-1-R001333,BATCH-1-CLM-0001286,none
batch-1-R001334,BATCH-1-CLM-0001287,none
batch-1-R001335,BATCH-1-CLM-0001288,none
batch-1-R001336,BATCH-1-CLM-0001289,none
batch-1-R001337,BATCH-1-CLM-0001290,none
batch-1-R001338,BATCH-1-CLM-0001291,none
batch-1-R001339,BATCH-1-CLM-0001292,none
batch-1-R001340,BATCH-1-CLM-0001293,none
batch-1-R001341,BATCH-1-CLM-0001294,none
batch-1-R001342,BATCH-1-CLM-0001295,none
batch-1-R001343,BATCH-1-CLM-0001296,none
batch-1-R001344,BATCH-1-CLM-0001297,none
batch-1-R001345,BATCH-1-CLM-0001298,none
batch-1-R001346,BATCH-1-CLM-0001299,none
batch-1-R001347,BATCH-1-CLM-0001300,none
batch-1-R001348,BATCH-1-CLM-0001301,none
batch-1-R001349,BATCH-1-CLM-0001302,none
batch-1-R001350,BATCH-1-CLM-0001303,none
batch-1-R001351,BATCH-1-CLM-0001304,none
batch-1-R001352,BATCH-1-CLM-0001305,none
batch-1-R001353,BATCH-1-CLM-0001306,none
batch-1-R001354,BATCH-1-CLM-0001307,none
batch-1-R001355,BATCH-1-CLM-0001308,none
batch-1-R001356,BATCH-1-CLM-0001309,none
batch-1-R001357,BATCH-1-CLM-0001310,none
batch-1-R001358,BATCH-1-CLM-0001311,none
batch-1-R001359,BATCH-1-CLM-0001312,none
batch-1-R001360,BATCH-1-CLM-0001313,none
batch-1-R001361,BATCH-1-CLM-0001314,none
batch-1-R001362,BATCH-1-CLM-0001315,none
batch-1-R001363,BATCH-1-CLM-0001316,none
batch-1-R001364,BATCH-1-CLM-0001317,none
batch-1-R001365,BATCH-1-CLM-0001318,none
batch-1-R001366,BATCH-1-CLM-0001319,none
batch-1-R001367,BATCH-1-CLM-0001320,none
batch-1-R001368,BATCH-1-CLM-0001321,none
batch-1-R001369,BATCH-1-CLM-0001322,none
batch-1-R001370,BATCH-1-CLM-0001323,none
batch-1-R001371,BATCH-1-CLM-0001324,none
batch-1-R001372,BATCH-1-CLM-0001325,none
batch-1-R001373,BATCH-1-CLM-0001326,none
batch-1-R001374,BATCH-1-CLM-0001327,none
batch-1-R001375,BATCH-1-CLM-0001328,none
batch-1-R001376,BATCH-1-CLM-0001329,none
batch-1-R001377,BATCH-1-CLM-0001330,none
batch-1-R001378,BATCH-1-CLM-0001331,none
batch-1-R001379,BATCH-1-CLM-0001332,none
batch-1-R001380,BATCH-1-CLM-0001333,none
batch-1-R001381,BATCH-1-CLM-0001334,none
batch-1-R001382,BATCH-1-CLM-0001335,none
batch-1-R001383,BATCH-1-CLM-0001336,none
batch-1-R001384,BATCH-1-CLM-0001337,none
batch-1-R001385,BATCH-1-CLM-0001338,none
batch-1-R001386,BATCH-1-CLM-0001339,none
batch-1-R001387,BATCH-1-CLM-0001340,none
batch-1-R001388,BATCH-1-CLM-0001341,none
batch-1-R001389,BATCH-1-CLM-0001342,none
batch-1-R001390,BATCH-1-CLM-0001343,none
batch-1-R001391,BATCH-1-CLM-0001344,none
batch-1-R001392,BATCH-1-CLM-0001345,none
batch-1-R001393,BATCH-1-CLM-0001324,none
batch-1-R001394,BATCH-1-CLM-0001346,none
batch-1-R001395,BATCH-1-CLM-0001347,none
batch-1-R001396,BATCH-1-CLM-0001348,none
batch-1-R001397,BATCH-1-CLM-0001349,none
batch-1-R001398,BATCH-1-CLM-0001350,none
batch-1-R001399,BATCH-1-CLM-0001351,none
batch-1-R001400,BATCH-1-CLM-0001352,none
batch-1-R001401,BATCH-1-CLM-0001353,none
batch-1-R001402,BATCH-1-CLM-0001354,none
batch-1-R001403,BATCH-1-CLM-0001355,none
batch-1-R001404,BATCH-1-CLM-0001356,none
batch-1-R001405,BATCH-1-CLM-0001357,none
batch-1-R001406,BATCH-1-CLM-0001358,none
batch-1-R001407,BATCH-1-CLM-0001359,none
batch-1-R001408,BATCH-1-CLM-0001360,none
batch-1-R001409,BATCH-1-CLM-0001361,none
batch-1-R001410,BATCH-1-CLM-0001362,none
batch-1-R001411,BATCH-1-CLM-0001363,none
batch-1-R001412,BATCH-1-CLM-0001364,none
batch-1-R001413,BATCH-1-CLM-0001365,none
batch-1-R001414,BATCH-1-CLM-0001366,none
batch-1-R001415,BATCH-1-CLM-0001367,none
batch-1-R001416,BATCH-1-CLM-0001368,none
batch-1-R001417,BATCH-1-CLM-0001369,none
batch-1-R001418,BATCH-1-CLM-0001370,none
batch-1-R001419,BATCH-1-CLM-0001371,none
batch-1-R001420,BATCH-1-CLM-0001372,none
batch-1-R001421,BATCH-1-CLM-0001373,none
batch-1-R001422,BATCH-1-CLM-0001374,none
batch-1-R001423,BATCH-1-CLM-0001375,none
batch-1-R001424,BATCH-1-CLM-0001376,none
batch-1-R001425,BATCH-1-CLM-0001377,none
batch-1-R001426,BATCH-1-CLM-0001378,none
batch-1-R001427,BATCH-1-CLM-0001379,none
batch-1-R001428,BATCH-1-CLM-0001380,none
batch-1-R001429,BATCH-1-CLM-0001381,none
batch-1-R001430,BATCH-1-CLM-0001382,none
batch-1-R001431,BATCH-1-CLM-0001383,none
batch-1-R001432,BATCH-1-CLM-0001378,duplicate_spike
batch-1-R001433,BATCH-1-CLM-0001382,duplicate_spike
batch-1-R001434,BATCH-1-CLM-0001380,duplicate_spike
batch-1-R001435,BATCH-1-CLM-0001383,duplicate_spike
batch-1-R001436,BATCH-1-CLM-0001384,none
batch-1-R001437,BATCH-1-CLM-0001385,none
batch-1-R001438,BATCH-1-CLM-0001386,none
batch-1-R001439,BATCH-1-CLM-0001387,none
batch-1-R001440,BATCH-1-CLM-0001388,none
batch-1-R001441,BATCH-1-CLM-0001389,none
batch-1-R001442,BATCH-1-CLM-0001390,none
batch-1-R001443,BATCH-1-CLM-0001391,none
batch-1-R001444,BATCH-1-CLM-0001392,none
batch-1-R001445,BATCH-1-CLM-0001393,none
batch-1-R001446,BATCH-1-CLM-0001394,none
batch-1-R001447,BATCH-1-CLM-0001395,none
batch-1-R001448,BATCH-1-CLM-0001396,none
batch-1-R001449,BATCH-1-CLM-0001397,none
batch-1-R001450,BATCH-1-CLM-0001398,none
batch-1-R001451,BATCH-1-CLM-0001399,none
batch-1-R001452,BATCH-1-CLM-0001400,none
batch-1-R001453,BATCH-1-CLM-0001401,none
batch-1-R001454,BATCH-1-CLM-0001402,none
batch-1-R001455,BATCH-1-CLM-0001403,none
batch-1-R001456,BATCH-1-CLM-0001404,none
batch-1-R001457,BATCH-1-CLM-0001405,none
batch-1-R001458,BATCH-1-CLM-0001406,none
batch-1-R001459,BATCH-1-CLM-0001407,none
batch-1-R001460,BATCH-1-CLM-0001408,none
batch-1-R001461,BATCH-1-CLM-0001409,none
batch-1-R001462,BATCH-1-CLM-0001410,none
batch-1-R001463,BATCH-1-CLM-0001411,none
batch-1-R001464,BATCH-1-CLM-0001412,none
batch-1-R001465,BATCH-1-CLM-0001413,none
batch-1-R001466,BATCH-1-CLM-0001414,none
batch-1-R001467,BATCH-1-CLM-0001391,none
batch-1-R001468,BATCH-1-CLM-0001398,duplicate_spike
batch-1-R001469,BATCH-1-CLM-0001385,duplicate_spike
batch-1-R001470,BATCH-1-CLM-0001388,duplicate_spike
batch-1-R001471,BATCH-1-CLM-0001400,duplicate_spike
batch-1-R001472,BATCH-1-CLM-0001392,duplicate_spike
batch-1-R001473,BATCH-1-CLM-0001387,duplicate_spike
batch-1-R001474,BATCH-1-CLM-0001396,duplicate_spike
batch-1-R001475,BATCH-1-CLM-0001391,duplicate_spike
batch-1-R001476,BATCH-1-CLM-0001415,none
batch-1-R001477,BATCH-1-CLM-0001416,none
batch-1-R001478,BATCH-1-CLM-0001417,none
batch-1-R001479,BATCH-1-CLM-0001418,none
batch-1-R001480,BATCH-1-CLM-0001419,none
batch-1-R001481,BATCH-1-CLM-0001420,none
batch-1-R001482,BATCH-1-CLM-0001421,none
batch-1-R001483,BATCH-1-CLM-0001422,none
batch-1-R001484,BATCH-1-CLM-0001423,none
batch-1-R001485,BATCH-1-CLM-0001424,none
batch-1-R001486,BATCH-1-CLM-0001425,none
batch-1-R001487,BATCH-1-CLM-0001426,none
batch-1-R001488,BATCH-1-CLM-0001427,none
batch-1-R001489,BATCH-1-CLM-0001428,none
batch-1-R001490,BATCH-1-CLM-0001429,none
batch-1-R001491,BATCH-1-CLM-0001430,none
batch-1-R001492,BATCH-1-CLM-0001431,none
batch-1-R001493,BATCH-1-CLM-0001432,none
batch-1-R001494,BATCH-1-CLM-0001433,none
batch-1-R001495,BATCH-1-CLM-0001434,none
batch-1-R001496,BATCH-1-CLM-0001435,none
batch-1-R001497,BATCH-1-CLM-0001436,none
batch-1-R001498,BATCH-1-CLM-0001437,none
batch-1-R001499,BATCH-1-CLM-0001438,none
batch-1-R001500,BATCH-1-CLM-0001439,none
batch-1-R001501,BATCH-1-CLM-0001440,none
batch-1-R001502,BATCH-1-CLM-0001441,none
batch-1-R001503,BATCH-1-CLM-0001442,none
batch-1-R001504,BATCH-1-CLM-0001443,none
batch-1-R001505,BATCH-1-CLM-0001444,none
batch-1-R001506,BATCH-1-CLM-0001445,none
batch-1-R001507,BATCH-1-CLM-0001446,none
batch-1-R001508,BATCH-1-CLM-0001447,none
batch-1-R001509,BATCH-1-CLM-0001448,none
batch-1-R001510,BATCH-1-CLM-0001449,none
batch-1-R001511,BATCH-1-CLM-0001450,none
batch-1-R001512,BATCH-1-CLM-0001451,none
batch-1-R001513,BATCH-1-CLM-0001452,none
batch-1-R001514,BATCH-1-CLM-0001453,none
batch-1-R001515,BATCH-1-CLM-0001454,none
batch-1-R001516,BATCH-1-CLM-0001455,none
batch-1-R001517,BATCH-1-CLM-0001456,none
batch-1-R001518,BATCH-1-CLM-0001457,none
batch-1-R001519,BATCH-1-CLM-0001458,none
batch-1-R001520,BATCH-1-CLM-0001459,none
batch-1-R001521,BATCH-1-CLM-0001460,none
batch-1-R001522,BATCH-1-CLM-0001461,none
batch-1-R001523,BATCH-1-CLM-0001462,none
batch-1-R001524,BATCH-1-CLM-0001463,none
batch-1-R001525,BATCH-1-CLM-0001464,none
batch-1-R001526,BATCH-1-CLM-0001465,none
batch-1-R001527,BATCH-1-CLM-0001466,none
batch-1-R001528,BATCH-1-CLM-0001467,none
batch-1-R001529,BATCH-1-CLM-0001468,none
batch-1-R001530,BATCH-1-CLM-0001469,none
batch-1-R001531,BATCH-1-CLM-0001470,none
batch-1-R001532,BATCH-1-CLM-0001471,none
batch-1-R001533,BATCH-1-CLM-0001472,none
batch-1-R001534,BATCH-1-CLM-0001473,none
batch-1-R001535,BATCH-1-CLM-0001474,none
batch-1-R001536,BATCH-1-CLM-0001475,none
batch-1-R001537,BATCH-1-CLM-0001476,none
batch-1-R001538,BATCH-1-CLM-0001477,none
batch-1-R001539,BATCH-1-CLM-0001478,none
batch-1-R001540,BATCH-1-CLM-0001479,none
batch-1-R001541,BATCH-1-CLM-0001480,none
batch-1-R001542,BATCH-1-CLM-0001481,none
batch-1-R001543,BATCH-1-CLM-0001482,none
batch-1-R001544,BATCH-1-CLM-0001483,none
batch-1-R001545,BATCH-1-CLM-0001484,none
batch-1-R001546,BATCH-1-CLM-0001485,none
batch-1-R001547,BATCH-1-CLM-0001486,none
batch-1-R001548,BATCH-1-CLM-0001487,none
batch-1-R001549,BATCH-1-CLM-0001488,none
batch-1-R001550,BATCH-1-CLM-0001489,none
batch-1-R001551,BATCH-1-CLM-0001490,none
batch-1-R001552,BATCH-1-CLM-0001491,none
batch-1-R001553,BATCH-1-CLM-0001492,none
batch-1-R001554,BATCH-1-CLM-0001493,none
batch-1-R001555,BATCH-1-CLM-0001494,none
batch-1-R001556,BATCH-1-CLM-0001495,none
batch-1-R001557,BATCH-1-CLM-0001496,none
batch-1-R001558,BATCH-1-CLM-0001497,none
batch-1-R001559,BATCH-1-CLM-0001498,none
batch-1-R001560,BATCH-1-CLM-0001499,none
batch-1-R001561,BATCH-1-CLM-0001500,none
batch-1-R001562,BATCH-1-CLM-0001501,none
batch-1-R001563,BATCH-1-CLM-0001502,none
batch-1-R001564,BATCH-1-CLM-0001503,none
batch-1-R001565,BATCH-1-CLM-0001504,none
batch-1-R001566,BATCH-1-CLM-0001505,none
batch-1-R001567,BATCH-1-CLM-0001506,none
batch-1-R001568,BATCH-1-CLM-0001507,none
batch-1-R001569,BATCH-1-CLM-0001508,none
batch-1-R001570,BATCH-1-CLM-0001509,none
batch-1-R001571,BATCH-1-CLM-0001510,none
batch-1-R001572,BATCH-1-CLM-0001511,none
batch-1-R001573,BATCH-1-CLM-0001512,none
batch-1-R001574,BATCH-1-CLM-0001513,none
batch-1-R001575,BATCH-1-CLM-0001514,none
batch-1-R001576,BATCH-1-CLM-0001515,none
batch-1-R001577,BATCH-1-CLM-0001516,none
batch-1-R001578,BATCH-1-CLM-0001517,none
batch-1-R001579,BATCH-1-CLM-0001518,none
batch-1-R001580,BATCH-1-CLM-0001519,none
batch-1-R001581,BATCH-1-CLM-0001520,none
batch-1-R001582,BATCH-1-CLM-0001521,none
batch-1-R001583,BATCH-1-CLM-0001522,none
batch-1-R001584,BATCH-1-CLM-0001523,none
batch-1-R001585,BATCH-1-CLM-0001524,none
batch-1-R001586,BATCH-1-CLM-0001525,none
batch-1-R001587,BATCH-1-CLM-0001526,none
batch-1-R001588,BATCH-1-CLM-0001527,none
batch-1-R001589,BATCH-1-CLM-0001528,none
batch-1-R001590,BATCH-1-CLM-0001529,none
batch-1-R001591,BATCH-1-CLM-0001530,none
batch-1-R001592,BATCH-1-CLM-0001531,none
batch-1-R001593,BATCH-1-CLM-0001532,none
batch-1-R001594,BATCH-1-CLM-0001538,distribution_shift
batch-1-R001595,BATCH-1-CLM-0001539,distribution_shift
batch-1-R001596,BATCH-1-CLM-0001540,amount_spike
batch-1-R001597,BATCH-1-CLM-0001541,missing_value_spike
batch-1-R001598,BATCH-1-CLM-0001542,missing_value_spike
batch-1-R001599,BATCH-1-CLM-0001543,distribution_shift
batch-1-R001600,BATCH-1-CLM-0001545,amount_spike
batch-1-R001601,BATCH-1-CLM-0001546,volume_drop
batch-1-R001602,BATCH-1-CLM-0001547,amount_spike
batch-1-R001603,BATCH-1-CLM-0001548,amount_spike
batch-1-R001604,BATCH-1-CLM-0001549,missing_value_spike
batch-1-R001605,BATCH-1-CLM-0001550,distribution_shift
batch-1-R001606,BATCH-1-CLM-0001551,amount_spike
batch-1-R001607,BATCH-1-CLM-0001552,amount_spike
batch-1-R001608,BATCH-1-CLM-0001554,missing_value_spike
batch-1-R001609,BATCH-1-CLM-0001555,distribution_shift
batch-1-R001610,BATCH-1-CLM-0001556,distribution_shift
batch-1-R001611,BATCH-1-CLM-0001557,amount_spike
batch-1-R001612,BATCH-1-CLM-0001558,distribution_shift
batch-1-R001613,BATCH-1-CLM-0001559,missing_value_spike
batch-1-R001614,BATCH-1-CLM-0001560,amount_spike
batch-1-R001615,BATCH-1-CLM-0001561,missing_value_spike
batch-1-R001616,BATCH-1-CLM-0001563,amount_spike
batch-1-R001617,BATCH-1-CLM-0001565,amount_spike
batch-1-R001618,BATCH-1-CLM-0001566,distribution_shift
batch-1-R001619,BATCH-1-CLM-0001567,missing_value_spike
batch-1-R001620,BATCH-1-CLM-0001568,volume_drop
batch-1-R001621,BATCH-1-CLM-0001569,amount_spike
batch-1-R001622,BATCH-1-CLM-0001546,duplicate_spike
batch-1-R001623,BATCH-1-CLM-0001568,duplicate_spike
batch-1-R001624,BATCH-1-CLM-0001571,volume_drop
batch-1-R001625,BATCH-1-CLM-0001572,distribution_shift
batch-1-R001626,BATCH-1-CLM-0001574,amount_spike
batch-1-R001627,BATCH-1-CLM-0001575,missing_value_spike
batch-1-R001628,BATCH-1-CLM-0001576,amount_spike
batch-1-R001629,BATCH-1-CLM-0001577,amount_spike
batch-1-R001630,BATCH-1-CLM-0001578,amount_spike
batch-1-R001631,BATCH-1-CLM-0001579,missing_value_spike
batch-1-R001632,BATCH-1-CLM-0001580,distribution_shift
batch-1-R001633,BATCH-1-CLM-0001581,missing_value_spike
batch-1-R001634,BATCH-1-CLM-0001583,missing_value_spike
batch-1-R001635,BATCH-1-CLM-0001584,volume_drop
batch-1-R001636,BATCH-1-CLM-0001585,distribution_shift
batch-1-R001637,BATCH-1-CLM-0001586,distribution_shift
batch-1-R001638,BATCH-1-CLM-0001587,missing_value_spike
batch-1-R001639,BATCH-1-CLM-0001588,volume_drop
batch-1-R001640,BATCH-1-CLM-0001589,distribution_shift
batch-1-R001641,BATCH-1-CLM-0001590,amount_spike
batch-1-R001642,BATCH-1-CLM-0001591,missing_value_spike
batch-1-R001643,BATCH-1-CLM-0001592,missing_value_spike
batch-1-R001644,BATCH-1-CLM-0001593,distribution_shift
batch-1-R001645,BATCH-1-CLM-0001594,amount_spike
batch-1-R001646,BATCH-1-CLM-0001595,distribution_shift
batch-1-R001647,BATCH-1-CLM-0001596,missing_value_spike
batch-1-R001648,BATCH-1-CLM-0001597,amount_spike
batch-1-R001649,BATCH-1-CLM-0001599,missing_value_spike
batch-1-R001650,BATCH-1-CLM-0001600,volume_drop
batch-1-R001651,BATCH-1-CLM-0001601,distribution_shift
batch-1-R001652,BATCH-1-CLM-0001602,distribution_shift
batch-1-R001653,BATCH-1-CLM-0001603,distribution_shift
batch-1-R001654,BATCH-1-CLM-0001605,amount_spike
batch-1-R001655,BATCH-1-CLM-0001606,missing_value_spike
batch-1-R001656,BATCH-1-CLM-0001607,amount_spike
batch-1-R001657,BATCH-1-CLM-0001584,duplicate_spike
batch-1-R001658,BATCH-1-CLM-0001588,duplicate_spike
batch-1-R001659,BATCH-1-CLM-0001600,duplicate_spike
batch-1-R001660,BATCH-1-CLM-0001571,duplicate_spike
batch-1-R001661,BATCH-1-CLM-0001608,distribution_shift
batch-1-R001662,BATCH-1-CLM-0001609,volume_drop
batch-1-R001663,BATCH-1-CLM-0001610,amount_spike
batch-1-R001664,BATCH-1-CLM-0001612,missing_value_spike
batch-1-R001665,BATCH-1-CLM-0001614,volume_drop
batch-1-R001666,BATCH-1-CLM-0001615,distribution_shift
batch-1-R001667,BATCH-1-CLM-0001616,distribution_shift
batch-1-R001668,BATCH-1-CLM-0001617,amount_spike
batch-1-R001669,BATCH-1-CLM-0001618,missing_value_spike
batch-1-R001670,BATCH-1-CLM-0001619,distribution_shift
batch-1-R001671,BATCH-1-CLM-0001620,distribution_shift
batch-1-R001672,BATCH-1-CLM-0001622,missing_value_spike
batch-1-R001673,BATCH-1-CLM-0001623,distribution_shift
batch-1-R001674,BATCH-1-CLM-0001624,missing_value_spike
batch-1-R001675,BATCH-1-CLM-0001626,amount_spike
batch-1-R001676,BATCH-1-CLM-0001627,missing_value_spike
batch-1-R001677,BATCH-1-CLM-0001628,amount_spike
batch-1-R001678,BATCH-1-CLM-0001629,distribution_shift
batch-1-R001679,BATCH-1-CLM-0001621,amount_spike
batch-1-R001680,BATCH-1-CLM-0001614,duplicate_spike
batch-1-R001681,BATCH-1-CLM-0001609,duplicate_spike
batch-1-R001682,BATCH-1-CLM-0001630,missing_value_spike
batch-1-R001683,BATCH-1-CLM-0001631,missing_value_spike
batch-1-R001684,BATCH-1-CLM-0001632,amount_spike
batch-1-R001685,BATCH-1-CLM-0001633,missing_value_spike
batch-1-R001686,BATCH-1-CLM-0001634,missing_value_spike
batch-1-R001687,BATCH-1-CLM-0001636,amount_spike
batch-1-R001688,BATCH-1-CLM-0001638,missing_value_spike
batch-1-R001689,BATCH-1-CLM-0001639,distribution_shift
batch-1-R001690,BATCH-1-CLM-0001640,amount_spike
batch-1-R001691,BATCH-1-CLM-0001642,missing_value_spike
batch-1-R001692,BATCH-1-CLM-0001644,missing_value_spike
batch-1-R001693,BATCH-1-CLM-0001645,amount_spike
batch-1-R001694,BATCH-1-CLM-0001646,missing_value_spike
batch-1-R001695,BATCH-1-CLM-0001647,volume_drop
batch-1-R001696,BATCH-1-CLM-0001648,distribution_shift
batch-1-R001697,BATCH-1-CLM-0001650,amount_spike
batch-1-R001698,BATCH-1-CLM-0001651,amount_spike
batch-1-R001699,BATCH-1-CLM-0001652,missing_value_spike
batch-1-R001700,BATCH-1-CLM-0001653,distribution_shift
batch-1-R001701,BATCH-1-CLM-0001654,missing_value_spike
batch-1-R001702,BATCH-1-CLM-0001655,amount_spike
batch-1-R001703,BATCH-1-CLM-0001656,amount_spike
batch-1-R001704,BATCH-1-CLM-0001647,duplicate_spike
batch-1-R001705,BATCH-1-CLM-0001658,amount_spike
batch-1-R001706,BATCH-1-CLM-0001659,amount_spike
batch-1-R001707,BATCH-1-CLM-0001660,amount_spike
batch-1-R001708,BATCH-1-CLM-0001661,missing_value_spike
batch-1-R001709,BATCH-1-CLM-0001662,amount_spike
batch-1-R001710,BATCH-1-CLM-0001664,missing_value_spike
batch-1-R001711,BATCH-1-CLM-0001665,distribution_shift
batch-1-R001712,BATCH-1-CLM-0001666,distribution_shift
batch-1-R001713,BATCH-1-CLM-0001667,amount_spike
batch-1-R001714,BATCH-1-CLM-0001668,volume_drop
batch-1-R001715,BATCH-1-CLM-0001669,missing_value_spike
batch-1-R001716,BATCH-1-CLM-0001670,distribution_shift
batch-1-R001717,BATCH-1-CLM-0001672,missing_value_spike
batch-1-R001718,BATCH-1-CLM-0001673,amount_spike
batch-1-R001719,BATCH-1-CLM-0001674,amount_spike
batch-1-R001720,BATCH-1-CLM-0001676,distribution_shift
batch-1-R001721,BATCH-1-CLM-0001677,amount_spike
batch-1-R001722,BATCH-1-CLM-0001678,missing_value_spike
batch-1-R001723,BATCH-1-CLM-0001679,distribution_shift
batch-1-R001724,BATCH-1-CLM-0001680,volume_drop
batch-1-R001725,BATCH-1-CLM-0001681,missing_value_spike
batch-1-R001726,BATCH-1-CLM-0001682,amount_spike
batch-1-R001727,BATCH-1-CLM-0001683,missing_value_spike
batch-1-R001728,BATCH-1-CLM-0001684,distribution_shift
batch-1-R001729,BATCH-1-CLM-0001685,distribution_shift
batch-1-R001730,BATCH-1-CLM-0001686,distribution_shift
batch-1-R001731,BATCH-1-CLM-0001687,missing_value_spike
batch-1-R001732,BATCH-1-CLM-0001688,missing_value_spike
batch-1-R001733,BATCH-1-CLM-0001689,amount_spike
batch-1-R001734,BATCH-1-CLM-0001690,distribution_shift
batch-1-R001735,BATCH-1-CLM-0001691,amount_spike
batch-1-R001736,BATCH-1-CLM-0001692,missing_value_spike
batch-1-R001737,BATCH-1-CLM-0001693,amount_spike
batch-1-R001738,BATCH-1-CLM-0001694,missing_value_spike
batch-1-R001739,BATCH-1-CLM-0001695,missing_value_spike
batch-1-R001740,BATCH-1-CLM-0001668,duplicate_spike
batch-1-R001741,BATCH-1-CLM-0001680,duplicate_spike
batch-1-R001742,BATCH-1-CLM-0001696,missing_value_spike
batch-1-R001743,BATCH-1-CLM-0001698,distribution_shift
batch-1-R001744,BATCH-1-CLM-0001699,amount_spike
batch-1-R001745,BATCH-1-CLM-0001700,missing_value_spike
batch-1-R001746,BATCH-1-CLM-0001701,distribution_shift
batch-1-R001747,BATCH-1-CLM-0001702,amount_spike
batch-1-R001748,BATCH-1-CLM-0001703,volume_drop
batch-1-R001749,BATCH-1-CLM-0001704,amount_spike
batch-1-R001750,BATCH-1-CLM-0001705,distribution_shift
batch-1-R001751,BATCH-1-CLM-0001706,missing_value_spike
batch-1-R001752,BATCH-1-CLM-0001707,amount_spike
batch-1-R001753,BATCH-1-CLM-0001709,distribution_shift
batch-1-R001754,BATCH-1-CLM-0001710,missing_value_spike
batch-1-R001755,BATCH-1-CLM-0001711,distribution_shift
batch-1-R001756,BATCH-1-CLM-0001712,distribution_shift
batch-1-R001757,BATCH-1-CLM-0001713,none
batch-1-R001758,BATCH-1-CLM-0001714,missing_value_spike
batch-1-R001759,BATCH-1-CLM-0001715,distribution_shift
batch-1-R001760,BATCH-1-CLM-0001716,missing_value_spike
batch-1-R001761,BATCH-1-CLM-0001717,none
batch-1-R001762,BATCH-1-CLM-0001718,amount_spike
batch-1-R001763,BATCH-1-CLM-0001719,none
batch-1-R001764,BATCH-1-CLM-0001720,missing_value_spike
batch-1-R001765,BATCH-1-CLM-0001721,amount_spike
batch-1-R001766,BATCH-1-CLM-0001722,missing_value_spike
batch-1-R001767,BATCH-1-CLM-0001723,none
batch-1-R001768,BATCH-1-CLM-0001724,distribution_shift
batch-1-R001769,BATCH-1-CLM-0001725,none
batch-1-R001770,BATCH-1-CLM-0001726,missing_value_spike
batch-1-R001771,BATCH-1-CLM-0001727,none
batch-1-R001772,BATCH-1-CLM-0001728,amount_spike
batch-1-R001773,BATCH-1-CLM-0001729,none
batch-1-R001774,BATCH-1-CLM-0001730,amount_spike
batch-1-R001775,BATCH-1-CLM-0001731,missing_value_spike
batch-1-R001776,BATCH-1-CLM-0001725,duplicate_spike
batch-1-R001777,BATCH-1-CLM-0001729,duplicate_spike
batch-1-R001778,BATCH-1-CLM-0001713,duplicate_spike
batch-1-R001779,BATCH-1-CLM-0001723,duplicate_spike
batch-1-R001780,BATCH-1-CLM-0001717,duplicate_spike
batch-1-R001781,BATCH-1-CLM-0001719,duplicate_spike
batch-1-R001782,BATCH-1-CLM-0001703,duplicate_spike
batch-1-R001783,BATCH-1-CLM-0001727,duplicate_spike
batch-1-R001784,BATCH-1-CLM-0001732,none
batch-1-R001785,BATCH-1-CLM-0001733,amount_spike
batch-1-R001786,BATCH-1-CLM-0001734,distribution_shift
batch-1-R001787,BATCH-1-CLM-0001735,amount_spike
batch-1-R001788,BATCH-1-CLM-0001736,amount_spike
batch-1-R001789,BATCH-1-CLM-0001737,none
batch-1-R001790,BATCH-1-CLM-0001738,amount_spike
batch-1-R001791,BATCH-1-CLM-0001739,missing_value_spike
batch-1-R001792,BATCH-1-CLM-0001740,none
batch-1-R001793,BATCH-1-CLM-0001741,missing_value_spike
batch-1-R001794,BATCH-1-CLM-0001742,amount_spike
batch-1-R001795,BATCH-1-CLM-0001743,none
batch-1-R001796,BATCH-1-CLM-0001744,amount_spike
batch-1-R001797,BATCH-1-CLM-0001745,missing_value_spike
batch-1-R001798,BATCH-1-CLM-0001746,missing_value_spike
batch-1-R001799,BATCH-1-CLM-0001747,missing_value_spike
batch-1-R001800,BATCH-1-CLM-0001748,distribution_shift
batch-1-R001801,BATCH-1-CLM-0001749,distribution_shift
batch-1-R001802,BATCH-1-CLM-0001750,missing_value_spike
batch-1-R001803,BATCH-1-CLM-0001751,amount_spike
batch-1-R001804,BATCH-1-CLM-0001752,none
batch-1-R001805,BATCH-1-CLM-0001753,none
batch-1-R001806,BATCH-1-CLM-0001754,none
batch-1-R001807,BATCH-1-CLM-0001755,none
batch-1-R001808,BATCH-1-CLM-0001756,none
batch-1-R001809,BATCH-1-CLM-0001757,none
batch-1-R001810,BATCH-1-CLM-0001758,none
batch-1-R001811,BATCH-1-CLM-0001759,none
batch-1-R001812,BATCH-1-CLM-0001760,none
batch-1-R001813,BATCH-1-CLM-0001761,none
batch-1-R001814,BATCH-1-CLM-0001762,none
batch-1-R001815,BATCH-1-CLM-0001753,none
batch-1-R001816,BATCH-1-CLM-0001732,duplicate_spike
batch-1-R001817,BATCH-1-CLM-0001740,duplicate_spike
batch-1-R001818,BATCH-1-CLM-0001752,duplicate_spike
batch-1-R001819,BATCH-1-CLM-0001737,duplicate_spike
batch-1-R001820,BATCH-1-CLM-0001743,duplicate_spike
batch-1-R001821,BATCH-1-CLM-0001763,none
batch-1-R001822,BATCH-1-CLM-0001764,none
batch-1-R001823,BATCH-1-CLM-0001765,none
batch-1-R001824,BATCH-1-CLM-0001766,none
batch-1-R001825,BATCH-1-CLM-0001767,none
batch-1-R001826,BATCH-1-CLM-0001768,none
batch-1-R001827,BATCH-1-CLM-0001769,none
batch-1-R001828,BATCH-1-CLM-0001770,none
batch-1-R001829,BATCH-1-CLM-0001771,none
batch-1-R001830,BATCH-1-CLM-0001772,none
batch-1-R001831,BATCH-1-CLM-0001773,none
batch-1-R001832,BATCH-1-CLM-0001774,none
batch-1-R001833,BATCH-1-CLM-0001775,none
batch-1-R001834,BATCH-1-CLM-0001776,none
batch-1-R001835,BATCH-1-CLM-0001777,none
batch-1-R001836,BATCH-1-CLM-0001778,none
batch-1-R001837,BATCH-1-CLM-0001779,none
batch-1-R001838,BATCH-1-CLM-0001780,none
batch-1-R001839,BATCH-1-CLM-0001781,none
batch-1-R001840,BATCH-1-CLM-0001782,none
batch-1-R001841,BATCH-1-CLM-0001783,none
batch-1-R001842,BATCH-1-CLM-0001784,none
batch-1-R001843,BATCH-1-CLM-0001785,none
batch-1-R001844,BATCH-1-CLM-0001786,none
batch-1-R001845,BATCH-1-CLM-0001787,none
batch-1-R001846,BATCH-1-CLM-0001788,none
batch-1-R001847,BATCH-1-CLM-0001789,none
batch-1-R001848,BATCH-1-CLM-0001790,none
batch-1-R001849,BATCH-1-CLM-0001791,none
batch-1-R001850,BATCH-1-CLM-0001792,none
batch-1-R001851,BATCH-1-CLM-0001793,none
batch-1-R001852,BATCH-1-CLM-0001794,none
batch-1-R001853,BATCH-1-CLM-0001795,none
batch-1-R001854,BATCH-1-CLM-0001796,none
batch-1-R001855,BATCH-1-CLM-0001797,none
batch-1-R001856,BATCH-1-CLM-0001798,none
batch-1-R001857,BATCH-1-CLM-0001799,none
batch-1-R001858,BATCH-1-CLM-0001800,none
batch-1-R001859,BATCH-1-CLM-0001801,none
batch-1-R001860,BATCH-1-CLM-0001802,none
batch-1-R001861,BATCH-1-CLM-0001803,none
batch-1-R001862,BATCH-1-CLM-0001804,none
batch-1-R001863,BATCH-1-CLM-0001805,none
batch-1-R001864,BATCH-1-CLM-0001806,none
batch-1-R001865,BATCH-1-CLM-0001807,none
batch-1-R001866,BATCH-1-CLM-0001808,none
batch-1-R001867,BATCH-1-CLM-0001809,none
batch-1-R001868,BATCH-1-CLM-0001810,none
batch-1-R001869,BATCH-1-CLM-0001811,none
batch-1-R001870,BATCH-1-CLM-0001812,none
batch-1-R001871,BATCH-1-CLM-0001813,none
batch-1-R001872,BATCH-1-CLM-0001814,none
batch-1-R001873,BATCH-1-CLM-0001815,none
batch-1-R001874,BATCH-1-CLM-0001816,none
batch-1-R001875,BATCH-1-CLM-0001817,none
batch-1-R001876,BATCH-1-CLM-0001818,none
batch-1-R001877,BATCH-1-CLM-0001819,none
batch-1-R001878,BATCH-1-CLM-0001820,none
batch-1-R001879,BATCH-1-CLM-0001821,none
batch-1-R001880,BATCH-1-CLM-0001822,none
batch-1-R001881,BATCH-1-CLM-0001823,none
batch-1-R001882,BATCH-1-CLM-0001824,none
batch-1-R001883,BATCH-1-CLM-0001825,none
batch-1-R001884,BATCH-1-CLM-0001826,none
batch-1-R001885,BATCH-1-CLM-0001827,none
batch-1-R001886,BATCH-1-CLM-0001828,none
batch-1-R001887,BATCH-1-CLM-0001829,none
batch-1-R001888,BATCH-1-CLM-0001830,none
batch-1-R001889,BATCH-1-CLM-0001831,none
batch-1-R001890,BATCH-1-CLM-0001832,none
batch-1-R001891,BATCH-1-CLM-0001833,none
batch-1-R001892,BATCH-1-CLM-0001834,none
batch-1-R001893,BATCH-1-CLM-0001835,none
batch-1-R001894,BATCH-1-CLM-0001836,none
batch-1-R001895,BATCH-1-CLM-0001837,none
batch-1-R001896,BATCH-1-CLM-0001838,none
batch-1-R001897,BATCH-1-CLM-0001839,none
batch-1-R001898,BATCH-1-CLM-0001840,none
batch-1-R001899,BATCH-1-CLM-0001841,none
batch-1-R001900,BATCH-1-CLM-0001842,none
batch-1-R001901,BATCH-1-CLM-0001843,none
batch-1-R001902,BATCH-1-CLM-0001844,none
batch-1-R001903,BATCH-1-CLM-0001845,none
batch-1-R001904,BATCH-1-CLM-0001846,none
batch-1-R001905,BATCH-1-CLM-0001847,none
batch-1-R001906,BATCH-1-CLM-0001848,none
batch-1-R001907,BATCH-1-CLM-0001849,none
batch-1-R001908,BATCH-1-CLM-0001850,none
batch-1-R001909,BATCH-1-CLM-0001851,none
batch-1-R001910,BATCH-1-CLM-0001852,none
batch-1-R001911,BATCH-1-CLM-0001853,none
batch-1-R001912,BATCH-1-CLM-0001854,none
batch-1-R001913,BATCH-1-CLM-0001855,none
batch-1-R001914,BATCH-1-CLM-0001856,none
batch-1-R001915,BATCH-1-CLM-0001857,none
batch-1-R001916,BATCH-1-CLM-0001858,none
batch-1-R001917,BATCH-1-CLM-0001859,none
batch-1-R001918,BATCH-1-CLM-0001860,none
batch-1-R001919,BATCH-1-CLM-0001861,none
batch-1-R001920,BATCH-1-CLM-0001862,none
batch-1-R001921,BATCH-1-CLM-0001863,none
batch-1-R001922,BATCH-1-CLM-0001864,none
batch-1-R001923,BATCH-1-CLM-0001865,none
batch-1-R001924,BATCH-1-CLM-0001866,none
batch-1-R001925,BATCH-1-CLM-0001867,none
batch-1-R001926,BATCH-1-CLM-0001868,none
batch-1-R001927,BATCH-1-CLM-0001869,none
batch-1-R001928,BATCH-1-CLM-0001870,none
batch-1-R001929,BATCH-1-CLM-0001871,none
batch-1-R001930,BATCH-1-CLM-0001872,none
batch-1-R001931,BATCH-1-CLM-0001873,none
batch-1-R001932,BATCH-1-CLM-0001874,none
batch-1-R001933,BATCH-1-CLM-0001875,none
batch-1-R001934,BATCH-1-CLM-0001876,none
batch-1-R001935,BATCH-1-CLM-0001877,none
batch-1-R001936,BATCH-1-CLM-0001878,none
batch-1-R001937,BATCH-1-CLM-0001879,none
batch-1-R001938,BATCH-1-CLM-0001880,none
batch-1-R001939,BATCH-1-CLM-0001881,none
batch-1-R001940,BATCH-1-CLM-0001882,none
batch-1-R001941,BATCH-1-CLM-0001883,none
batch-1-R001942,BATCH-1-CLM-0001884,none
batch-1-R001943,BATCH-1-CLM-0001885,none
batch-1-R001944,BATCH-1-CLM-0001886,none
batch-1-R001945,BATCH-1-CLM-0001887,none
batch-1-R001946,BATCH-1-CLM-0001888,none
batch-1-R001947,BATCH-1-CLM-0001889,none
batch-1-R001948,BATCH-1-CLM-0001890,none
batch-1-R001949,BATCH-1-CLM-0001891,none
batch-1-R001950,BATCH-1-CLM-0001892,none
batch-1-R001951,BATCH-1-CLM-0001893,none
batch-1-R001952,BATCH-1-CLM-0001894,none
batch-1-R001953,BATCH-1-CLM-0001895,none
batch-1-R001954,BATCH-1-CLM-0001896,none
batch-1-R001955,BATCH-1-CLM-0001897,none
batch-1-R001956,BATCH-1-CLM-0001898,none
batch-1-R001957,BATCH-1-CLM-0001899,none
batch-1-R001958,BATCH-1-CLM-0001900,none
batch-1-R001959,BATCH-1-CLM-0001901,none
batch-1-R001960,BATCH-1-CLM-0001902,none
batch-1-R001961,BATCH-1-CLM-0001903,none
batch-1-R001962,BATCH-1-CLM-0001904,none
batch-1-R001963,BATCH-1-CLM-0001905,none
batch-1-R001964,BATCH-1-CLM-0001906,none
batch-1-R001965,BATCH-1-CLM-0001907,none
batch-1-R001966,BATCH-1-CLM-0001908,none
batch-1-R001967,BATCH-1-CLM-0001909,none
batch-1-R001968,BATCH-1-CLM-0001910,none
batch-1-R001969,BATCH-1-CLM-0001911,none
batch-1-R001970,BATCH-1-CLM-0001912,none
batch-1-R001971,BATCH-1-CLM-0001913,none
batch-1-R001972,BATCH-1-CLM-0001914,none
batch-1-R001973,BATCH-1-CLM-0001915,none
batch-1-R001974,BATCH-1-CLM-0001916,none
batch-1-R001975,BATCH-1-CLM-0001917,none
batch-1-R001976,BATCH-1-CLM-0001918,none
batch-1-R001977,BATCH-1-CLM-0001919,none
batch-1-R001978,BATCH-1-CLM-0001920,none
batch-1-R001979,BATCH-1-CLM-0001921,none
batch-1-R001980,BATCH-1-CLM-0001922,none
batch-1-R001981,BATCH-1-CLM-0001923,none
batch-1-R001982,BATCH-1-CLM-0001924,none
batch-1-R001983,BATCH-1-CLM-0001925,none
batch-1-R001984,BATCH-1-CLM-0001926,none
batch-1-R001985,BATCH-1-CLM-0001927,none
batch-1-R001986,BATCH-1-CLM-0001928,none
batch-1-R001987,BATCH-1-CLM-0001929,none
batch-1-R001988,BATCH-1-CLM-0001930,none
batch-1-R001989,BATCH-1-CLM-0001931,none
batch-1-R001990,BATCH-1-CLM-0001932,none
batch-1-R001991,BATCH-1-CLM-0001933,none
batch-1-R001992,BATCH-1-CLM-0001934,none
batch-1-R001993,BATCH-1-CLM-0001935,none
batch-1-R001994,BATCH-1-CLM-0001936,none
batch-1-R001995,BATCH-1-CLM-0001937,none
batch-1-R001996,BATCH-1-CLM-0001938,none
batch-1-R001997,BATCH-1-CLM-0001939,none
batch-1-R001998,BATCH-1-CLM-0001940,none
batch-1-R001999,BATCH-1-CLM-0001941,none
batch-1-R002000,BATCH-1-CLM-0001942,none
batch-1-R002001,BATCH-1-CLM-0001943,none
batch-1-R002002,BATCH-1-CLM-0001944,none
batch-1-R002003,BATCH-1-CLM-0001945,none
batch-1-R002004,BATCH-1-CLM-0001946,none
batch-1-R002005,BATCH-1-CLM-0001947,none
batch-1-R002006,BATCH-1-CLM-0001939,none
batch-1-R002007,BATCH-1-CLM-0001948,none
batch-1-R002008,BATCH-1-CLM-0001949,none
batch-1-R002009,BATCH-1-CLM-0001950,none
batch-1-R002010,BATCH-1-CLM-0001951,none
batch-1-R002011,BATCH-1-CLM-0001952,none
batch-1-R002012,BATCH-1-CLM-0001953,none
batch-1-R002013,BATCH-1-CLM-0001954,none
batch-1-R002014,BATCH-1-CLM-0001955,none
batch-1-R002015,BATCH-1-CLM-0001956,none
batch-1-R002016,BATCH-1-CLM-0001957,none
batch-1-R002017,BATCH-1-CLM-0001958,none
batch-1-R002018,BATCH-1-CLM-0001959,none
batch-1-R002019,BATCH-1-CLM-0001960,none
batch-1-R002020,BATCH-1-CLM-0001961,none
batch-1-R002021,BATCH-1-CLM-0001962,none
batch-1-R002022,BATCH-1-CLM-0001963,none
batch-1-R002023,BATCH-1-CLM-0001964,none
batch-1-R002024,BATCH-1-CLM-0001965,none
batch-1-R002025,BATCH-1-CLM-0001966,none
batch-1-R002026,BATCH-1-CLM-0001967,none
batch-1-R002027,BATCH-1-CLM-0001968,none
batch-1-R002028,BATCH-1-CLM-0001969,none
batch-1-R002029,BATCH-1-CLM-0001970,none
batch-1-R002030,BATCH-1-CLM-0001971,none
batch-1-R002031,BATCH-1-CLM-0001972,none
batch-1-R002032,BATCH-1-CLM-0001973,none
batch-1-R002033,BATCH-1-CLM-0001974,none
batch-1-R002034,BATCH-1-CLM-0001975,none
batch-1-R002035,BATCH-1-CLM-0001976,none
batch-1-R002036,BATCH-1-CLM-0001977,none
batch-1-R002037,BATCH-1-CLM-0001978,none
batch-1-R002038,BATCH-1-CLM-0001979,none
batch-1-R002039,BATCH-1-CLM-0001980,none
batch-1-R002040,BATCH-1-CLM-0001981,none
batch-1-R002041,BATCH-1-CLM-0001982,none
batch-1-R002042,BATCH-1-CLM-0001983,none
batch-1-R002043,BATCH-1-CLM-0001984,none
batch-1-R002044,BATCH-1-CLM-0001985,none
batch-1-R002045,BATCH-1-CLM-0001986,none
batch-1-R002046,BATCH-1-CLM-0001987,none
batch-1-R002047,BATCH-1-CLM-0001988,none
batch-1-R002048,BATCH-1-CLM-0001989,none
batch-1-R002049,BATCH-1-CLM-0001990,none
batch-1-R002050,BATCH-1-CLM-0001991,none
batch-1-R002051,BATCH-1-CLM-0001992,none
batch-1-R002052,BATCH-1-CLM-0001993,none
batch-1-R002053,BATCH-1-CLM-0001994,none
batch-1-R002054,BATCH-1-CLM-0001995,none
batch-1-R002055,BATCH-1-CLM-0001996,none
batch-1-R002056,BATCH-1-CLM-0001997,none
batch-1-R002057,BATCH-1-CLM-0001998,none
batch-1-R002058,BATCH-1-CLM-0001999,none
batch-1-R002059,BATCH-1-CLM-0002000,none
batch-1-R002060,BATCH-1-CLM-0002001,none
batch-1-R002061,BATCH-1-CLM-0002002,none
batch-1-R002062,BATCH-1-CLM-0002003,none
batch-1-R002063,BATCH-1-CLM-0002004,none
batch-1-R002064,BATCH-1-CLM-0002005,none
batch-1-R002065,BATCH-1-CLM-0002006,none
batch-1-R002066,BATCH-1-CLM-0002007,none
batch-1-R002067,BATCH-1-CLM-0002008,none
batch-1-R002068,BATCH-1-CLM-0002009,none
batch-1-R002069,BATCH-1-CLM-0002010,none
batch-1-R002070,BATCH-1-CLM-0002011,none
batch-1-R002071,BATCH-1-CLM-0002012,none
batch-1-R002072,BATCH-1-CLM-0002013,none
batch-1-R002073,BATCH-1-CLM-0002014,none
batch-1-R002074,BATCH-1-CLM-0002015,none
batch-1-R002075,BATCH-1-CLM-0002016,none
batch-1-R002076,BATCH-1-CLM-0002017,none
batch-1-R002077,BATCH-1-CLM-0002018,none
batch-1-R002078,BATCH-1-CLM-0002019,none
batch-1-R002079,BATCH-1-CLM-0002020,none
batch-1-R002080,BATCH-1-CLM-0002021,none
batch-1-R002081,BATCH-1-CLM-0002022,none
batch-1-R002082,BATCH-1-CLM-0002023,none
batch-1-R002083,BATCH-1-CLM-0002024,none
batch-1-R002084,BATCH-1-CLM-0002025,none
batch-1-R002085,BATCH-1-CLM-0002026,none
batch-1-R002086,BATCH-1-CLM-0002027,none
batch-1-R002087,BATCH-1-CLM-0002028,none
batch-1-R002088,BATCH-1-CLM-0002029,none
batch-1-R002089,BATCH-1-CLM-0002030,none
batch-1-R002090,BATCH-1-CLM-0002031,none
batch-1-R002091,BATCH-1-CLM-0002032,none
batch-1-R002092,BATCH-1-CLM-0002033,none
batch-1-R002093,BATCH-1-CLM-0002034,none
batch-1-R002094,BATCH-1-CLM-0002035,none
batch-1-R002095,BATCH-1-CLM-0002036,none
batch-1-R002096,BATCH-1-CLM-0002037,none
batch-1-R002097,BATCH-1-CLM-0002038,none
batch-1-R002098,BATCH-1-CLM-0002039,none
batch-1-R002099,BATCH-1-CLM-0002040,none
batch-1-R002100,BATCH-1-CLM-0002041,none
batch-1-R002101,BATCH-1-CLM-0002042,none
batch-1-R002102,BATCH-1-CLM-0002043,none
batch-1-R002103,BATCH-1-CLM-0002044,none
batch-1-R002104,BATCH-1-CLM-0002045,none
batch-1-R002105,BATCH-1-CLM-0002046,none
batch-1-R002106,BATCH-1-CLM-0002047,none
batch-1-R002107,BATCH-1-CLM-0002048,none
batch-1-R002108,BATCH-1-CLM-0002049,none
batch-1-R002109,BATCH-1-CLM-0002050,none
batch-1-R002110,BATCH-1-CLM-0002051,none
batch-1-R002111,BATCH-1-CLM-0002052,none
batch-1-R002112,BATCH-1-CLM-0002053,none
batch-1-R002113,BATCH-1-CLM-0002054,none
batch-1-R002114,BATCH-1-CLM-0002055,none
batch-1-R002115,BATCH-1-CLM-0002056,none
batch-1-R002116,BATCH-1-CLM-0002057,none
batch-1-R002117,BATCH-1-CLM-0002058,none
batch-1-R002118,BATCH-1-CLM-0002059,none
batch-1-R002119,BATCH-1-CLM-0002060,none
batch-1-R002120,BATCH-1-CLM-0002061,none
batch-1-R002121,BATCH-1-CLM-0002062,none
batch-1-R002122,BATCH-1-CLM-0002063,none
batch-1-R002123,BATCH-1-CLM-0002064,none
batch-1-R002124,BATCH-1-CLM-0002065,none
batch-1-R002125,BATCH-1-CLM-0002066,none
batch-1-R002126,BATCH-1-CLM-0002067,none
batch-1-R002127,BATCH-1-CLM-0002068,none
batch-1-R002128,BATCH-1-CLM-0002069,none
batch-1-R002129,BATCH-1-CLM-0002070,none
batch-1-R002130,BATCH-1-CLM-0002071,none
batch-1-R002131,BATCH-1-CLM-0002072,none
batch-1-R002132,BATCH-1-CLM-0002073,none
batch-1-R002133,BATCH-1-CLM-0002074,none
batch-1-R002134,BATCH-1-CLM-0002075,none
batch-1-R002135,BATCH-1-CLM-0002076,none
batch-1-R002136,BATCH-1-CLM-0002077,none
batch-1-R002137,BATCH-1-CLM-0002078,none
batch-1-R002138,BATCH-1-CLM-0002053,none
batch-1-R002139,BATCH-1-CLM-0002079,none
batch-1-R002140,BATCH-1-CLM-0002080,none
batch-1-R002141,BATCH-1-CLM-0002081,none
batch-1-R002142,BATCH-1-CLM-0002082,none
batch-1-R002143,BATCH-1-CLM-0002083,none
batch-1-R002144,BATCH-1-CLM-0002084,none
batch-1-R002145,BATCH-1-CLM-0002085,none
batch-1-R002146,BATCH-1-CLM-0002086,none
batch-1-R002147,BATCH-1-CLM-0002087,none
batch-1-R002148,BATCH-1-CLM-0002088,none
batch-1-R002149,BATCH-1-CLM-0002089,none
batch-1-R002150,BATCH-1-CLM-0002090,none
batch-1-R002151,BATCH-1-CLM-0002091,none
batch-1-R002152,BATCH-1-CLM-0002092,none
batch-1-R002153,BATCH-1-CLM-0002093,none
batch-1-R002154,BATCH-1-CLM-0002094,none
batch-1-R002155,BATCH-1-CLM-0002095,none
batch-1-R002156,BATCH-1-CLM-0002096,none
batch-1-R002157,BATCH-1-CLM-0002097,none
batch-1-R002158,BATCH-1-CLM-0002098,none
batch-1-R002159,BATCH-1-CLM-0002099,none
batch-1-R002160,BATCH-1-CLM-0002100,none
batch-1-R002161,BATCH-1-CLM-0002101,none
batch-1-R002162,BATCH-1-CLM-0002102,none
batch-1-R002163,BATCH-1-CLM-0002103,none
batch-1-R002164,BATCH-1-CLM-0002104,none
batch-1-R002165,BATCH-1-CLM-0002105,none
batch-1-R002166,BATCH-1-CLM-0002106,none
batch-1-R002167,BATCH-1-CLM-0002107,none
batch-1-R002168,BATCH-1-CLM-0002108,none
batch-1-R002169,BATCH-1-CLM-0002109,none
batch-1-R002170,BATCH-1-CLM-0002110,none
batch-1-R002171,BATCH-1-CLM-0002111,none
batch-1-R002172,BATCH-1-CLM-0002112,none
batch-1-R002173,BATCH-1-CLM-0002113,none
batch-1-R002174,BATCH-1-CLM-0002114,none
batch-1-R002175,BATCH-1-CLM-0002115,none
batch-1-R002176,BATCH-1-CLM-0002116,none
batch-1-R002177,BATCH-1-CLM-0002117,none
batch-1-R002178,BATCH-1-CLM-0002118,none
batch-1-R002179,BATCH-1-CLM-0002119,none
batch-1-R002180,BATCH-1-CLM-0002120,none
batch-1-R002181,BATCH-1-CLM-0002121,none
batch-1-R002182,BATCH-1-CLM-0002122,none
batch-1-R002183,BATCH-1-CLM-0002123,none
batch-1-R002184,BATCH-1-CLM-0002124,none
batch-1-R002185,BATCH-1-CLM-0002125,none
batch-1-R002186,BATCH-1-CLM-0002126,none
batch-1-R002187,BATCH-1-CLM-0002127,none
batch-1-R002188,BATCH-1-CLM-0002128,none
batch-1-R002189,BATCH-1-CLM-0002129,none
batch-1-R002190,BATCH-1-CLM-0002130,none
batch-1-R002191,BATCH-1-CLM-0002131,none
batch-1-R002192,BATCH-1-CLM-0002132,none
batch-1-R002193,BATCH-1-CLM-0002133,none
batch-1-R002194,BATCH-1-CLM-0002134,none
batch-1-R002195,BATCH-1-CLM-0002135,none
batch-1-R002196,BATCH-1-CLM-0002136,none
batch-1-R002197,BATCH-1-CLM-0002137,none
batch-1-R002198,BATCH-1-CLM-0002138,none
batch-1-R002199,BATCH-1-CLM-0002139,none
batch-1-R002200,BATCH-1-CLM-0002140,none
batch-1-R002201,BATCH-1-CLM-0002141,none
batch-1-R002202,BATCH-1-CLM-0002142,none
batch-1-R002203,BATCH-1-CLM-0002143,none
batch-1-R002204,BATCH-1-CLM-0002144,none
batch-1-R002205,BATCH-1-CLM-0002145,none
batch-1-R002206,BATCH-1-CLM-0002146,none
batch-1-R002207,BATCH-1-CLM-0002147,none
batch-1-R002208,BATCH-1-CLM-0002148,none
batch-1-R002209,BATCH-1-CLM-0002149,none
batch-1-R002210,BATCH-1-CLM-0002150,none
batch-1-R002211,BATCH-1-CLM-0002151,none
batch-1-R002212,BATCH-1-CLM-0002152,none
batch-1-R002213,BATCH-1-CLM-0002153,none
batch-1-R002214,BATCH-1-CLM-0002154,none
batch-1-R002215,BATCH-1-CLM-0002155,none
batch-1-R002216,BATCH-1-CLM-0002156,none
batch-1-R002217,BATCH-1-CLM-0002157,none
batch-1-R002218,BATCH-1-CLM-0002158,none
batch-1-R002219,BATCH-1-CLM-0002159,none
batch-1-R002220,BATCH-1-CLM-0002160,none
batch-1-R002221,BATCH-1-CLM-0002161,none
batch-1-R002222,BATCH-1-CLM-0002162,none
batch-1-R002223,BATCH-1-CLM-0002163,none
batch-1-R002224,BATCH-1-CLM-0002164,none
batch-1-R002225,BATCH-1-CLM-0002165,none
batch-1-R002226,BATCH-1-CLM-0002166,none
batch-1-R002227,BATCH-1-CLM-0002167,none
batch-1-R002228,BATCH-1-CLM-0002168,none
batch-1-R002229,BATCH-1-CLM-0002169,none
batch-1-R002230,BATCH-1-CLM-0002170,none
batch-1-R002231,BATCH-1-CLM-0002171,none
batch-1-R002232,BATCH-1-CLM-0002172,none
batch-1-R002233,BATCH-1-CLM-0002173,none
batch-1-R002234,BATCH-1-CLM-0002174,none
batch-1-R002235,BATCH-1-CLM-0002175,none
batch-1-R002236,BATCH-1-CLM-0002176,none
batch-1-R002237,BATCH-1-CLM-0002177,none
batch-1-R002238,BATCH-1-CLM-0002178,none
batch-1-R002239,BATCH-1-CLM-0002179,none
batch-1-R002240,BATCH-1-CLM-0002180,none
batch-1-R002241,BATCH-1-CLM-0002181,none
batch-1-R002242,BATCH-1-CLM-0002182,none
batch-1-R002243,BATCH-1-CLM-0002183,none
batch-1-R002244,BATCH-1-CLM-0002184,none
batch-1-R002245,BATCH-1-CLM-0002185,none
batch-1-R002246,BATCH-1-CLM-0002186,none
batch-1-R002247,BATCH-1-CLM-0002187,none
batch-1-R002248,BATCH-1-CLM-0002188,none
batch-1-R002249,BATCH-1-CLM-0002189,none
batch-1-R002250,BATCH-1-CLM-0002190,none
batch-1-R002251,BATCH-1-CLM-0002191,none
batch-1-R002252,BATCH-1-CLM-0002192,none
batch-1-R002253,BATCH-1-CLM-0002193,none
batch-1-R002254,BATCH-1-CLM-0002194,none
batch-1-R002255,BATCH-1-CLM-0002195,none
batch-1-R002256,BATCH-1-CLM-0002196,none
batch-1-R002257,BATCH-1-CLM-0002197,none
batch-1-R002258,BATCH-1-CLM-0002198,none
batch-1-R002259,BATCH-1-CLM-0002199,none
batch-1-R002260,BATCH-1-CLM-0002200,none
batch-1-R002261,BATCH-1-CLM-0002201,none
batch-1-R002262,BATCH-1-CLM-0002202,none
batch-1-R002263,BATCH-1-CLM-0002203,none
batch-1-R002264,BATCH-1-CLM-0002204,none
batch-1-R002265,BATCH-1-CLM-0002205,none
batch-1-R002266,BATCH-1-CLM-0002206,none
batch-1-R002267,BATCH-1-CLM-0002207,none
batch-1-R002268,BATCH-1-CLM-0002208,none
batch-1-R002269,BATCH-1-CLM-0002209,none
batch-1-R002270,BATCH-1-CLM-0002210,none
batch-1-R002271,BATCH-1-CLM-0002211,none
batch-1-R002272,BATCH-1-CLM-0002212,none
batch-1-R002273,BATCH-1-CLM-0002213,none
batch-1-R002274,BATCH-1-CLM-0002214,none
batch-1-R002275,BATCH-1-CLM-0002215,none
batch-1-R002276,BATCH-1-CLM-0002216,none
batch-1-R002277,BATCH-1-CLM-0002217,none
batch-1-R002278,BATCH-1-CLM-0002218,none
batch-1-R002279,BATCH-1-CLM-0002219,none
batch-1-R002280,BATCH-1-CLM-0002220,none
batch-1-R002281,BATCH-1-CLM-0002221,none
batch-1-R002282,BATCH-1-CLM-0002222,none
batch-1-R002283,BATCH-1-CLM-0002223,none
batch-1-R002284,BATCH-1-CLM-0002224,none
batch-1-R002285,BATCH-1-CLM-0002225,none
batch-1-R002286,BATCH-1-CLM-0002226,none
batch-1-R002287,BATCH-1-CLM-0002227,none
batch-1-R002288,BATCH-1-CLM-0002228,none
batch-1-R002289,BATCH-1-CLM-0002229,none
batch-1-R002290,BATCH-1-CLM-0002230,none
batch-1-R002291,BATCH-1-CLM-0002231,none
batch-1-R002292,BATCH-1-CLM-0002232,none
batch-1-R002293,BATCH-1-CLM-0002233,none
batch-1-R002294,BATCH-1-CLM-0002234,none
batch-1-R002295,BATCH-1-CLM-0002235,none
batch-1-R002296,BATCH-1-CLM-0002236,none
batch-1-R002297,BATCH-1-CLM-0002237,none
batch-1-R002298,BATCH-1-CLM-0002238,none
batch-1-R002299,BATCH-1-CLM-0002239,none
batch-1-R002300,BATCH-1-CLM-0002240,none
batch-1-R002301,BATCH-1-CLM-0002241,none
batch-1-R002302,BATCH-1-CLM-0002242,none
batch-1-R002303,BATCH-1-CLM-0002243,none
batch-1-R002304,BATCH-1-CLM-0002244,none
batch-1-R002305,BATCH-1-CLM-0002245,none
batch-1-R002306,BATCH-1-CLM-0002246,none
batch-1-R002307,BATCH-1-CLM-0002247,none
batch-1-R002308,BATCH-1-CLM-0002248,none
batch-1-R002309,BATCH-1-CLM-0002249,none
batch-1-R002310,BATCH-1-CLM-0002250,none
batch-1-R002311,BATCH-1-CLM-0002251,none
batch-1-R002312,BATCH-1-CLM-0002252,none
batch-1-R002313,BATCH-1-CLM-0002253,none
batch-1-R002314,BATCH-1-CLM-0002254,none
batch-1-R002315,BATCH-1-CLM-0002255,none
batch-1-R002316,BATCH-1-CLM-0002256,none
batch-1-R002317,BATCH-1-CLM-0002257,none
batch-1-R002318,BATCH-1-CLM-0002258,none
batch-1-R002319,BATCH-1-CLM-0002259,none
batch-1-R002320,BATCH-1-CLM-0002260,none
batch-1-R002321,BATCH-1-CLM-0002261,none
batch-1-R002322,BATCH-1-CLM-0002262,none
batch-1-R002323,BATCH-1-CLM-0002263,none
batch-1-R002324,BATCH-1-CLM-0002264,none
batch-1-R002325,BATCH-1-CLM-0002265,none
batch-1-R002326,BATCH-1-CLM-0002266,none
batch-1-R002327,BATCH-1-CLM-0002267,none
batch-1-R002328,BATCH-1-CLM-0002268,none
batch-1-R002329,BATCH-1-CLM-0002269,none
batch-1-R002330,BATCH-1-CLM-0002270,none
batch-1-R002331,BATCH-1-CLM-0002271,none
batch-1-R002332,BATCH-1-CLM-0002272,none
batch-1-R002333,BATCH-1-CLM-0002273,none
batch-1-R002334,BATCH-1-CLM-0002274,none
batch-1-R002335,BATCH-1-CLM-0002275,none
batch-1-R002336,BATCH-1-CLM-0002276,none
batch-1-R002337,BATCH-1-CLM-0002277,none
batch-1-R002338,BATCH-1-CLM-0002278,none
batch-1-R002339,BATCH-1-CLM-0002279,none
batch-1-R002340,BATCH-1-CLM-0002280,none
batch-1-R002341,BATCH-1-CLM-0002281,none
batch-1-R002342,BATCH-1-CLM-0002282,none
batch-1-R002343,BATCH-1-CLM-0002283,none
batch-1-R002344,BATCH-1-CLM-0002284,none
batch-1-R002345,BATCH-1-CLM-0002285,none
batch-1-R002346,BATCH-1-CLM-0002286,none
batch-1-R002347,BATCH-1-CLM-0002287,none
batch-1-R002348,BATCH-1-CLM-0002288,none
batch-1-R002349,BATCH-1-CLM-0002289,none
batch-1-R002350,BATCH-1-CLM-0002290,none
batch-1-R002351,BATCH-1-CLM-0002291,none
batch-1-R002352,BATCH-1-CLM-0002292,none
batch-1-R002353,BATCH-1-CLM-0002293,none
batch-1-R002354,BATCH-1-CLM-0002294,none
batch-1-R002355,BATCH-1-CLM-0002295,none
batch-1-R002356,BATCH-1-CLM-0002296,none
batch-1-R002357,BATCH-1-CLM-0002297,none
batch-1-R002358,BATCH-1-CLM-0002298,none
batch-1-R002359,BATCH-1-CLM-0002299,none
batch-1-R002360,BATCH-1-CLM-0002300,none
batch-1-R002361,BATCH-1-CLM-0002301,amount_spike
batch-1-R002362,BATCH-1-CLM-0002302,distribution_shift
batch-1-R002363,BATCH-1-CLM-0002303,distribution_shift
batch-1-R002364,BATCH-1-CLM-0002304,distribution_shift
batch-1-R002365,BATCH-1-CLM-0002305,amount_spike
batch-1-R002366,BATCH-1-CLM-0002306,amount_spike
batch-1-R002367,BATCH-1-CLM-0002307,amount_spike
batch-1-R002368,BATCH-1-CLM-0002308,distribution_shift
batch-1-R002369,BATCH-1-CLM-0002309,distribution_shift
batch-1-R002370,BATCH-1-CLM-0002310,distribution_shift
batch-1-R002371,BATCH-1-CLM-0002311,amount_spike
batch-1-R002372,BATCH-1-CLM-0002312,distribution_shift
batch-1-R002373,BATCH-1-CLM-0002313,distribution_shift
batch-1-R002374,BATCH-1-CLM-0002314,distribution_shift
batch-1-R002375,BATCH-1-CLM-0002315,distribution_shift
batch-1-R002376,BATCH-1-CLM-0002316,distribution_shift
batch-1-R002377,BATCH-1-CLM-0002317,amount_spike
batch-1-R002378,BATCH-1-CLM-0002318,amount_spike
batch-1-R002379,BATCH-1-CLM-0002319,amount_spike
batch-1-R002380,BATCH-1-CLM-0002320,distribution_shift
batch-1-R002381,BATCH-1-CLM-0002321,amount_spike
batch-1-R002382,BATCH-1-CLM-0002322,amount_spike
batch-1-R002383,BATCH-1-CLM-0002323,none
batch-1-R002384,BATCH-1-CLM-0002324,distribution_shift
batch-1-R002385,BATCH-1-CLM-0002325,distribution_shift
batch-1-R002386,BATCH-1-CLM-0002326,amount_spike
batch-1-R002387,BATCH-1-CLM-0002327,none
batch-1-R002388,BATCH-1-CLM-0002328,none
batch-1-R002389,BATCH-1-CLM-0002329,distribution_shift
batch-1-R002390,BATCH-1-CLM-0002330,distribution_shift
batch-1-R002391,BATCH-1-CLM-0002331,distribution_shift
batch-1-R002392,BATCH-1-CLM-0002332,distribution_shift
batch-1-R002393,BATCH-1-CLM-0002333,distribution_shift
batch-1-R002394,BATCH-1-CLM-0002334,distribution_shift
batch-1-R002395,BATCH-1-CLM-0002335,distribution_shift
batch-1-R002396,BATCH-1-CLM-0002336,none
batch-1-R002397,BATCH-1-CLM-0002337,distribution_shift
batch-1-R002398,BATCH-1-CLM-0002338,amount_spike
batch-1-R002399,BATCH-1-CLM-0002339,none
batch-1-R002400,BATCH-1-CLM-0002340,amount_spike
batch-1-R002401,BATCH-1-CLM-0002341,distribution_shift
batch-1-R002402,BATCH-1-CLM-0002342,amount_spike
batch-1-R002403,BATCH-1-CLM-0002343,amount_spike
batch-1-R002404,BATCH-1-CLM-0002344,none
batch-1-R002405,BATCH-1-CLM-0002345,none
batch-1-R002406,BATCH-1-CLM-0002346,none
batch-1-R002407,BATCH-1-CLM-0002347,distribution_shift
batch-1-R002408,BATCH-1-CLM-0002348,amount_spike
batch-1-R002409,BATCH-1-CLM-0002349,amount_spike
batch-1-R002410,BATCH-1-CLM-0002350,amount_spike
batch-1-R002411,BATCH-1-CLM-0002351,none
batch-1-R002412,BATCH-1-CLM-0002352,amount_spike
batch-1-R002413,BATCH-1-CLM-0002353,distribution_shift
batch-1-R002414,BATCH-1-CLM-0002354,distribution_shift
batch-1-R002415,BATCH-1-CLM-0002355,distribution_shift
batch-1-R002416,BATCH-1-CLM-0002356,amount_spike
batch-1-R002417,BATCH-1-CLM-0002357,amount_spike
batch-1-R002418,BATCH-1-CLM-0002358,none
batch-1-R002419,BATCH-1-CLM-0002359,amount_spike
batch-1-R002420,BATCH-1-CLM-0002360,none
batch-1-R002421,BATCH-1-CLM-0002361,amount_spike
batch-1-R002422,BATCH-1-CLM-0002362,amount_spike
batch-1-R002423,BATCH-1-CLM-0002363,distribution_shift
batch-1-R002424,BATCH-1-CLM-0002364,distribution_shift
batch-1-R002425,BATCH-1-CLM-0002365,amount_spike
batch-1-R002426,BATCH-1-CLM-0002366,distribution_shift
batch-1-R002427,BATCH-1-CLM-0002367,none
batch-1-R002428,BATCH-1-CLM-0002368,none
batch-1-R002429,BATCH-1-CLM-0002369,amount_spike
batch-1-R002430,BATCH-1-CLM-0002370,none
batch-1-R002431,BATCH-1-CLM-0002371,distribution_shift
batch-1-R002432,BATCH-1-CLM-0002372,amount_spike
batch-1-R002433,BATCH-1-CLM-0002373,amount_spike
batch-1-R002434,BATCH-1-CLM-0002374,distribution_shift
batch-1-R002435,BATCH-1-CLM-0002375,amount_spike
batch-1-R002436,BATCH-1-CLM-0002376,distribution_shift
batch-1-R002437,BATCH-1-CLM-0002377,distribution_shift
batch-1-R002438,BATCH-1-CLM-0002378,amount_spike
batch-1-R002439,BATCH-1-CLM-0002379,amount_spike
batch-1-R002440,BATCH-1-CLM-0002380,none
batch-1-R002441,BATCH-1-CLM-0002381,distribution_shift
batch-1-R002442,BATCH-1-CLM-0002382,amount_spike
batch-1-R002443,BATCH-1-CLM-0002383,distribution_shift
batch-1-R002444,BATCH-1-CLM-0002384,amount_spike
batch-1-R002445,BATCH-1-CLM-0002385,amount_spike
batch-1-R002446,BATCH-1-CLM-0002386,amount_spike
batch-1-R002447,BATCH-1-CLM-0002387,amount_spike
batch-1-R002448,BATCH-1-CLM-0002388,none
batch-1-R002449,BATCH-1-CLM-0002389,none
batch-1-R002450,BATCH-1-CLM-0002390,none
batch-1-R002451,BATCH-1-CLM-0002391,none
batch-1-R002452,BATCH-1-CLM-0002392,none
batch-1-R002453,BATCH-1-CLM-0002393,none
batch-1-R002454,BATCH-1-CLM-0002394,none
batch-1-R002455,BATCH-1-CLM-0002395,none
batch-1-R002456,BATCH-1-CLM-0002396,none
batch-1-R002457,BATCH-1-CLM-0002397,none
batch-1-R002458,BATCH-1-CLM-0002398,none
batch-1-R002459,BATCH-1-CLM-0002399,none
batch-1-R002460,BATCH-1-CLM-0002400,none
batch-1-R002461,BATCH-1-CLM-0002401,none
batch-1-R002462,BATCH-1-CLM-0002402,none
batch-1-R002463,BATCH-1-CLM-0002403,none
batch-1-R002464,BATCH-1-CLM-0002404,none
batch-1-R002465,BATCH-1-CLM-0002405,none
batch-1-R002466,BATCH-1-CLM-0002406,none
batch-1-R002467,BATCH-1-CLM-0002407,none
batch-1-R002468,BATCH-1-CLM-0002408,none
batch-1-R002469,BATCH-1-CLM-0002409,none
batch-1-R002470,BATCH-1-CLM-0002410,none
batch-1-R002471,BATCH-1-CLM-0002411,none
batch-1-R002472,BATCH-1-CLM-0002412,none
batch-1-R002473,BATCH-1-CLM-0002413,none
batch-1-R002474,BATCH-1-CLM-0002414,none
batch-1-R002475,BATCH-1-CLM-0002415,none
batch-1-R002476,BATCH-1-CLM-0002416,none
batch-1-R002477,BATCH-1-CLM-0002417,none
batch-1-R002478,BATCH-1-CLM-0002418,none
batch-1-R002479,BATCH-1-CLM-0002419,none
batch-1-R002480,BATCH-1-CLM-0002420,none
batch-1-R002481,BATCH-1-CLM-0002421,none
batch-1-R002482,BATCH-1-CLM-0002422,none
batch-1-R002483,BATCH-1-CLM-0002423,none
batch-1-R002484,BATCH-1-CLM-0002424,none
batch-1-R002485,BATCH-1-CLM-0002425,none
batch-1-R002486,BATCH-1-CLM-0002426,none
batch-1-R002487,BATCH-1-CLM-0002427,none
batch-1-R002488,BATCH-1-CLM-0002428,none
batch-1-R002489,BATCH-1-CLM-0002429,none
batch-1-R002490,BATCH-1-CLM-0002430,none
batch-1-R002491,BATCH-1-CLM-0002431,none
batch-1-R002492,BATCH-1-CLM-0002432,none
batch-1-R002493,BATCH-1-CLM-0002433,none
batch-1-R002494,BATCH-1-CLM-0002434,none
batch-1-R002495,BATCH-1-CLM-0002435,none
batch-1-R002496,BATCH-1-CLM-0002436,none
batch-1-R002497,BATCH-1-CLM-0002437,none
batch-1-R002498,BATCH-1-CLM-0002438,none
batch-1-R002499,BATCH-1-CLM-0002439,none
batch-1-R002500,BATCH-1-CLM-0002440,none
batch-1-R002501,BATCH-1-CLM-0002441,none
batch-1-R002502,BATCH-1-CLM-0002442,none
batch-1-R002503,BATCH-1-CLM-0002443,none
batch-1-R002504,BATCH-1-CLM-0002444,none
batch-1-R002505,BATCH-1-CLM-0002445,none
batch-1-R002506,BATCH-1-CLM-0002446,none
batch-1-R002507,BATCH-1-CLM-0002447,none
batch-1-R002508,BATCH-1-CLM-0002448,none
batch-1-R002509,BATCH-1-CLM-0002449,none
batch-1-R002510,BATCH-1-CLM-0002450,none
batch-1-R002511,BATCH-1-CLM-0002451,none
batch-1-R002512,BATCH-1-CLM-0002452,none
batch-1-R002513,BATCH-1-CLM-0002453,none
batch-1-R002514,BATCH-1-CLM-0002454,none
batch-1-R002515,BATCH-1-CLM-0002455,none
batch-1-R002516,BATCH-1-CLM-0002456,none
batch-1-R002517,BATCH-1-CLM-0002457,none
batch-1-R002518,BATCH-1-CLM-0002458,none
batch-1-R002519,BATCH-1-CLM-0002459,none
batch-1-R002520,BATCH-1-CLM-0002460,none
batch-1-R002521,BATCH-1-CLM-0002461,none
batch-1-R002522,BATCH-1-CLM-0002462,none
batch-1-R002523,BATCH-1-CLM-0002463,none
batch-1-R002524,BATCH-1-CLM-0002464,none
batch-1-R002525,BATCH-1-CLM-0002465,none
batch-1-R002526,BATCH-1-CLM-0002466,none
batch-1-R002527,BATCH-1-CLM-0002467,none
batch-1-R002528,BATCH-1-CLM-0002468,none
batch-1-R002529,BATCH-1-CLM-0002469,none
batch-1-R002530,BATCH-1-CLM-0002470,none
batch-1-R002531,BATCH-1-CLM-0002471,none
batch-1-R002532,BATCH-1-CLM-0002472,none
batch-1-R002533,BATCH-1-CLM-0002466,none
batch-1-R002534,BATCH-1-CLM-0002473,none
batch-1-R002535,BATCH-1-CLM-0002474,none
batch-1-R002536,BATCH-1-CLM-0002475,none
batch-1-R002537,BATCH-1-CLM-0002476,none
batch-1-R002538,BATCH-1-CLM-0002477,none
batch-1-R002539,BATCH-1-CLM-0002478,none
batch-1-R002540,BATCH-1-CLM-0002479,none
batch-1-R002541,BATCH-1-CLM-0002480,none
batch-1-R002542,BATCH-1-CLM-0002481,none
batch-1-R002543,BATCH-1-CLM-0002482,none
batch-1-R002544,BATCH-1-CLM-0002483,none
batch-1-R002545,BATCH-1-CLM-0002484,none
batch-1-R002546,BATCH-1-CLM-0002485,none
batch-1-R002547,BATCH-1-CLM-0002486,none
batch-1-R002548,BATCH-1-CLM-0002487,none
batch-1-R002549,BATCH-1-CLM-0002488,none
batch-1-R002550,BATCH-1-CLM-0002489,none
batch-1-R002551,BATCH-1-CLM-0002490,none
batch-1-R002552,BATCH-1-CLM-0002491,none
batch-1-R002553,BATCH-1-CLM-0002492,none
batch-1-R002554,BATCH-1-CLM-0002493,none
batch-1-R002555,BATCH-1-CLM-0002494,none
batch-1-R002556,BATCH-1-CLM-0002495,none
batch-1-R002557,BATCH-1-CLM-0002496,none
batch-1-R002558,BATCH-1-CLM-0002497,none
batch-1-R002559,BATCH-1-CLM-0002498,none
batch-1-R002560,BATCH-1-CLM-0002499,none
batch-1-R002561,BATCH-1-CLM-0002500,none
batch-1-R002562,BATCH-1-CLM-0002501,none
batch-1-R002563,BATCH-1-CLM-0002502,none
batch-1-R002564,BATCH-1-CLM-0002503,none
batch-1-R002565,BATCH-1-CLM-0002504,none
batch-1-R002566,BATCH-1-CLM-0002505,none
batch-1-R002567,BATCH-1-CLM-0002506,none
batch-1-R002568,BATCH-1-CLM-0002507,none
batch-1-R002569,BATCH-1-CLM-0002508,none
batch-1-R002570,BATCH-1-CLM-0002509,none
batch-1-R002571,BATCH-1-CLM-0002510,none
batch-1-R002572,BATCH-1-CLM-0002511,none
batch-1-R002573,BATCH-1-CLM-0002512,none
batch-1-R002574,BATCH-1-CLM-0002513,none
batch-1-R002575,BATCH-1-CLM-0002514,none
batch-1-R002576,BATCH-1-CLM-0002515,none
batch-1-R002577,BATCH-1-CLM-0002516,none
batch-1-R002578,BATCH-1-CLM-0002517,none
batch-1-R002579,BATCH-1-CLM-0002518,none
batch-1-R002580,BATCH-1-CLM-0002519,none
batch-1-R002581,BATCH-1-CLM-0002520,none
batch-1-R002582,BATCH-1-CLM-0002521,none
batch-1-R002583,BATCH-1-CLM-0002522,none
batch-1-R002584,BATCH-1-CLM-0002523,none
batch-1-R002585,BATCH-1-CLM-0002524,none
batch-1-R002586,BATCH-1-CLM-0002525,none
batch-1-R002587,BATCH-1-CLM-0002526,none
batch-1-R002588,BATCH-1-CLM-0002527,none
batch-1-R002589,BATCH-1-CLM-0002528,none
batch-1-R002590,BATCH-1-CLM-0002529,none
batch-1-R002591,BATCH-1-CLM-0002530,none
batch-1-R002592,BATCH-1-CLM-0002531,none
batch-1-R002593,BATCH-1-CLM-0002532,none
batch-1-R002594,BATCH-1-CLM-0002533,none
batch-1-R002595,BATCH-1-CLM-0002534,none
batch-1-R002596,BATCH-1-CLM-0002535,none
batch-1-R002597,BATCH-1-CLM-0002536,none
batch-1-R002598,BATCH-1-CLM-0002537,none
batch-1-R002599,BATCH-1-CLM-0002538,none
batch-1-R002600,BATCH-1-CLM-0002539,none
batch-1-R002601,BATCH-1-CLM-0002540,none
batch-1-R002602,BATCH-1-CLM-0002541,none
batch-1-R002603,BATCH-1-CLM-0002542,none
batch-1-R002604,BATCH-1-CLM-0002543,none
batch-1-R002605,BATCH-1-CLM-0002544,none
batch-1-R002606,BATCH-1-CLM-0002545,none
batch-1-R002607,BATCH-1-CLM-0002546,none
batch-1-R002608,BATCH-1-CLM-0002547,none
batch-1-R002609,BATCH-1-CLM-0002548,none
batch-1-R002610,BATCH-1-CLM-0002549,none
batch-1-R002611,BATCH-1-CLM-0002550,none
batch-1-R002612,BATCH-1-CLM-0002551,none
batch-1-R002613,BATCH-1-CLM-0002552,none
batch-1-R002614,BATCH-1-CLM-0002553,none
batch-1-R002615,BATCH-1-CLM-0002554,none
batch-1-R002616,BATCH-1-CLM-0002555,none
batch-1-R002617,BATCH-1-CLM-0002556,none
batch-1-R002618,BATCH-1-CLM-0002557,none
batch-1-R002619,BATCH-1-CLM-0002558,none
batch-1-R002620,BATCH-1-CLM-0002559,none
batch-1-R002621,BATCH-1-CLM-0002560,none
batch-1-R002622,BATCH-1-CLM-0002561,none
batch-1-R002623,BATCH-1-CLM-0002562,none
batch-1-R002624,BATCH-1-CLM-0002563,none
batch-1-R002625,BATCH-1-CLM-0002564,none
batch-1-R002626,BATCH-1-CLM-0002565,none
batch-1-R002627,BATCH-1-CLM-0002566,none
batch-1-R002628,BATCH-1-CLM-0002567,none
batch-1-R002629,BATCH-1-CLM-0002568,none
batch-1-R002630,BATCH-1-CLM-0002569,none
batch-1-R002631,BATCH-1-CLM-0002570,none
batch-1-R002632,BATCH-1-CLM-0002571,none
batch-1-R002633,BATCH-1-CLM-0002572,none
batch-1-R002634,BATCH-1-CLM-0002573,none
batch-1-R002635,BATCH-1-CLM-0002574,none
batch-1-R002636,BATCH-1-CLM-0002575,none
batch-1-R002637,BATCH-1-CLM-0002576,none
batch-1-R002638,BATCH-1-CLM-0002577,none
batch-1-R002639,BATCH-1-CLM-0002578,none
batch-1-R002640,BATCH-1-CLM-0002579,none
batch-1-R002641,BATCH-1-CLM-0002580,none
batch-1-R002642,BATCH-1-CLM-0002581,none
batch-1-R002643,BATCH-1-CLM-0002582,none
batch-1-R002644,BATCH-1-CLM-0002583,none
batch-1-R002645,BATCH-1-CLM-0002584,none
batch-1-R002646,BATCH-1-CLM-0002585,none
batch-1-R002647,BATCH-1-CLM-0002586,none
batch-1-R002648,BATCH-1-CLM-0002587,none
batch-1-R002649,BATCH-1-CLM-0002588,none
batch-1-R002650,BATCH-1-CLM-0002589,none
batch-1-R002651,BATCH-1-CLM-0002590,none
batch-1-R002652,BATCH-1-CLM-0002591,none
batch-1-R002653,BATCH-1-CLM-0002592,none
batch-1-R002654,BATCH-1-CLM-0002593,none
batch-1-R002655,BATCH-1-CLM-0002594,none
batch-1-R002656,BATCH-1-CLM-0002595,none
batch-1-R002657,BATCH-1-CLM-0002596,none
batch-1-R002658,BATCH-1-CLM-0002597,none
batch-1-R002659,BATCH-1-CLM-0002598,none
batch-1-R002660,BATCH-1-CLM-0002599,none
batch-1-R002661,BATCH-1-CLM-0002600,none
batch-1-R002662,BATCH-1-CLM-0002601,none
batch-1-R002663,BATCH-1-CLM-0002602,none
batch-1-R002664,BATCH-1-CLM-0002603,none
batch-1-R002665,BATCH-1-CLM-0002604,none
batch-1-R002666,BATCH-1-CLM-0002605,none
batch-1-R002667,BATCH-1-CLM-0002606,none
batch-1-R002668,BATCH-1-CLM-0002607,none
batch-1-R002669,BATCH-1-CLM-0002608,none
batch-1-R002670,BATCH-1-CLM-0002609,none
batch-1-R002671,BATCH-1-CLM-0002610,none
batch-1-R002672,BATCH-1-CLM-0002611,none
batch-1-R002673,BATCH-1-CLM-0002612,none
batch-1-R002674,BATCH-1-CLM-0002613,none
batch-1-R002675,BATCH-1-CLM-0002614,none
batch-1-R002676,BATCH-1-CLM-0002615,none
batch-1-R002677,BATCH-1-CLM-0002616,none
batch-1-R002678,BATCH-1-CLM-0002617,none
batch-1-R002679,BATCH-1-CLM-0002618,none
batch-1-R002680,BATCH-1-CLM-0002619,none
batch-1-R002681,BATCH-1-CLM-0002620,none
batch-1-R002682,BATCH-1-CLM-0002621,none
batch-1-R002683,BATCH-1-CLM-0002622,none
batch-1-R002684,BATCH-1-CLM-0002623,none
batch-1-R002685,BATCH-1-CLM-0002624,none
batch-1-R002686,BATCH-1-CLM-0002625,none
batch-1-R002687,BATCH-1-CLM-0002626,none
batch-1-R002688,BATCH-1-CLM-0002627,none
batch-1-R002689,BATCH-1-CLM-0002628,none
batch-1-R002690,BATCH-1-CLM-0002629,none
batch-1-R002691,BATCH-1-CLM-0002630,none
batch-1-R002692,BATCH-1-CLM-0002631,none
batch-1-R002693,BATCH-1-CLM-0002632,none
batch-1-R002694,BATCH-1-CLM-0002633,none
batch-1-R002695,BATCH-1-CLM-0002634,none
batch-1-R002696,BATCH-1-CLM-0002635,none
batch-1-R002697,BATCH-1-CLM-0002636,none
batch-1-R002698,BATCH-1-CLM-0002637,none
batch-1-R002699,BATCH-1-CLM-0002638,none
batch-1-R002700,BATCH-1-CLM-0002639,none
batch-1-R002701,BATCH-1-CLM-0002640,none
batch-1-R002702,BATCH-1-CLM-0002641,none
batch-1-R002703,BATCH-1-CLM-0002642,none
batch-1-R002704,BATCH-1-CLM-0002643,none
batch-1-R002705,BATCH-1-CLM-0002644,none
batch-1-R002706,BATCH-1-CLM-0002645,none
batch-1-R002707,BATCH-1-CLM-0002646,none
batch-1-R002708,BATCH-1-CLM-0002647,none
batch-1-R002709,BATCH-1-CLM-0002648,none
batch-1-R002710,BATCH-1-CLM-0002649,none
batch-1-R002711,BATCH-1-CLM-0002650,none
batch-1-R002712,BATCH-1-CLM-0002651,none
batch-1-R002713,BATCH-1-CLM-0002652,none
batch-1-R002714,BATCH-1-CLM-0002653,none
batch-1-R002715,BATCH-1-CLM-0002654,none
batch-1-R002716,BATCH-1-CLM-0002655,none
batch-1-R002717,BATCH-1-CLM-0002656,none
batch-1-R002718,BATCH-1-CLM-0002657,none
batch-1-R002719,BATCH-1-CLM-0002658,none
batch-1-R002720,BATCH-1-CLM-0002659,none
batch-1-R002721,BATCH-1-CLM-0002660,none
batch-1-R002722,BATCH-1-CLM-0002661,none
batch-1-R002723,BATCH-1-CLM-0002662,none
batch-1-R002724,BATCH-1-CLM-0002663,none
batch-1-R002725,BATCH-1-CLM-0002664,none
batch-1-R002726,BATCH-1-CLM-0002665,none
batch-1-R002727,BATCH-1-CLM-0002666,none
batch-1-R002728,BATCH-1-CLM-0002667,none
batch-1-R002729,BATCH-1-CLM-0002668,none
batch-1-R002730,BATCH-1-CLM-0002669,none
batch-1-R002731,BATCH-1-CLM-0002670,none
batch-1-R002732,BATCH-1-CLM-0002671,none
batch-1-R002733,BATCH-1-CLM-0002672,none
batch-1-R002734,BATCH-1-CLM-0002673,none
batch-1-R002735,BATCH-1-CLM-0002674,none
batch-1-R002736,BATCH-1-CLM-0002675,none
batch-1-R002737,BATCH-1-CLM-0002676,none
batch-1-R002738,BATCH-1-CLM-0002677,none
batch-1-R002739,BATCH-1-CLM-0002678,none
batch-1-R002740,BATCH-1-CLM-0002679,none
batch-1-R002741,BATCH-1-CLM-0002680,none
batch-1-R002742,BATCH-1-CLM-0002681,none
batch-1-R002743,BATCH-1-CLM-0002682,none
batch-1-R002744,BATCH-1-CLM-0002683,none
batch-1-R002745,BATCH-1-CLM-0002684,none
batch-1-R002746,BATCH-1-CLM-0002685,none
batch-1-R002747,BATCH-1-CLM-0002686,none
batch-1-R002748,BATCH-1-CLM-0002687,none
batch-1-R002749,BATCH-1-CLM-0002688,none
batch-1-R002750,BATCH-1-CLM-0002689,none
batch-1-R002751,BATCH-1-CLM-0002690,none
batch-1-R002752,BATCH-1-CLM-0002691,none
batch-1-R002753,BATCH-1-CLM-0002692,none
batch-1-R002754,BATCH-1-CLM-0002693,none
batch-1-R002755,BATCH-1-CLM-0002694,none
batch-1-R002756,BATCH-1-CLM-0002695,none
batch-1-R002757,BATCH-1-CLM-0002696,none
batch-1-R002758,BATCH-1-CLM-0002697,none
batch-1-R002759,BATCH-1-CLM-0002698,none
batch-1-R002760,BATCH-1-CLM-0002699,none
batch-1-R002761,BATCH-1-CLM-0002700,none
batch-1-R002762,BATCH-1-CLM-0002701,none
batch-1-R002763,BATCH-1-CLM-0002702,none
batch-1-R002764,BATCH-1-CLM-0002703,none
batch-1-R002765,BATCH-1-CLM-0002704,none
batch-1-R002766,BATCH-1-CLM-0002705,none
batch-1-R002767,BATCH-1-CLM-0002706,none
batch-1-R002768,BATCH-1-CLM-0002707,none
batch-1-R002769,BATCH-1-CLM-0002708,none
batch-1-R002770,BATCH-1-CLM-0002709,none
batch-1-R002771,BATCH-1-CLM-0002710,none
batch-1-R002772,BATCH-1-CLM-0002711,none
batch-1-R002773,BATCH-1-CLM-0002712,none
batch-1-R002774,BATCH-1-CLM-0002713,none
batch-1-R002775,BATCH-1-CLM-0002714,none
batch-1-R002776,BATCH-1-CLM-0002715,none
batch-1-R002777,BATCH-1-CLM-0002716,none
batch-1-R002778,BATCH-1-CLM-0002717,none
batch-1-R002779,BATCH-1-CLM-0002718,none
batch-1-R002780,BATCH-1-CLM-0002719,none
batch-1-R002781,BATCH-1-CLM-0002720,none
batch-1-R002782,BATCH-1-CLM-0002721,none
batch-1-R002783,BATCH-1-CLM-0002722,none
batch-1-R002784,BATCH-1-CLM-0002723,none
batch-1-R002785,BATCH-1-CLM-0002724,none
batch-1-R002786,BATCH-1-CLM-0002725,none
batch-1-R002787,BATCH-1-CLM-0002726,none
batch-1-R002788,BATCH-1-CLM-0002727,none
batch-1-R002789,BATCH-1-CLM-0002728,none
batch-1-R002790,BATCH-1-CLM-0002729,none
batch-1-R002791,BATCH-1-CLM-0002730,none
batch-1-R002792,BATCH-1-CLM-0002731,none
batch-1-R002793,BATCH-1-CLM-0002732,none
batch-1-R002794,BATCH-1-CLM-0002733,none
batch-1-R002795,BATCH-1-CLM-0002734,none
batch-1-R002796,BATCH-1-CLM-0002735,none
batch-1-R002797,BATCH-1-CLM-0002736,none
batch-1-R002798,BATCH-1-CLM-0002737,none
batch-1-R002799,BATCH-1-CLM-0002738,none
batch-1-R002800,BATCH-1-CLM-0002739,none
batch-1-R002801,BATCH-1-CLM-0002740,none
batch-1-R002802,BATCH-1-CLM-0002741,none
batch-1-R002803,BATCH-1-CLM-0002742,none
batch-1-R002804,BATCH-1-CLM-0002743,none
batch-1-R002805,BATCH-1-CLM-0002744,none
batch-1-R002806,BATCH-1-CLM-0002745,none
batch-1-R002807,BATCH-1-CLM-0002746,none
batch-1-R002808,BATCH-1-CLM-0002747,none
batch-1-R002809,BATCH-1-CLM-0002748,none
batch-1-R002810,BATCH-1-CLM-0002749,none
batch-1-R002811,BATCH-1-CLM-0002750,none
batch-1-R002812,BATCH-1-CLM-0002751,none
batch-1-R002813,BATCH-1-CLM-0002752,none
batch-1-R002814,BATCH-1-CLM-0002753,none
batch-1-R002815,BATCH-1-CLM-0002754,none
batch-1-R002816,BATCH-1-CLM-0002755,none
batch-1-R002817,BATCH-1-CLM-0002756,none
batch-1-R002818,BATCH-1-CLM-0002757,none
batch-1-R002819,BATCH-1-CLM-0002758,none
batch-1-R002820,BATCH-1-CLM-0002759,none
batch-1-R002821,BATCH-1-CLM-0002760,none
batch-1-R002822,BATCH-1-CLM-0002761,none
batch-1-R002823,BATCH-1-CLM-0002762,none
batch-1-R002824,BATCH-1-CLM-0002763,none
batch-1-R002825,BATCH-1-CLM-0002764,none
batch-1-R002826,BATCH-1-CLM-0002765,none
batch-1-R002827,BATCH-1-CLM-0002766,none
batch-1-R002828,BATCH-1-CLM-0002767,none
batch-1-R002829,BATCH-1-CLM-0002768,none
batch-1-R002830,BATCH-1-CLM-0002769,none
batch-1-R002831,BATCH-1-CLM-0002770,none
batch-1-R002832,BATCH-1-CLM-0002771,none
batch-1-R002833,BATCH-1-CLM-0002772,none
batch-1-R002834,BATCH-1-CLM-0002773,none
batch-1-R002835,BATCH-1-CLM-0002774,none
batch-1-R002836,BATCH-1-CLM-0002775,none
batch-1-R002837,BATCH-1-CLM-0002776,none
batch-1-R002838,BATCH-1-CLM-0002777,none
batch-1-R002839,BATCH-1-CLM-0002778,none
batch-1-R002840,BATCH-1-CLM-0002779,none
batch-1-R002841,BATCH-1-CLM-0002780,none
batch-1-R002842,BATCH-1-CLM-0002781,none
batch-1-R002843,BATCH-1-CLM-0002782,none
batch-1-R002844,BATCH-1-CLM-0002783,none
batch-1-R002845,BATCH-1-CLM-0002784,none
batch-1-R002846,BATCH-1-CLM-0002785,none
batch-1-R002847,BATCH-1-CLM-0002786,none
batch-1-R002848,BATCH-1-CLM-0002787,none
batch-1-R002849,BATCH-1-CLM-0002788,none
batch-1-R002850,BATCH-1-CLM-0002789,none
batch-1-R002851,BATCH-1-CLM-0002790,none
batch-1-R002852,BATCH-1-CLM-0002791,none
batch-1-R002853,BATCH-1-CLM-0002792,none
batch-1-R002854,BATCH-1-CLM-0002793,none
batch-1-R002855,BATCH-1-CLM-0002794,none
batch-1-R002856,BATCH-1-CLM-0002795,none
batch-1-R002857,BATCH-1-CLM-0002796,none
batch-1-R002858,BATCH-1-CLM-0002797,none
batch-1-R002859,BATCH-1-CLM-0002798,none
batch-1-R002860,BATCH-1-CLM-0002799,none
batch-1-R002861,BATCH-1-CLM-0002800,none
batch-1-R002862,BATCH-1-CLM-0002801,none
batch-1-R002863,BATCH-1-CLM-0002802,none
batch-1-R002864,BATCH-1-CLM-0002803,none
batch-1-R002865,BATCH-1-CLM-0002804,none
batch-1-R002866,BATCH-1-CLM-0002805,none
batch-1-R002867,BATCH-1-CLM-0002806,none
batch-1-R002868,BATCH-1-CLM-0002807,none
batch-1-R002869,BATCH-1-CLM-0002808,none
batch-1-R002870,BATCH-1-CLM-0002809,none
batch-1-R002871,BATCH-1-CLM-0002810,none
batch-1-R002872,BATCH-1-CLM-0002811,none
batch-1-R002873,BATCH-1-CLM-0002812,none
batch-1-R002874,BATCH-1-CLM-0002813,none
batch-1-R002875,BATCH-1-CLM-0002814,none
batch-1-R002876,BATCH-1-CLM-0002815,none
batch-1-R002877,BATCH-1-CLM-0002816,none
batch-1-R002878,BATCH-1-CLM-0002817,none
batch-1-R002879,BATCH-1-CLM-0002818,none
batch-1-R002880,BATCH-1-CLM-0002819,none
batch-1-R002881,BATCH-1-CLM-0002820,none
batch-1-R002882,BATCH-1-CLM-0002821,none
batch-1-R002883,BATCH-1-CLM-0002822,none
batch-1-R002884,BATCH-1-CLM-0002823,none
batch-1-R002885,BATCH-1-CLM-0002824,none
batch-1-R002886,BATCH-1-CLM-0002825,none
batch-1-R002887,BATCH-1-CLM-0002826,none
batch-1-R002888,BATCH-1-CLM-0002827,none
batch-1-R002889,BATCH-1-CLM-0002828,none
batch-1-R002890,BATCH-1-CLM-0002829,none
batch-1-R002891,BATCH-1-CLM-0002830,none
batch-1-R002892,BATCH-1-CLM-0002831,none
batch-1-R002893,BATCH-1-CLM-0002832,none
batch-1-R002894,BATCH-1-CLM-0002833,none
batch-1-R002895,BATCH-1-CLM-0002834,none
batch-1-R002896,BATCH-1-CLM-0002835,none
batch-1-R002897,BATCH-1-CLM-0002836,none
batch-1-R002898,BATCH-1-CLM-0002837,none
batch-1-R002899,BATCH-1-CLM-0002838,none
batch-1-R002900,BATCH-1-CLM-0002839,none
batch-1-R002901,BATCH-1-CLM-0002840,none
batch-1-R002902,BATCH-1-CLM-0002841,none
batch-1-R002903,BATCH-1-CLM-0002842,none
batch-1-R002904,BATCH-1-CLM-0002843,none
batch-1-R002905,BATCH-1-CLM-0002844,none
batch-1-R002906,BATCH-1-CLM-0002845,none
batch-1-R002907,BATCH-1-CLM-0002846,none
batch-1-R002908,BATCH-1-CLM-0002847,none
batch-1-R002909,BATCH-1-CLM-0002848,none
batch-1-R002910,BATCH-1-CLM-0002849,none
batch-1-R002911,BATCH-1-CLM-0002850,none
batch-1-R002912,BATCH-1-CLM-0002851,none
batch-1-R002913,BATCH-1-CLM-0002852,none
batch-1-R002914,BATCH-1-CLM-0002853,none
batch-1-R002915,BATCH-1-CLM-0002854,none
batch-1-R002916,BATCH-1-CLM-0002855,none
batch-1-R002917,BATCH-1-CLM-0002856,none
batch-1-R002918,BATCH-1-CLM-0002857,none
batch-1-R002919,BATCH-1-CLM-0002858,none
batch-1-R002920,BATCH-1-CLM-0002859,none
batch-1-R002921,BATCH-1-CLM-0002860,none
batch-1-R002922,BATCH-1-CLM-0002861,none
batch-1-R002923,BATCH-1-CLM-0002862,none
batch-1-R002924,BATCH-1-CLM-0002863,none
batch-1-R002925,BATCH-1-CLM-0002864,none
batch-1-R002926,BATCH-1-CLM-0002865,none
batch-1-R002927,BATCH-1-CLM-0002866,none
batch-1-R002928,BATCH-1-CLM-0002867,none
batch-1-R002929,BATCH-1-CLM-0002868,none
batch-1-R002930,BATCH-1-CLM-0002869,none
batch-1-R002931,BATCH-1-CLM-0002870,none
batch-1-R002932,BATCH-1-CLM-0002871,none
batch-1-R002933,BATCH-1-CLM-0002872,none
batch-1-R002934,BATCH-1-CLM-0002873,none
batch-1-R002935,BATCH-1-CLM-0002874,none
batch-1-R002936,BATCH-1-CLM-0002875,none
batch-1-R002937,BATCH-1-CLM-0002876,none
batch-1-R002938,BATCH-1-CLM-0002877,none
batch-1-R002939,BATCH-1-CLM-0002878,none
batch-1-R002940,BATCH-1-CLM-0002879,none
batch-1-R002941,BATCH-1-CLM-0002880,none
batch-1-R002942,BATCH-1-CLM-0002881,none
batch-1-R002943,BATCH-1-CLM-0002882,none
batch-1-R002944,BATCH-1-CLM-0002883,none
batch-1-R002945,BATCH-1-CLM-0002884,none
batch-1-R002946,BATCH-1-CLM-0002885,none
batch-1-R002947,BATCH-1-CLM-0002886,none
batch-1-R002948,BATCH-1-CLM-0002887,none
batch-1-R002949,BATCH-1-CLM-0002888,none
batch-1-R002950,BATCH-1-CLM-0002889,none
batch-1-R002951,BATCH-1-CLM-0002890,none
batch-1-R002952,BATCH-1-CLM-0002891,none
batch-1-R002953,BATCH-1-CLM-0002892,none
batch-1-R002954,BATCH-1-CLM-0002893,none
batch-1-R002955,BATCH-1-CLM-0002894,none
batch-1-R002956,BATCH-1-CLM-0002895,none
batch-1-R002957,BATCH-1-CLM-0002896,none
batch-1-R002958,BATCH-1-CLM-0002897,none
batch-1-R002959,BATCH-1-CLM-0002898,none
batch-1-R002960,BATCH-1-CLM-0002899,none
batch-1-R002961,BATCH-1-CLM-0002900,none
batch-1-R002962,BATCH-1-CLM-0002901,none
batch-1-R002963,BATCH-1-CLM-0002902,none
batch-1-R002964,BATCH-1-CLM-0002903,none
batch-1-R002965,BATCH-1-CLM-0002904,none
batch-1-R002966,BATCH-1-CLM-0002905,none
batch-1-R002967,BATCH-1-CLM-0002906,none
batch-1-R002968,BATCH-1-CLM-0002907,none
batch-1-R002969,BATCH-1-CLM-0002908,none
batch-1-R002970,BATCH-1-CLM-0002909,none
batch-1-R002971,BATCH-1-CLM-0002910,none
batch-1-R002972,BATCH-1-CLM-0002911,none
batch-1-R002973,BATCH-1-CLM-0002912,none
batch-1-R002974,BATCH-1-CLM-0002913,none
batch-1-R002975,BATCH-1-CLM-0002914,none
batch-1-R002976,BATCH-1-CLM-0002915,none
batch-1-R002977,BATCH-1-CLM-0002916,none
batch-1-R002978,BATCH-1-CLM-0002917,none
batch-1-R002979,BATCH-1-CLM-0002918,none
batch-1-R002980,BATCH-1-CLM-0002919,none
batch-1-R002981,BATCH-1-CLM-0002920,none
batch-1-R002982,BATCH-1-CLM-0002921,none
batch-1-R002983,BATCH-1-CLM-0002922,none
batch-1-R002984,BATCH-1-CLM-0002923,none
batch-1-R002985,BATCH-1-CLM-0002924,none
batch-1-R002986,BATCH-1-CLM-0002925,none
batch-1-R002987,BATCH-1-CLM-0002926,none
batch-1-R002988,BATCH-1-CLM-0002927,none
batch-1-R002989,BATCH-1-CLM-0002928,none
batch-1-R002990,BATCH-1-CLM-0002929,none
batch-1-R002991,BATCH-1-CLM-0002930,none
batch-1-R002992,BATCH-1-CLM-0002931,none
batch-1-R002993,BATCH-1-CLM-0002932,none
batch-1-R002994,BATCH-1-CLM-0002933,none
batch-1-R002995,BATCH-1-CLM-0002934,none
batch-1-R002996,BATCH-1-CLM-0002935,none
batch-1-R002997,BATCH-1-CLM-0002936,none
batch-1-R002998,BATCH-1-CLM-0002937,none
batch-1-R002999,BATCH-1-CLM-0002938,none
batch-1-R003000,BATCH-1-CLM-0002939,none
batch-1-R003001,BATCH-1-CLM-0002940,none
batch-1-R003002,BATCH-1-CLM-0002941,none
batch-1-R003003,BATCH-1-CLM-0002942,none
batch-1-R003004,BATCH-1-CLM-0002943,none
batch-1-R003005,BATCH-1-CLM-0002944,none
batch-1-R003006,BATCH-1-CLM-0002945,none
batch-1-R003007,BATCH-1-CLM-0002946,none
batch-1-R003008,BATCH-1-CLM-0002947,none
batch-1-R003009,BATCH-1-CLM-0002948,none
batch-1-R003010,BATCH-1-CLM-0002949,none
batch-1-R003011,BATCH-1-CLM-0002950,none
batch-1-R003012,BATCH-1-CLM-0002951,none
batch-1-R003013,BATCH-1-CLM-0002952,none
batch-1-R003014,BATCH-1-CLM-0002953,none
batch-1-R003015,BATCH-1-CLM-0002954,none
batch-1-R003016,BATCH-1-CLM-0002955,none
batch-1-R003017,BATCH-1-CLM-0002956,none
batch-1-R003018,BATCH-1-CLM-0002957,none
batch-1-R003019,BATCH-1-CLM-0002958,none
batch-1-R003020,BATCH-1-CLM-0002959,none
batch-1-R003021,BATCH-1-CLM-0002960,none
batch-1-R003022,BATCH-1-CLM-0002961,none
batch-1-R003023,BATCH-1-CLM-0002962,none
batch-1-R003024,BATCH-1-CLM-0002963,none
batch-1-R003025,BATCH-1-CLM-0002964,none
batch-1-R003026,BATCH-1-CLM-0002965,none
batch-1-R003027,BATCH-1-CLM-0002966,none
batch-1-R003028,BATCH-1-CLM-0002967,none
batch-1-R003029,BATCH-1-CLM-0002968,none
batch-1-R003030,BATCH-1-CLM-0002969,none
batch-1-R003031,BATCH-1-CLM-0002970,none
batch-1-R003032,BATCH-1-CLM-0002971,none
batch-1-R003033,BATCH-1-CLM-0002972,none
batch-1-R003034,BATCH-1-CLM-0002973,none
batch-1-R003035,BATCH-1-CLM-0002974,none
batch-1-R003036,BATCH-1-CLM-0002975,none
batch-1-R003037,BATCH-1-CLM-0002976,none
batch-1-R003038,BATCH-1-CLM-0002977,none
batch-1-R003039,BATCH-1-CLM-0002978,none
batch-1-R003040,BATCH-1-CLM-0002979,none
batch-1-R003041,BATCH-1-CLM-0002980,none
batch-1-R003042,BATCH-1-CLM-0002981,none
batch-1-R003043,BATCH-1-CLM-0002982,none
batch-1-R003044,BATCH-1-CLM-0002983,none
batch-1-R003045,BATCH-1-CLM-0002984,none
batch-1-R003046,BATCH-1-CLM-0002985,none
batch-1-R003047,BATCH-1-CLM-0002986,none
batch-1-R003048,BATCH-1-CLM-0002987,none
batch-1-R003049,BATCH-1-CLM-0002988,none
batch-1-R003050,BATCH-1-CLM-0002989,none
batch-1-R003051,BATCH-1-CLM-0002990,none
batch-1-R003052,BATCH-1-CLM-0002991,none
batch-1-R003053,BATCH-1-CLM-0002992,none
batch-1-R003054,BATCH-1-CLM-0002993,none
batch-1-R003055,BATCH-1-CLM-0002994,none
batch-1-R003056,BATCH-1-CLM-0002995,none
batch-1-R003057,BATCH-1-CLM-0002996,none
batch-1-R003058,BATCH-1-CLM-0002997,none
batch-1-R003059,BATCH-1-CLM-0002998,none
batch-1-R003060,BATCH-1-CLM-0002999,none
